modelElementId,installationStatus
000a07db-7056-4635-bdf8-720dcb5480ce,INSTALLED_ACCURATELY
0029414e-22bb-481b-950c-d1474f6e8d04,INSTALLED_ACCURATELY
002d9756-96af-47aa-8d06-4e489c2ccb7e,INSTALLED_ACCURATELY
0035b44e-2bb8-4859-9c43-f4844c46c74b,NOT_SET
003a5ddb-a41e-42d7-bc86-d090a5637f6b,INSTALLED_ACCURATELY
00612589-8a20-4995-a24b-d628a60ce800,INSTALLED_ACCURATELY
006212c5-bd91-4956-84c3-43171a7b32c1,INSTALLED_ACCURATELY
006a3f98-69cf-412d-b1b3-07f167277cb2,INSTALLED_ACCURATELY
006e57c1-27b1-43b4-9a6e-977a438ac910,INSTALLED_ACCURATELY
0075d12d-1cdf-4eab-8cef-48d6be02d7d4,NO_STATUS_ROW
007f4b9a-b0c3-40f2-8769-4a6c83a51ad3,INSTALLED_ACCURATELY
008acc11-3b00-4e04-9039-a62d8d936d1e,NOT_SET
008c9567-0ee0-4a54-aa5a-d2a7dd0d8558,INSTALLED_ACCURATELY
00ab5023-c9eb-4b93-9c86-38e34ee152d1,INSTALLED_ACCURATELY
00e2ddf3-3923-4141-acdb-ae99da22354c,INSTALLED_ACCURATELY
00f8e73c-7aa1-4587-86d1-d25b240c270a,INSTALLED_ACCURATELY
0171fed6-8cb3-48c8-84ca-07c994e00485,NO_STATUS_ROW
01ac0c21-89be-4c8e-aa11-6b577a07a753,NOT_SET
01cafc6d-b680-4703-b7a9-64010456a23d,NO_STATUS_ROW
01cb9487-c413-485d-a6dc-3a8b235a4325,NO_STATUS_ROW
01e2daf8-b72f-447d-86fb-801e032c0554,NOT_SET
01ecb688-eac1-4e85-bc17-232aa4ae09a1,NOT_SET
022898fa-d67a-4f10-bde8-7bddb2ae44f9,INSTALLED_ACCURATELY
0245e9b9-2b53-45c3-84a6-297beaaf8b47,INSTALLED_ACCURATELY
0248956f-4ecb-4729-b7bc-f5ec3abfe249,NOT_SET
0280bf77-d00b-487f-8ec5-32d05efe62c4,INSTALLED_ACCURATELY
02be4a6c-2ed7-4b59-badb-60ba7646dd5b,INSTALLED_ACCURATELY
02be80eb-f1d6-4d04-8694-ce8e98c6274f,NO_STATUS_ROW
02cba237-65de-4a43-9c22-bf587816fbf5,INSTALLED_ACCURATELY
034a7e1a-0e14-4afe-8573-c6336377f9c2,NOT_SET
035de13f-8169-47a9-bad0-a3eddcb03d9b,NOT_SET
0369f438-1116-46b2-afbd-02853139bda8,INSTALLED_ACCURATELY
036e5771-0e3f-4640-be51-b928b62c2899,NOT_SET
03821156-4cad-446f-befd-3090e57ce0cd,NOT_SET
038ea5e1-3588-49bc-a998-1aac8dc9c5db,NO_STATUS_ROW
03b7c8e2-73b2-4808-9779-eba17618dd2b,NO_STATUS_ROW
03bb7f87-5938-4c5d-9092-80365e08c50d,INSTALLED_ACCURATELY
0406a380-b81c-4156-828f-37bc0a260b46,NOT_SET
0409c01e-3263-43d2-9415-64df48917c63,NO_STATUS_ROW
04230e4c-04df-4db3-84a4-6139db41eb46,INSTALLED_ACCURATELY
04337829-85f2-4886-a707-4860ccf9e945,INSTALLED_ACCURATELY
043f97d6-b369-4e8a-b892-f0b1fbbe089e,NO_STATUS_ROW
044e5f2d-db7a-4fda-aa77-65339cf5f12a,INSTALLED_ACCURATELY
04654ce7-0867-4c44-865a-e5d04c53b193,NO_STATUS_ROW
046a2069-d72a-49cc-a9dd-df8e13e6b85c,NOT_SET
04bbcd77-1d19-48aa-bb3d-4266d0cabeea,INSTALLED_ACCURATELY
04dda5a3-98b1-473d-9c6a-c47a0fd06647,NO_STATUS_ROW
0508539f-1d66-42f3-bcaa-c2bb49cdf833,INSTALLED_ACCURATELY
051f3c2e-f7bc-493c-a378-3c2f1ca320f5,NOT_SET
0548e09f-01ce-4221-a796-e9e4a2e237cb,INSTALLED_ACCURATELY
0553d3ab-26a4-4fb4-a57c-738296146994,NO_STATUS_ROW
056ff7e9-714b-4652-b7d1-e54a46fc9d83,NO_STATUS_ROW
057a8da3-ab64-423b-b559-044a523fc5af,INSTALLED_ACCURATELY
05bb3c06-60ae-4bf8-8f57-a20ca033d712,INSTALLED_ACCURATELY
061da1fd-a99e-4f50-8494-b46a3ee97e42,INSTALLED_ACCURATELY
06215a52-3986-4bf2-bc01-7d19db78ad7c,NO_STATUS_ROW
06311693-c970-41e8-b3a2-0aedab3327cb,INSTALLED_ACCURATELY
064db816-7bda-42a1-a43a-789bc956f7f5,INSTALLED_ACCURATELY
066ca21f-2ece-4a87-b145-2cb9b44fda57,NOT_SET
06725e38-0835-491c-adcc-78b39d7b9c1a,NOT_SET
0683d6ee-cf05-43c0-9ee8-df2780a8c8af,INSTALLED_ACCURATELY
069f3488-0ef7-40d8-8259-585bb1bef77c,INSTALLED_ACCURATELY
06acc3b5-faeb-43d7-ba5a-8242e6f66952,INSTALLED_ACCURATELY
06c04699-11bf-46a8-9162-13003bd714da,NOT_SET
070c5b7e-679e-42cb-bf94-68d015ddea6e,INSTALLED_ACCURATELY
0734ab2c-8598-4846-8dba-9ac955a9f6b7,INSTALLED_ACCURATELY
073517d5-ce26-4c7d-983a-51b51c580c11,INSTALLED_ACCURATELY
076b292f-2b88-4433-b175-dff927bbe8b3,INSTALLED_ACCURATELY
07703a69-a983-4890-8321-b3516d08a518,NOT_SET
07809cc0-b638-4e83-8d5a-8dba3c4be175,INSTALLED_ACCURATELY
078451c3-4db9-4906-a0cf-e8c90f706ece,INSTALLED_ACCURATELY
079512db-9fdf-4942-972d-f9af22f63137,INSTALLED_ACCURATELY
07b77035-99e6-4f7e-bcc9-4f997f44635c,NOT_SET
07d139c1-1926-4c48-b6c6-08fe5b22fde3,INSTALLED_ACCURATELY
0817a370-9c28-4e42-9df6-f5710e3e4ef3,INSTALLED_ACCURATELY
083d5ca8-1428-4d21-926b-1a359fabdc05,INSTALLED_ACCURATELY
08441f9e-54e1-4bf7-a61e-0a3f7ecd067a,NO_STATUS_ROW
084d28a2-1874-474d-8ac6-4facbe38dc8a,NOT_SET
0850eb0d-19ff-43b7-8149-d3dda16d7fc8,NOT_SET
0874638a-1b26-4dd9-a944-ac278c5676bc,INSTALLED_ACCURATELY
08b9e56b-cede-47ad-8f04-30f456fbff62,NOT_SET
08c946f9-d82a-4a9a-9429-068713ea19f8,INSTALLED_ACCURATELY
08d92260-4cc6-46ad-a43b-cb184e325c19,NOT_SET
08ef1961-ef1a-4ee1-bcc4-6584c4662cb4,INSTALLED_ACCURATELY
09177bf8-0f18-473b-b4b2-cb740c725dc7,NOT_SET
092f2568-2068-4f04-90f8-a1148ca71117,NOT_SET
09503636-134b-4ff6-9787-9e7be90cd1ff,NOT_SET
09670b73-b0b2-4144-9736-f00d91e4d096,NOT_SET
0985c7be-b6d1-4b10-910b-17cf28f89922,NOT_SET
099f5b59-d0de-4a2f-babd-7760c9b8eeb1,INSTALLED_ACCURATELY
09ccfd75-38c8-4cfa-8959-bced2457aa9e,INSTALLED_ACCURATELY
09cfe0be-3ef8-4dac-af3e-941440a02a84,NOT_SET
09e54713-ceac-44da-92d3-b5039ac4012c,NOT_SET
0a3b0dc7-1801-4295-b810-234caf1664f2,NOT_SET
0a4cfc1f-ff2f-4360-8c6b-650c9d464c98,INSTALLED_ACCURATELY
0aa0096e-c245-47d4-8aa0-05176532d845,INSTALLED_ACCURATELY
0aa577fb-86ae-48e3-8b2c-40ff93251b95,INSTALLED_ACCURATELY
0ac71d24-c40d-4624-91f0-8a194662fe84,NOT_SET
0afb4f35-f95e-44a5-a779-7d6abd2353fb,INSTALLED_ACCURATELY
0b0b730d-88d8-47e7-9962-b7c076b9fa15,NO_STATUS_ROW
0b26318b-6aa2-4aee-97bf-1ad953e8a758,NOT_SET
0b2d6da3-0aad-416d-914e-0aa3e9db8394,NO_STATUS_ROW
0b663e03-586f-4d07-a8fc-319e10b746c4,NOT_SET
0b799f1f-5f26-4fb7-b614-14386acc59ff,INSTALLED_ACCURATELY
0b87be68-3708-4c70-9d39-d9359e5a94a7,NOT_SET
0b887c11-e3b6-41c9-911b-40ae2ed6ff2c,INSTALLED_ACCURATELY
0b906c40-8b3d-452b-9297-f3f7b19fd5fb,INSTALLED_ACCURATELY
0bcd37be-0f1d-48d8-9ad4-7a70a2ef4029,NO_STATUS_ROW
0bdda474-264f-4c08-b479-08132f8bc54b,NOT_SET
0c05a841-c059-439e-b259-a7d5543a8689,NOT_SET
0cc04e8d-3406-4d60-af75-60d98a7f18ef,NOT_SET
0ce6954f-f809-4451-b482-9989eb335e78,INSTALLED_ACCURATELY
0d29748b-e3e6-477d-a556-459c9a3d13ba,NO_STATUS_ROW
0d6323a2-bc37-423a-873b-21b04670af35,NOT_SET
0d7489c8-6912-4299-99cf-189c0ce6144c,NO_STATUS_ROW
0d880c0a-1ac1-4dbd-8c5a-34c13e653c79,INSTALLED_ACCURATELY
0d995d37-1aa5-4f14-8136-33394e74a739,INSTALLED_ACCURATELY
0dbcda53-2bc1-4d1e-a49f-9bf73b69feaf,INSTALLED_ACCURATELY
0dc01120-8226-4760-80ce-f8bd1e3b0521,INSTALLED_ACCURATELY
0dd2995f-c025-43ef-8fdc-619fe5febade,INSTALLED_ACCURATELY
0dee3700-8d08-4b4f-8cc1-b2001aaa9cc9,NO_STATUS_ROW
0df04a85-d237-481f-b090-d220517dc036,INSTALLED_ACCURATELY
0dfbf98d-f427-4c58-a583-a5a4f484f4ca,NOT_SET
0e114116-fe24-4316-83e0-0134c3131851,INSTALLED_ACCURATELY
0e24163e-e831-4279-8bfa-2859d97b9b05,INSTALLED_ACCURATELY
0ea490b6-861a-414d-a75e-de0ccdc9fc38,NO_STATUS_ROW
0edda4d3-e5f2-4f3c-9e32-cc2d33dc2892,NOT_SET
0ee67bea-1b97-4db4-8a89-d4ac66270464,INSTALLED_ACCURATELY
0ef08eea-8b8c-483f-b0d6-0e7ae346e777,NOT_SET
0efb62cc-429c-420b-8f21-4a634abd7939,NO_STATUS_ROW
0f04ea23-2c63-448d-b5d3-e41bb78b565c,NOT_SET
0f51639e-21dc-448a-91b2-d0486b49094e,NO_STATUS_ROW
0f6d234b-0ef4-4d34-9255-75f7ca34bb86,INSTALLED_ACCURATELY
0f8de77c-cef3-4dbb-8278-0b34b249f0e5,INSTALLED_ACCURATELY
0fa31573-f638-494f-bf59-75175993e7ad,INSTALLED_ACCURATELY
0fafe0c6-2d21-4324-972f-f1f040fb8505,NOT_SET
100f4c41-46d1-4465-a300-1481bc161a86,INSTALLED_ACCURATELY
1024139e-1d56-4fe4-b13f-ff89deea61bf,INSTALLED_ACCURATELY
1030d4f8-4e31-4277-a25b-4e75774c75ed,INSTALLED_ACCURATELY
10357df6-08ac-4534-a851-913fc8e744b0,INSTALLED_ACCURATELY
107289f0-219f-4635-84ff-b827a3266729,INSTALLED_ACCURATELY
108436f3-71a3-40b3-95b9-2ab36c112a08,NO_STATUS_ROW
10a9f138-a761-443f-81dd-6b63d305d8b7,NO_STATUS_ROW
10e76ed1-c2ac-427b-8c22-a4822163ba42,INSTALLED_ACCURATELY
1122e0a2-0f62-4a44-8d3d-acd573f2c615,NOT_SET
112dcb93-13ae-4330-b076-93d29dbe7bb3,NO_STATUS_ROW
113df525-23fb-4980-b76c-2ae8f402ce87,NO_STATUS_ROW
114066c6-37a8-4097-b249-d224742f8feb,NOT_SET
11b19129-879c-487f-a26a-1b637b6d63a3,INSTALLED_ACCURATELY
11d60c44-c690-4b9b-8547-24f90d37a69d,INSTALLED_ACCURATELY
11ec6d8c-524d-422c-beb0-35035062215d,NOT_SET
12014853-d7d1-4dbf-b4b1-bc6a202f3f02,NOT_SET
12035a9b-27d0-4960-acef-3a1e28b208a4,INSTALLED_ACCURATELY
122ccefe-1cf1-4077-8f2e-bcbb7755843a,NO_STATUS_ROW
123149a1-1fb5-4e2b-ab1d-1fb7861f9f34,INSTALLED_ACCURATELY
1236a621-9ab6-42de-81b6-831043be4385,INSTALLED_ACCURATELY
12468488-609a-4bed-b2b2-73f64bc820bc,INSTALLED_ACCURATELY
125f7a9b-6a8f-4039-8bba-6695f8914732,NO_STATUS_ROW
1273d3d4-25f8-408e-823d-7dec5b6524e3,NO_STATUS_ROW
128ec194-ba89-42b0-83b6-6642af160ce7,INSTALLED_ACCURATELY
12b171ce-182f-4fbc-a154-6fe01a026d5c,INSTALLED_ACCURATELY
12b600d8-edf1-411d-9130-6612144fe799,INSTALLED_ACCURATELY
12d8cd72-2fb5-4c94-855e-21374dbf4883,INSTALLED_ACCURATELY
13112c62-df46-473e-8448-01c3a599e081,NO_STATUS_ROW
1318a15e-1371-42ce-b992-c28b23cd2511,INSTALLED_ACCURATELY
131b5aad-8ddc-411d-a0b8-d6e0acadc8f3,INSTALLED_ACCURATELY
131e019e-ccbf-4c29-bdd2-839ad8bb3667,NOT_SET
131f3d3f-15a5-47f5-bd5d-b7aa9b2bb2a5,INSTALLED_ACCURATELY
135c80a8-ae90-45ed-ab1c-604516aa048a,NO_STATUS_ROW
135f7d09-5bb6-4d7e-840b-5668930a1dd5,NOT_SET
13657cdc-c8f8-488c-88ce-36841b92ae0a,INSTALLED_ACCURATELY
136e945e-128f-4450-be93-390ed0bb17be,INSTALLED_ACCURATELY
138beaae-f2a5-4545-86dd-ff3023638bef,NOT_SET
13a77193-bc08-48f4-9f5c-439e448a3b62,NO_STATUS_ROW
13ad1c1e-0c12-40bb-abfe-7526058f61be,INSTALLED_ACCURATELY
140c39f2-6a36-476a-b365-0b545ac91932,INSTALLED_ACCURATELY
1437eaf6-4a3e-42fb-9d3d-6309dda71cbe,NOT_SET
15262422-c34e-49c5-9d5e-31b2e2b13398,INSTALLED_ACCURATELY
15353c74-f3de-4f27-98ff-499dc0a6a99f,NO_STATUS_ROW
159bf5ff-ce06-4bec-a18c-7bfc2583c364,NOT_SET
159cd682-71b0-4995-8102-8060d025a0a8,NOT_SET
159e782b-8da2-4846-91b7-0369048ae981,INSTALLED_ACCURATELY
15a20d86-7302-427f-bccb-bb1dbd5c2090,NO_STATUS_ROW
15c6af98-c4a1-4ccd-90c3-e2dc9423df90,NOT_SET
15ccc319-8657-493f-b175-27812830fa1c,INSTALLED_ACCURATELY
15ce9141-fdc5-4d50-a524-4913e8969445,INSTALLED_ACCURATELY
15daddc3-6352-487a-8790-acb1364230a0,NOT_SET
15fd67ad-3fc7-4d4c-95d3-26259e88d424,NOT_SET
1617ab89-4cc6-47b6-ab88-35a6afbbe318,INSTALLED_ACCURATELY
161fafe5-bc2e-4ca1-8c5f-c92fcbdb4bb7,NO_STATUS_ROW
1622ea48-76bd-44a8-b11f-c1a889cf3c93,INSTALLED_ACCURATELY
167aae80-3fd4-4bfb-9887-02655f26d15b,NOT_SET
1693d919-f6c1-448c-8905-80c2c68562f8,NO_STATUS_ROW
16981942-b3f3-4889-8747-590cf01cb6b6,NO_STATUS_ROW
16b58d39-68d1-4e7a-be93-efa05b172cf4,NOT_SET
16ccf772-9fad-4699-bbc5-adfea342dd7a,NOT_SET
16cdb6a1-28b6-4232-a1b7-f61e6b289407,NOT_SET
16ed61eb-0647-45e5-b865-34c04b0d4d28,INSTALLED_ACCURATELY
16efc45d-9b7d-42b6-8e9f-f39615005b09,NO_STATUS_ROW
16ff7c60-d1bd-4ac1-b748-eb31050b3d43,INSTALLED_ACCURATELY
17076994-c3ff-4fd9-8b41-9d8d9a3e993d,NOT_SET
174aaed4-39bd-445a-88ed-dfc2e3292e6e,NOT_SET
175ec517-3cbf-437f-9c30-3489a0d2de28,INSTALLED_ACCURATELY
17a09351-1ff2-437a-bc92-0d3998ad2a92,NOT_SET
17acf06e-514d-4f35-9fe1-356e7335ef0d,NO_STATUS_ROW
17bc8a32-1233-4524-8e02-b40b43d84021,NOT_SET
17c2bf2a-614b-4425-a7b9-b6f230990c13,NOT_SET
17c6cb45-ddf3-44a2-b1b4-067b5a9781cc,NOT_SET
17fc2eb6-9de2-4dd3-b42e-35fd809c2a48,NOT_SET
187e09f0-f47b-4c0d-9377-fe4fc60daf15,INSTALLED_ACCURATELY
187fe3a6-68bc-443d-99ba-11f55397c3ca,NOT_SET
18ad8814-1bd5-4c12-9d5f-6a6112384626,NOT_SET
18b18c36-8804-45a4-bee9-96847dd87f4b,NOT_SET
18d885d1-9918-4234-bdbd-1b6d3c9504e6,NOT_SET
18fc2a73-d9bc-4fb0-a560-fbd980aa0bb4,INSTALLED_ACCURATELY
192e1ff6-1043-49e8-93a4-35a73ccabcb2,NOT_SET
1932aa4d-9d6c-4799-837b-e2ff9097a68e,INSTALLED_ACCURATELY
19402f21-9659-4bd4-80e7-cc114411882d,INSTALLED_ACCURATELY
19530eb1-3b54-4c48-abde-76f0cd9147f2,NO_STATUS_ROW
196446a8-1d1f-451e-b55e-d197fea66000,INSTALLED_ACCURATELY
19689149-5353-4af4-a696-50dea5eaf43d,INSTALLED_ACCURATELY
199fb0d4-3084-49b1-a32b-c033acbccd8f,INSTALLED_ACCURATELY
19a0d844-3395-4c49-ab15-0266433e4674,NOT_SET
19a26316-e018-4fc4-a6ca-40b0af42ac33,INSTALLED_ACCURATELY
19a5e828-6899-4e8b-b9a6-3ba0409497dd,INSTALLED_ACCURATELY
19b2ae64-c227-4cc5-a972-8cac7b6e84e4,NO_STATUS_ROW
19bd702e-5248-4c10-aedd-7931291a9d78,NOT_SET
19c7e3e6-aab3-4384-bb73-a8e121d6a220,INSTALLED_ACCURATELY
19dc1c27-beb8-498e-9e74-6e5a8b1cdfcd,NO_STATUS_ROW
1a1338d6-1ea1-47f0-8f2b-7070e194a527,NOT_SET
1a1adb03-7aab-477e-aff9-500d01946639,NOT_SET
1a2847fe-d1a8-4053-ae67-67bf076e0d8e,NOT_SET
1a299ea8-4b2d-465b-bb4f-5579f2773602,NOT_SET
1ac6e6c5-41eb-48b4-be0c-3143d5d44563,INSTALLED_ACCURATELY
1adc0abb-e70a-4fe3-b265-85152bb6a765,NOT_SET
1ae2b97e-db65-4cf6-9ab6-50aaac97ffb4,NOT_SET
1af2b4d1-4bc1-45f3-b50b-e7c79e09774a,NOT_SET
1afb2c5c-4a2e-4b22-903b-6030abb94880,INSTALLED_ACCURATELY
1b1fa9fd-54bc-4cb9-94a9-81ca256e8127,NOT_SET
1b3c3370-ead1-4c54-b00b-129482e9a5f8,NOT_SET
1b3d381d-b06f-420f-b5dd-bbb4259d391f,INSTALLED_ACCURATELY
1b93b6f2-a6f1-4661-9816-a929fa8209a3,NO_STATUS_ROW
1b9b3e7a-85e8-4e85-a738-01ad70f5523a,INSTALLED_ACCURATELY
1b9d3946-eb93-4502-beaa-1d780f682799,INSTALLED_ACCURATELY
1ba7f994-2029-403a-92b1-7ac42e83384d,INSTALLED_ACCURATELY
1bc167f3-a74d-48eb-b453-2c6d6edd98ba,INSTALLED_ACCURATELY
1bc3cc12-9088-4ba4-8aa0-ca52c083874a,NOT_SET
1bf18e40-5c38-42b8-acc5-ec8ef75d2921,NO_STATUS_ROW
1c096785-57d9-4c5c-85e1-c4c7d8d3159f,NO_STATUS_ROW
1c218819-37b9-4cf1-ae81-0804f2584810,INSTALLED_ACCURATELY
1c33b0d4-a23e-4d5a-9f07-f435b78ab570,NOT_SET
1cad0fa2-391a-4be9-b8f3-523f2992dce7,NO_STATUS_ROW
1cafe5bb-44d9-4829-938a-07260bf245f6,NOT_SET
1cc469f3-9542-4fe5-95b3-fa8b46e7f3e1,NOT_SET
1ce827e8-e5f7-4510-8b54-d2e01b6fc18f,NO_STATUS_ROW
1cf6f93d-b1e2-46f2-a060-1582f5fd63a6,INSTALLED_ACCURATELY
1cfcc7d6-7405-4420-907e-bc6c5b61dd05,NO_STATUS_ROW
1d0fc1de-fc30-4878-8243-540e487377cb,INSTALLED_ACCURATELY
1d208394-17df-402e-966b-62bb80c02a5c,NOT_SET
1d51da40-b507-4b78-a45c-c4bf7f116c4a,INSTALLED_ACCURATELY
1d8dd863-84e4-4fb3-befc-554b2076efa8,INSTALLED_ACCURATELY
1dc76928-ed6f-4f93-9289-1459538c3bcc,NOT_SET
1df535c7-083e-4998-bb51-3957f889317d,NOT_SET
1e0330aa-b06d-4d5d-b036-4197e91ec711,NO_STATUS_ROW
1e58f4af-abcf-429f-ae9c-d1b3decfa0a5,NOT_SET
1e72cae3-6f1c-4b7b-ae07-a7bccf3b7393,NOT_SET
1e952dfa-bb6a-429f-8a90-c7bc54056d36,NOT_SET
1e9b1010-954d-4567-a776-d547af64288c,INSTALLED_ACCURATELY
1ec22fee-3afe-4202-a204-0e385a2ed940,INSTALLED_ACCURATELY
1ec62f6b-b72c-41c3-89ac-77a63b26fb3f,INSTALLED_ACCURATELY
1ed59d6d-b268-4d03-a7eb-1aa35869b69b,NO_STATUS_ROW
1efce5c8-b6f9-4601-bb4e-e826f71c89a9,NO_STATUS_ROW
1f233edf-e60c-4353-9969-1e68ddb23955,INSTALLED_ACCURATELY
1f37a5c1-8fac-4475-9347-987c5eb7d114,NO_STATUS_ROW
1f4045fb-34b6-4d07-ba5d-127d4a450835,INSTALLED_ACCURATELY
1f40747d-6952-431a-bc3f-53fd96345dea,INSTALLED_ACCURATELY
1f4fd14b-e0b0-4fc3-a90b-18affc337d97,INSTALLED_ACCURATELY
1f531d96-ad16-4acc-9efe-66b5aa666d5a,NO_STATUS_ROW
1f748461-096d-4828-85c7-5c7809e02af6,NOT_SET
1fd52b2c-7646-45af-a9ef-e3b594fe4948,INSTALLED_ACCURATELY
2019c4d7-d67e-4139-b8d8-26d1ba7ea918,INSTALLED_ACCURATELY
20250fe6-5f51-47f5-b4e4-d0b8b51b5f60,INSTALLED_ACCURATELY
202bf2bd-31d2-460c-af0b-3999a8bcdf82,INSTALLED_ACCURATELY
2048a4f2-b260-4a6c-a451-4bfc432a83ff,NOT_SET
20491d41-c103-4c04-b07a-cb200782f998,INSTALLED_ACCURATELY
204b90c8-17ca-425f-94cc-3013377ba260,INSTALLED_ACCURATELY
2085b74d-99a9-4ae8-8e7d-70523034f619,NOT_SET
208eedd7-efe2-4206-8e9f-22fc27dcaaad,INSTALLED_ACCURATELY
20e7248f-bfe6-4e27-8b21-0fb55bf932fb,NOT_SET
21122fba-4249-4477-b7dc-9e3fac383317,INSTALLED_ACCURATELY
2129bd8a-cc50-41b8-bfbc-0489558eb8d0,NOT_SET
215059e5-050b-4c55-a335-8b604a65fc17,INSTALLED_ACCURATELY
2163081c-29f0-40fb-9ae8-fc9467a3dc85,NO_STATUS_ROW
219b3a95-0a4f-4b42-a3f6-2d8c2597ed31,INSTALLED_ACCURATELY
21a825a8-4bcf-41f3-b11e-26b81c7e0c47,NO_STATUS_ROW
21b265ee-87c6-4d55-8f5a-387dfee4c639,NO_STATUS_ROW
21d95062-ef17-4b2b-80db-b85d7a4e1ad6,INSTALLED_ACCURATELY
21fa13a3-c298-4eed-9d69-51548c05de90,NOT_SET
22033684-63a5-4157-a3d3-2cf58e7bce44,INSTALLED_ACCURATELY
2205d09f-cb1e-4496-aba9-19be9dc81f69,NO_STATUS_ROW
22170f6e-d5a3-45dc-b3b7-0d63263e1951,NOT_SET
222f534b-a118-4aa5-9235-9bdded332f34,INSTALLED_ACCURATELY
2237a905-cb7e-4371-86b3-8fb447df3234,INSTALLED_ACCURATELY
224506f8-e416-48b2-a79e-86db8f3836c8,NOT_SET
2251f412-d301-4d45-8683-cd00002a6e38,NO_STATUS_ROW
22632445-4f16-4efa-8133-7586bed05895,NOT_SET
2272ffd0-75b6-4b80-a005-69f8149d154e,NO_STATUS_ROW
22c5763d-195f-4dda-a41a-99ec3afbff3b,INSTALLED_ACCURATELY
22cd0a22-214d-42f6-995e-fed3e41f6ff1,NOT_SET
22f3d840-eb48-47c3-8c92-5e1d5e250309,NO_STATUS_ROW
23203bb4-9f39-4870-8e23-60198d5f5d20,INSTALLED_ACCURATELY
23362398-5674-4958-987f-a4ed10fa7bb8,NOT_SET
234e53e8-ce20-426b-accf-0a850bdacadc,NOT_SET
236433ff-d064-4e86-9a76-af11897460df,INSTALLED_ACCURATELY
23b18f8d-dc10-4863-a892-9cd366e5a21c,INSTALLED_ACCURATELY
23b8d5c0-0c7e-4933-8701-a916e7597994,INSTALLED_ACCURATELY
23c87370-780b-4c9a-9d40-85f44bfcccfa,NOT_SET
23d3867a-134e-4b79-9d8e-99b5da8bab08,NOT_SET
23e4cb6a-f6cc-457d-8f95-1bd54dff087f,INSTALLED_ACCURATELY
2406d3bc-2829-41b5-b998-da4d41909455,INSTALLED_ACCURATELY
240a2e08-aaa0-406e-93fb-2eedb548a94f,INSTALLED_ACCURATELY
2414d817-44e9-4300-b090-00e4cb6a3a12,INSTALLED_ACCURATELY
241a56d7-515a-40e2-ae46-d5de24478b31,NOT_SET
242d4f4b-4d99-420d-bcb6-2a75f8e23f2d,NOT_SET
242eed34-59a0-425b-882d-3a2023122acd,INSTALLED_ACCURATELY
245b8ef9-ed25-4752-a7df-9a658624d343,NO_STATUS_ROW
24835daf-806f-470c-a82a-415e38d62c04,NOT_SET
24cb2c8a-7bc2-4648-95f2-ff43fcb12d8b,INSTALLED_ACCURATELY
24ce7ae3-a4c0-490c-8f63-b68065ef0cc5,NO_STATUS_ROW
24f47c5c-ba52-4b9f-a48d-1ffb7c834d00,INSTALLED_ACCURATELY
2500f155-0774-4891-b005-38f288617f24,INSTALLED_ACCURATELY
251692ba-079b-42be-abf3-9825efd9e23c,NOT_SET
25241e29-e6d9-40db-b6e2-f81f8db06b9a,INSTALLED_ACCURATELY
2540a961-1d42-4fc1-8831-32977a453d6f,NO_STATUS_ROW
25728208-49b3-4c99-8e89-7847f930fd94,NOT_SET
2594e705-35a6-410f-b89e-8c0a9660731f,NO_STATUS_ROW
25b00abd-678e-43c0-bb4e-66ca2d4edf8c,INSTALLED_ACCURATELY
25c06c07-2caa-4ced-a3fc-5626146c0512,NO_STATUS_ROW
25c5598c-5bb7-442e-9379-e71d083bd8dd,NO_STATUS_ROW
25efb577-4525-4d94-bb0d-345ba2c43421,NOT_SET
261b3ed1-88f5-4174-8d2e-c3e94f35daa7,NOT_SET
261dcd73-7810-4ed5-8dc8-b64c45016056,NOT_SET
264fe623-f3ee-44e9-8045-b56dfdff5dc8,NOT_SET
269e6c3a-98e5-4d7a-a3a1-cbd7d4e867bc,INSTALLED_ACCURATELY
26a8474a-00fc-4738-a19e-f83244850d4b,NOT_SET
26b7943e-0be5-44a8-9f89-ee9dd72b637b,NOT_SET
26dfbb97-beba-4785-99e8-46d3f85fb264,INSTALLED_ACCURATELY
2701f151-4fd3-480e-b832-1b47de6f9de2,NOT_SET
271fae52-6f27-40cb-9c92-e7dcc342e26e,INSTALLED_ACCURATELY
2768108c-2029-4f3b-9112-de713d9e7a6a,INSTALLED_ACCURATELY
27b3e59f-4879-436f-bc6d-36b39d47a0fb,INSTALLED_ACCURATELY
27b73a1d-344d-4352-8223-2c4be01b94ff,NOT_SET
27e0df29-94b5-4d27-b716-936a301a683b,NO_STATUS_ROW
280ece5e-4bbd-4e3b-879b-140210d5c2c4,INSTALLED_ACCURATELY
2825630c-71c3-4cf6-ba85-6d9bdf0b676c,INSTALLED_ACCURATELY
282ee6e8-42fe-4ea1-9e83-65b0669b4c5c,INSTALLED_ACCURATELY
28557de2-d777-407d-85da-6a148359a2d8,NO_STATUS_ROW
2877a550-493a-41d9-a1c5-d787d356c8a5,NOT_SET
289435cd-5dd0-4350-99cb-f78e78dfbd99,INSTALLED_ACCURATELY
28ad22c8-eab1-43e1-913a-2a5cc3ad24d3,NOT_SET
28bd49cd-a47a-4ca5-bfca-6220b8fca1f1,NO_STATUS_ROW
28e47af4-e093-4a6e-a7de-84b831d939f9,INSTALLED_ACCURATELY
2904c330-bfd2-4c6e-b2f9-9d9efec15e12,NO_STATUS_ROW
2926fb96-8248-4f69-819d-7bfd176c486f,NOT_SET
2956398e-8a1f-4673-b9bd-6cfb966bb554,NOT_SET
295c6cc1-8c0b-4689-96ce-94cf9f74d99f,NO_STATUS_ROW
296377ae-bc00-45f5-8cc3-0f44204b26e9,NO_STATUS_ROW
29ad6e3a-2ccc-4a32-b1e6-51f4bb7679b3,INSTALLED_ACCURATELY
29c1e446-83cf-4605-b1f3-45058b1b4bbf,INSTALLED_ACCURATELY
29e848f3-32ea-4281-986b-22ff5f25f497,NOT_SET
2a10b626-81d6-4d5d-a5bc-13109ba4e54d,NOT_SET
2a1190dc-c862-42c1-a0d7-d6408ebed9ce,NOT_SET
2a1b5dad-40fb-42bb-8c7f-02e5b64a899b,INSTALLED_ACCURATELY
2a9b34bf-0cd4-4368-bb5f-cedd157db4d1,NOT_SET
2ab27044-9c6c-4fa4-91d8-f0ee9b9d5674,NOT_SET
2ac78ed5-48b7-4ce0-a15e-63fce3f44e0a,INSTALLED_ACCURATELY
2aec771b-6da5-48aa-8cd3-b601d1c5ff97,INSTALLED_ACCURATELY
2af41f52-1f26-4153-8440-56a5b4dd7ad5,INSTALLED_ACCURATELY
2af9d137-e9c4-4971-bdce-72d121542326,INSTALLED_ACCURATELY
2b28e9b9-7ab7-4d4d-9522-c5a2e7dc2e4e,NOT_SET
2b2cd591-ded5-4006-9d92-3db10dc99d48,NOT_SET
2b7fad2c-d31c-43f7-bb24-348dae2a15f8,INSTALLED_ACCURATELY
2bd9c5e2-4381-4c40-be1d-7a41f3b74f1b,INSTALLED_ACCURATELY
2be404be-ad1c-4495-bcc1-bfde136af677,NOT_SET
2c54b28f-e328-4da5-83d0-c2cb9b03bb18,INSTALLED_ACCURATELY
2c59bebd-a7cb-44be-b12d-4f08ba49135d,NOT_SET
2c5c1787-eea9-4c37-8f5b-97ec3156458c,NOT_SET
2c5cf475-60c9-4c3f-be49-b362791eb923,INSTALLED_ACCURATELY
2c61c58f-7432-40ba-849a-022a94eef5cd,NOT_SET
2c9f2415-62c3-4fc3-bf2b-f396e90dc0a7,INSTALLED_ACCURATELY
2c9f459e-66f4-4932-af68-e1abf27be385,NOT_SET
2ca65807-3771-4af7-a323-104201f38067,INSTALLED_ACCURATELY
2cd4e0e6-ed38-4d6f-a1dd-865d6a34cb26,NOT_SET
2cff22e0-f391-4839-8b2a-8482842a8b4e,INSTALLED_ACCURATELY
2d05707c-e1fe-4054-9a05-d9b57b497008,NOT_SET
2d313967-b18d-425b-89ee-c190b9ee4c66,NO_STATUS_ROW
2d3a580f-9874-4439-8535-3476cca9444e,INSTALLED_ACCURATELY
2dab854e-af4c-4d74-aa5b-e4b446a0fc4c,INSTALLED_ACCURATELY
2dc57885-9ea8-4e50-96cc-20785afffda2,NOT_SET
2ded77e7-3b4a-4c87-8383-f7ee919a29ac,INSTALLED_ACCURATELY
2df12485-f7fb-4379-ad24-3e38e7f83eae,NOT_SET
2e23e47d-992e-4196-851a-a8b1902f829c,NOT_SET
2e2511f0-aaf0-4d4e-a69f-247bf74fbd99,NO_STATUS_ROW
2e6861f2-083c-4403-a3b8-e9d901542a25,NOT_SET
2e914aca-f21d-48ac-b650-d2d1285a5eaa,INSTALLED_ACCURATELY
2ea02519-4acd-4dc1-8c61-818cf472fdb4,INSTALLED_ACCURATELY
2ea0e761-7cf0-446b-991d-d3e785c3ca54,NOT_SET
2ec7969c-01f9-4690-a7d1-d1b1b2043f9d,NO_STATUS_ROW
2ed3cfb5-6bc4-446f-9ee2-e7221eb9f304,NO_STATUS_ROW
2eec0bdc-0135-4759-b888-a7889c05c447,NO_STATUS_ROW
2f2e3394-7bbb-4877-b85e-0b16d63b0d24,NOT_SET
2f64dd41-6f1a-4ce1-81fd-402914efbe30,NOT_SET
2f7d5251-6ec4-4b1f-a1a9-938083edba38,INSTALLED_ACCURATELY
2f8710a3-9b13-41a0-8b9a-d5eee50d913f,NO_STATUS_ROW
2f8b10c4-9c42-410f-890b-3ff32b88b7a2,INSTALLED_ACCURATELY
2faee83c-1b08-4d20-8b83-b910ff907c75,NO_STATUS_ROW
2fd7cf08-a207-4c30-8bc2-bef352de654d,NOT_SET
2fe7cc24-186c-4245-83d2-7a0f2aa98afe,NOT_SET
301ecf26-2c77-4bac-b967-9989bec2d09d,NOT_SET
30291894-9148-44ad-a209-59861ef8ca4f,INSTALLED_ACCURATELY
304ba64a-9f7c-4abe-92d5-dc3ce0d9c9af,INSTALLED_ACCURATELY
3063f67a-56ef-4779-9d96-4a1be9d4b616,NOT_SET
3067809e-b313-4c9b-8306-93e82960d1d9,INSTALLED_ACCURATELY
307c17a3-b2cf-42b6-8337-7350d70ef020,NOT_SET
30af1dbe-99b4-4441-aa27-c195488392a7,NO_STATUS_ROW
30e8f7f1-6664-4564-af9b-a69177cdfecc,INSTALLED_ACCURATELY
30f7be7a-ea0d-4459-b9d4-d279b0e594a8,NOT_SET
30ff79a8-c5d8-4bc4-81ea-e38b8049e2b7,NO_STATUS_ROW
3101e584-15ad-4cd5-8c64-35c7afb9137a,NOT_SET
311d6518-5129-40e0-bc2c-fb86e5badaf4,NOT_SET
313734ad-ed48-4c72-ac7f-7b74c222fc6a,INSTALLED_ACCURATELY
31450fe1-cccd-4cce-b784-cf02d55ce811,INSTALLED_ACCURATELY
314c3e08-479e-4e38-9b55-c8fbf96ef235,NOT_SET
315072c2-a79e-40a0-a1cc-0cb197dc1995,NOT_SET
3153d3d4-1b52-4cc2-9c5d-a6107bcf55db,INSTALLED_ACCURATELY
3158949b-6137-480e-8b0e-12f25078bc5a,INSTALLED_ACCURATELY
31870c19-df39-459d-ab91-27dee8c9d4fc,NOT_SET
3198cda1-9a66-4c76-bce5-38d2f165bd80,INSTALLED_ACCURATELY
31d46ce5-2576-40f0-b96f-ffe71ff9b375,NO_STATUS_ROW
320e8f50-2153-423a-9a24-e3f04723adaa,INSTALLED_ACCURATELY
321010d0-0ae2-4807-abbe-b6f3512dd1f5,NO_STATUS_ROW
323993a6-4cb9-4f42-962b-e2ecb5f0ba83,NO_STATUS_ROW
323e499c-f5a1-4e71-ba6e-dc50e4c1e0eb,INSTALLED_ACCURATELY
323ec56f-c152-42f5-906f-e02846da4b5d,NOT_SET
3261ebc4-089f-46f4-91fa-a7682e9f5da3,INSTALLED_ACCURATELY
326e7010-1e0b-4cd2-bcc1-63ff82f23dc2,INSTALLED_ACCURATELY
32aa7f8f-903b-4ee7-83a8-d29b1bd6f0c7,NO_STATUS_ROW
332f36f8-e44e-483f-92be-4fce54869dca,INSTALLED_ACCURATELY
334dba76-f59f-49eb-a8d7-be30e1466763,NOT_SET
337e07f4-4aed-4054-b69f-4e2e4a7a8662,INSTALLED_ACCURATELY
338353fe-bceb-4346-a093-50edddc48e67,NOT_SET
339814da-5be7-4b39-8b67-587c032b4c28,INSTALLED_ACCURATELY
33df8a21-da26-4fce-9351-07f28e10236c,NO_STATUS_ROW
33f47915-4ba8-4bb8-8bb6-11a0301c8abe,INSTALLED_ACCURATELY
34120bdd-b185-4476-aa03-dcdf9173b29b,INSTALLED_ACCURATELY
3412ee54-8f66-4eb1-b6c3-f9b22bd596e7,INSTALLED_ACCURATELY
342080c9-8751-4b18-a61c-a7cb989d2b34,INSTALLED_ACCURATELY
343b3b86-d3c5-488c-a3f2-9e0b0b193b7e,INSTALLED_ACCURATELY
3469a0af-f340-4c82-9a6c-24bbce988bf5,NOT_SET
346e4cef-efc6-45eb-919d-cb3bb96d4970,INSTALLED_ACCURATELY
350acc57-793a-494b-bd1b-1077b51eee47,INSTALLED_ACCURATELY
3511fc33-8674-4b8f-a467-3b53e07e5303,INSTALLED_ACCURATELY
3540b996-38aa-478a-81ad-4e9ec52900c6,INSTALLED_ACCURATELY
356c200c-f603-41bb-81df-05f1e20d3808,INSTALLED_ACCURATELY
35978713-1856-48b6-b47a-1603efa5b1e7,INSTALLED_ACCURATELY
3598e216-303c-41b1-826d-4dc7b9923b9e,INSTALLED_ACCURATELY
35b7bdfa-29d0-445e-bc0e-1c6da2036cc5,NOT_SET
35ec71a4-b535-474c-b2f4-1da9e79cc45a,NOT_SET
3600a40b-b5da-4ac7-a885-397af0be6a09,NO_STATUS_ROW
36383ce1-7d31-4004-a890-41ec4e9314e4,NOT_SET
3642daaa-7ba9-474d-9d52-1ae31dec59b7,INSTALLED_ACCURATELY
36b7eee9-c93c-4ec6-b0a5-35308f8fa98d,NOT_SET
36e087bb-0f5c-42d2-9fff-478afc094449,INSTALLED_ACCURATELY
36e157bb-7724-4b0f-a664-70594b1f4153,NO_STATUS_ROW
36ee7cc7-3fe0-464f-9d07-859e4e086912,NOT_SET
370876b9-709a-4b93-b87c-483c77d2597a,INSTALLED_ACCURATELY
37366ad7-95dd-4273-88cf-0eb5dafe5641,NOT_SET
3743b403-a875-4983-84d2-c7bcb0d8f8d4,INSTALLED_ACCURATELY
377568b9-3b61-41c0-bab6-3ca98fb0438a,NO_STATUS_ROW
37ad997a-6da8-4282-bc33-789b75fdae71,INSTALLED_ACCURATELY
37baf35e-468a-4109-b18b-8edd2fa0ad4d,NO_STATUS_ROW
37c5d465-4d3e-4f59-81ea-b8036074c031,INSTALLED_ACCURATELY
37c842ea-5b88-42a1-af20-8dc1730dcc1a,NOT_SET
37d086a6-9e9c-49f0-b4cf-291de76add7a,NO_STATUS_ROW
37d646e2-1dcd-4425-bc77-bf270bf9900b,NO_STATUS_ROW
382dab23-363b-4df5-90f0-9ce4d0badf40,INSTALLED_ACCURATELY
3839f804-c21e-48d1-95ed-c76f5a8c26da,NOT_SET
3866c081-e7a4-41b6-9e3d-70ef53905faa,NO_STATUS_ROW
387c4562-dd9d-4f36-bf6a-5af335e68f40,INSTALLED_ACCURATELY
3892b67c-3ce9-4251-a70e-2ef14021243a,INSTALLED_ACCURATELY
38fd74c7-4907-4807-855b-9ccd9be3cdaa,NOT_SET
390362ec-14b2-4e0e-bf1a-e800660f1ce6,INSTALLED_ACCURATELY
39275acd-ce59-4329-986d-64bbc8664652,INSTALLED_ACCURATELY
39589833-28a9-49a2-ae94-7dc2ba88da5a,INSTALLED_ACCURATELY
395ce43b-7f3f-49b9-9ae3-c68f01543190,INSTALLED_ACCURATELY
3970d4b4-4330-4d91-9178-58bf712b30a9,NO_STATUS_ROW
39d10802-f0e3-4d13-a8cd-344fccd4691b,INSTALLED_ACCURATELY
39f7cb98-7f55-4801-9c30-fb6ddaf42ae8,NO_STATUS_ROW
39fdd9ce-dbde-4278-97cd-40c8d1bbe53e,NO_STATUS_ROW
3a23ad9a-e783-467f-820f-e4ca97e38a3e,NOT_SET
3a59508a-6f1d-4190-bcda-ac713165664b,INSTALLED_ACCURATELY
3a82db8c-c111-4868-bd02-b2c88c4ef2b0,INSTALLED_ACCURATELY
3a9a0d8d-9809-4592-aac5-991c61c54684,NO_STATUS_ROW
3ad5b95e-0245-4be0-ab06-c4607bdba0f9,INSTALLED_ACCURATELY
3ae680f4-37c0-416c-a425-8f31cb2d6aab,INSTALLED_ACCURATELY
3b02deee-15d1-41ce-a053-a9b384d74f52,NO_STATUS_ROW
3b0abcca-fd6b-47dd-8aa3-16e9ff1585a5,INSTALLED_ACCURATELY
3b199a14-774e-47bf-bc1e-1a4fdd714336,NOT_SET
3b43f91e-6d87-4541-8667-acc73b525942,NOT_SET
3b45e7df-1c2f-45e3-8438-49b09b6e4bdc,INSTALLED_ACCURATELY
3b6b7708-7c0f-48ad-85f3-5d61dabb8c11,NO_STATUS_ROW
3b7f990f-a6c8-4964-8d2f-a6f576b2fa01,INSTALLED_ACCURATELY
3ba03073-0c06-412b-a6b7-dbdebbda60c1,INSTALLED_ACCURATELY
3ba1b5e8-9413-4b80-8c59-b8f289c1d946,INSTALLED_ACCURATELY
3bba3712-a143-40af-b8da-825e258957f9,NOT_SET
3bd21551-f937-43ad-8866-fe466e274630,INSTALLED_ACCURATELY
3bd6d7dd-d937-40b3-b203-dcb1a9b79c19,NO_STATUS_ROW
3befea61-0c6e-42eb-a0d5-00da9351cfe2,NO_STATUS_ROW
3c0fac8f-b911-4314-abd5-b010660395b0,INSTALLED_ACCURATELY
3c230902-d395-4e11-b274-4951914a1d0b,NO_STATUS_ROW
3c52eb50-eba0-4445-85f7-30acba26e08e,NOT_SET
3cdcace3-0981-4dce-81aa-b82360443586,INSTALLED_ACCURATELY
3cdfb120-ac90-4081-9420-af147680aebf,INSTALLED_ACCURATELY
3ce97217-d68a-4754-8d37-bca8e9e50245,NO_STATUS_ROW
3d074780-3698-4c24-a729-cea95526e01b,INSTALLED_ACCURATELY
3d2b9710-97f5-4bdf-be95-954454ae4e33,NOT_SET
3d5651e5-6c95-4fd5-b86d-619e0acd7073,INSTALLED_ACCURATELY
3d593c0f-d39c-4224-87b4-68e9ada0c310,NOT_SET
3d5fc995-2887-49a9-8d67-90708b876c1b,NO_STATUS_ROW
3d649172-a532-4fed-b4b3-bae2dc2cf64c,INSTALLED_ACCURATELY
3dbb41ff-90f7-4e41-89dc-08831550fa65,NO_STATUS_ROW
3dbb9075-6285-4506-8025-e5ca5ee02c66,INSTALLED_ACCURATELY
3dff71a9-a1ce-45a3-9f5f-ee53458b03aa,NOT_SET
3e085972-d82b-4800-92a1-586e7f2f5149,NOT_SET
3e244f2f-8dd1-41f9-a70c-790209ca0c82,NO_STATUS_ROW
3e663c9c-8405-43ed-b61b-8639a8ba2573,INSTALLED_ACCURATELY
3e8949ea-3485-44a6-80a0-a22350befe4b,NOT_SET
3ebc415d-f04e-402e-8c79-688755b11712,INSTALLED_ACCURATELY
3ee4544f-56a9-4e2f-bfb5-86ef93cc38d3,NOT_SET
3efe77de-d8ba-4179-a12a-c59b24830f67,NOT_SET
3f2cd096-5150-4507-9924-a16c0ae53acb,INSTALLED_ACCURATELY
3f42234f-6ac0-44a9-907e-f7a12ccba9ed,INSTALLED_ACCURATELY
3f4ded9e-ae9d-471e-b7a6-b1737f0e1539,INSTALLED_ACCURATELY
3f80e991-bd48-44f9-a61c-b71cd7cdce0e,INSTALLED_ACCURATELY
3fa08ba5-dba3-420c-9f1c-9a2548b81ac0,INSTALLED_ACCURATELY
3fca3a83-8c56-4b12-b458-fdd313b2a5ac,NOT_SET
3fd0f33c-e427-4f9b-b212-5f2d0baf2f25,INSTALLED_ACCURATELY
3ff2d1f0-b712-402c-82b9-2b945992374b,INSTALLED_ACCURATELY
4000edb8-21cb-4476-ac7b-996837968e8e,NO_STATUS_ROW
4003bbbd-542b-4d46-9c38-9446eb159ca4,NOT_SET
400d8beb-6308-468f-ac57-768d03f68f1a,NO_STATUS_ROW
402c14bb-d06b-43c7-89b9-076bdbb40075,INSTALLED_ACCURATELY
402c92e0-7b7a-4d48-acc8-a63eb5a6da52,NO_STATUS_ROW
4054ed4d-9f36-4cc0-a246-7a718b1655da,INSTALLED_ACCURATELY
4064ee73-fbd1-4155-a57e-d909e822d4e9,NOT_SET
408ae47a-9cb7-4546-bf57-370e57e0bde5,INSTALLED_ACCURATELY
4091b16a-54f7-4ed0-ab67-06002b320938,INSTALLED_ACCURATELY
409806b0-e999-407f-932b-3c277a235a95,INSTALLED_ACCURATELY
40b14324-4d4b-4650-9a00-d3431277af18,NOT_SET
40d6c55c-e5b7-4e87-9a53-2dfcda9ea5ad,INSTALLED_ACCURATELY
4122d514-cb3e-4f9b-b8c0-de0664e78b9c,NO_STATUS_ROW
412cada2-2e56-4c48-b07b-a820024903a2,INSTALLED_ACCURATELY
41331696-021b-43df-a0aa-0514456bcaea,NO_STATUS_ROW
413eb5f4-2732-44cf-8f6e-458b91a8bec4,INSTALLED_ACCURATELY
417f5277-f689-41b2-a3fb-66a1710245a9,INSTALLED_ACCURATELY
41823200-a040-4771-9ec8-99abda3498d9,INSTALLED_ACCURATELY
41b3d197-4017-4c6e-9030-a9a51a924b30,INSTALLED_ACCURATELY
41c67d4a-78f5-457c-85d5-1d1a1b708756,NOT_SET
422b1503-4a00-48e3-9231-1bdeeaf5106c,NOT_SET
4231c917-79d7-4e88-b97b-aa1f22e54ab9,INSTALLED_ACCURATELY
42a4b21b-8d08-40ba-90fb-097a5e03a7f5,NO_STATUS_ROW
42a71cfb-86af-43d0-b252-79b2407a929c,INSTALLED_ACCURATELY
42cd9080-93a1-461e-9e6e-11a1295548a1,INSTALLED_ACCURATELY
42d62dfe-e564-46ad-9c77-2188380eafd2,INSTALLED_ACCURATELY
42e71996-4601-43bc-8552-ccd7226276d3,INSTALLED_ACCURATELY
4331e893-467d-48ba-84b9-65305625a539,NOT_SET
433c9e62-6593-4bad-9d59-97e23cbd4c7e,NOT_SET
43860a07-9b23-43b4-8ef6-7747521f1be5,INSTALLED_ACCURATELY
43860a39-3b5b-4917-8562-697cd66c86cb,INSTALLED_ACCURATELY
43aa4a1c-c01b-4be2-9d30-96fd41782c80,NOT_SET
43b87cf7-a537-4122-9aaa-c180017700f2,INSTALLED_ACCURATELY
43c073a6-1e82-4380-8dc5-2d5ba631ea4d,INSTALLED_ACCURATELY
43c36292-ea61-4cd6-94d7-707d4c018b01,INSTALLED_ACCURATELY
43dc244c-357b-4f7f-a9df-eb133798471e,INSTALLED_ACCURATELY
43f0f848-94f8-4bbc-a59c-19e0067e9945,INSTALLED_ACCURATELY
440d401f-2a78-4950-aa82-79c04c7583c2,NOT_SET
44308852-41be-41c0-a3f9-4984398cf1bf,NOT_SET
443a1253-dc07-4e08-a6ed-d98177e77811,NOT_SET
445e2335-1e33-4b21-8b67-184aadb7db25,NOT_SET
44608902-d95c-4c24-84eb-d424c3ba4b33,INSTALLED_ACCURATELY
44641e80-81f8-4a42-9208-ebe71c893cce,NO_STATUS_ROW
4465acbd-06c5-49b5-9c85-c5c2b91c0f00,NO_STATUS_ROW
44a46dc7-95d6-4f61-9a3d-0e62222ca8f4,INSTALLED_ACCURATELY
44aba3bd-7ae5-4a7a-9edf-c2a383cd8229,INSTALLED_ACCURATELY
44ccbf0b-81a0-4dba-be86-0d4af21acf3a,INSTALLED_ACCURATELY
44d86ad9-4dd9-415c-970e-e129f2d504cc,INSTALLED_ACCURATELY
44fe9dc1-8b18-400b-bcbf-51d2391201e1,NOT_SET
451edc01-38c3-4f98-990c-5ef8f1d5db57,NOT_SET
4543447f-2858-42e2-8130-81962cea0a8f,NO_STATUS_ROW
45483330-d03f-4917-85c0-c3f8849598e5,NOT_SET
455ef4bc-b872-4bf2-bb39-a0f2e15f1884,NOT_SET
458bdb99-a157-43e4-8164-ba39e993f3e1,NOT_SET
45a8dd38-5cef-4aa2-ac29-1e0d0b96e8ae,NO_STATUS_ROW
45ce53af-d2b0-4eec-9998-93b6cad32c65,NO_STATUS_ROW
462a012a-37b7-4215-a8e2-76f3e3f0e3e3,INSTALLED_ACCURATELY
462d5f0c-1332-4513-ae05-6e827fe6c22c,INSTALLED_ACCURATELY
46321bab-1235-4492-829d-a91644595607,INSTALLED_ACCURATELY
466e12fe-b3eb-4b2a-af41-1f0866e2c965,NOT_SET
46a254fc-28b3-4fcd-b56b-556a9b52ed17,NOT_SET
46c9f0ea-b9f7-4781-844d-4808b3c87e50,NO_STATUS_ROW
46cb0726-c872-4970-ad7c-daae50e25bb6,NOT_SET
46d05fba-a764-41cf-bbeb-d429796ec975,INSTALLED_ACCURATELY
46e83f36-01bc-464f-acb4-c51963d4644b,NOT_SET
4708a3a7-6f51-48e4-89b9-d7f6c7d85583,NOT_SET
47233a34-82e7-4ee5-957a-02a4ce7deb2f,NOT_SET
472d0a02-c19a-493b-91fe-c8537a916f87,INSTALLED_ACCURATELY
47470d86-bee7-4857-b940-0b0858dd5190,NO_STATUS_ROW
476889e6-7002-4472-a778-f6695d4fa397,INSTALLED_ACCURATELY
47ec1868-3dcf-4d04-9466-29c8f8bebd5e,INSTALLED_ACCURATELY
4866318a-9c32-414c-96b8-8852c6085464,NOT_SET
4880dadc-5a4d-4cb6-ae3e-be9c41bb288c,NOT_SET
48815f24-c3e0-4777-b91e-43b44837c4bb,NOT_SET
48a8018b-75ef-4e4d-b13e-dfd13144ba9b,INSTALLED_ACCURATELY
48aa0b1d-6bfd-4347-9ee0-fb0693ece317,NOT_SET
48ad67a6-ed8f-4af0-a318-acd4be02a727,NO_STATUS_ROW
48c9c430-ca54-44e7-8c88-1f640133d3ef,NOT_SET
48cb6746-4d59-4943-8b60-e1457b749950,NO_STATUS_ROW
48f8b05e-4c87-48ab-8ba8-e8f7e6b0b46d,NOT_SET
4904cb88-2468-44d9-a450-60d8b796fc74,NOT_SET
4906096d-ccff-4319-a9e3-a137eb8d2299,NOT_SET
4909bcb9-3208-48f9-8422-13f02bc61519,INSTALLED_ACCURATELY
49417774-19b4-4b49-ad71-e6c2eb8088dc,NO_STATUS_ROW
49449f59-d551-402d-9995-ef97260dbe51,INSTALLED_ACCURATELY
494be955-fe72-4151-ae88-89e0bf595ddb,INSTALLED_ACCURATELY
496f0cdc-6e53-40e9-babd-9cd59195844f,INSTALLED_ACCURATELY
49b83ca5-e3c9-4b77-b973-a5cb92c93858,INSTALLED_ACCURATELY
49f9ea6b-f38d-49a7-b3d2-58b09eb53f59,INSTALLED_ACCURATELY
4a1a4a2a-2e45-44d6-aba2-ab58e2ad9a01,INSTALLED_ACCURATELY
4a1d0e8c-368c-47e2-b16e-c229b0184643,NO_STATUS_ROW
4a539e70-7c80-48b2-8bb6-afcfd905eb3f,INSTALLED_ACCURATELY
4aaf8106-64d8-4f61-a3bb-33b0af117b45,NOT_SET
4b3bf2ba-c767-4fb0-b077-fb2ccb609bd4,NO_STATUS_ROW
4b48048f-75a6-471c-9310-148c870d9afd,NOT_SET
4b49f175-212b-4b6a-b99c-da83830bc640,NO_STATUS_ROW
4b507911-4add-4457-9655-c93598bbd088,NOT_SET
4b78bfca-4b2e-4b85-81c3-38294b99239b,INSTALLED_ACCURATELY
4b87c65a-de16-41f9-9980-6ed272fd71ac,NO_STATUS_ROW
4b9dfbd2-065e-4712-a9a4-4ca53f20b02a,NO_STATUS_ROW
4bc385fd-348f-4d1c-ac34-667f825d0c35,NOT_SET
4be67d59-215d-4fca-866b-52b4d61ad94e,NO_STATUS_ROW
4bebe9a2-3d90-4860-b775-174b1c85a9d0,NOT_SET
4c1bdeca-c029-4154-90bf-f8efb891886d,INSTALLED_ACCURATELY
4c489507-3b58-4e78-8e64-1454806c3a78,NO_STATUS_ROW
4c4b56ef-ab1c-446d-b8f9-8a6536616db6,NOT_SET
4c4d013d-69e0-4826-aa94-c3e8f44b005b,INSTALLED_ACCURATELY
4c5017fc-f6fa-4346-91b9-a41f271c77c3,INSTALLED_ACCURATELY
4c519362-b44a-49c6-8dd1-93748127f27d,NOT_SET
4c6ddcf9-e1e9-47b3-80d6-fdae8475383d,INSTALLED_ACCURATELY
4c81a522-d54b-4f5e-b46b-194881f2557b,INSTALLED_ACCURATELY
4c938a52-4e8e-41da-a186-cd7ad5516240,INSTALLED_ACCURATELY
4c95d618-f98d-4ef9-b687-a9962673043a,NOT_SET
4c9dd656-9fab-40e5-9d9e-d7b0896cb446,NOT_SET
4caa1d4a-4140-4880-88bf-8a5db1b376fb,NOT_SET
4caae067-a511-4f1e-a9b3-2cfb8b17042d,NOT_SET
4cb4415f-5188-4997-9e39-e48f2ee84319,INSTALLED_ACCURATELY
4cbccc9b-55eb-42d0-82b1-c844a528024d,NO_STATUS_ROW
4d04c222-02b8-4651-b7a1-34efca132bd1,INSTALLED_ACCURATELY
4d0cc46c-19fd-4311-98a8-adb0996c6030,NOT_SET
4d230bf2-5a2e-4992-a016-1e0718902ce5,NOT_SET
4d40d05c-dfed-4908-a7c3-1e84711b7e0a,INSTALLED_ACCURATELY
4d4b446c-4d0b-4613-bbc0-85be0ecf4dd2,NO_STATUS_ROW
4d4d27cb-eda6-4475-b165-e06e9ef136b3,NO_STATUS_ROW
4d6522ba-82ed-4ae4-8a66-6c3ea39e2616,INSTALLED_ACCURATELY
4dc5b713-19db-4ae7-80b3-9431edcc3300,INSTALLED_ACCURATELY
4de6538d-5afa-427d-a31a-a3d3a77004d1,NO_STATUS_ROW
4e2537a6-b684-4f85-ab60-f4b095a7bd74,INSTALLED_ACCURATELY
4e703484-5f92-4512-b378-cd4fd54dedd6,INSTALLED_ACCURATELY
4e820e93-19d4-4c53-bdee-a8a68171e37b,NOT_SET
4ea85d53-4690-4210-aeb1-f199ca983fe3,INSTALLED_ACCURATELY
4eade7f3-f5a9-4368-8d7a-af1145be3241,INSTALLED_ACCURATELY
4f05b7f9-ade2-4377-842f-96c70e19866a,INSTALLED_ACCURATELY
4f3c8e8e-d859-451d-a89c-82e034ab2cef,NOT_SET
4f52b8f3-f6b9-4a89-9978-bcb3e4b8a435,NOT_SET
4f5f1615-1c78-485a-9d6b-673219cbdfc1,NOT_SET
4f813bda-116a-45d5-a8fd-5fef104768a6,NOT_SET
4f8cb33b-75a5-489c-a2a0-3b0f90030df6,NO_STATUS_ROW
4f920428-d367-4572-808b-33ef0333d49e,INSTALLED_ACCURATELY
4f97e749-f81e-4f8f-a283-e0a58bddcbae,INSTALLED_ACCURATELY
500b125e-586b-49fa-9b0f-ff06bdd7f056,INSTALLED_ACCURATELY
502de091-6e5b-49a3-8a20-e5e31f45f956,INSTALLED_ACCURATELY
50360bb5-960c-4a98-a4d0-e5a8f37a52fc,NOT_SET
50526d34-5b84-4ec8-893e-13be7abc414b,NOT_SET
505d6466-0e9a-4338-a490-d2125f4faa0c,INSTALLED_ACCURATELY
505fbae8-5b51-4230-a456-ee31d9dd9200,INSTALLED_ACCURATELY
50e82e92-4bb2-426b-b847-49f5102c3741,INSTALLED_ACCURATELY
50f35695-2d65-48da-83a2-6bc372a7cb02,INSTALLED_ACCURATELY
510ef155-85c6-4220-9a72-29199c359576,INSTALLED_ACCURATELY
5119fd5d-f535-4647-99dc-2ebd67837f04,INSTALLED_ACCURATELY
51278e9d-cb01-4057-8a19-01b0c8694da1,INSTALLED_ACCURATELY
513bc29b-b9d5-4de1-828f-3018710581c5,NOT_SET
515c5067-e076-4bd3-a80a-fec1ed3a2e38,NOT_SET
516db935-9d29-4841-aa21-2ed4d166c62c,NOT_SET
51745fd5-1183-468c-9e6d-d17df14b4390,NOT_SET
51db837e-8e70-4187-a864-e07519fc1724,NOT_SET
51e3c5c9-7e4c-44c9-903e-b73261d31da5,INSTALLED_ACCURATELY
51fc382b-ab2b-4f55-95e0-550cc9e08003,NOT_SET
5214cce7-51e7-42fc-a170-a54b8264ad7d,INSTALLED_ACCURATELY
521c0d46-19c5-426d-b248-e99906d6ea1b,INSTALLED_ACCURATELY
5221c6e5-69ba-49e5-9dbb-884a2b53a576,INSTALLED_ACCURATELY
5237b909-8602-4b20-bc2f-ec15d7a87e3c,NO_STATUS_ROW
52579c5b-28d6-486e-beb9-1286315d4c7b,INSTALLED_ACCURATELY
5263ff3b-0286-4f24-8e57-66927da4b842,NO_STATUS_ROW
52779be8-ebd2-4de6-bdd5-39b26b77036f,INSTALLED_ACCURATELY
527ab145-dad9-4403-8efb-5c79b390347a,NO_STATUS_ROW
527d340b-1363-4e51-b005-6f638c537468,INSTALLED_ACCURATELY
5282c54a-7474-426c-9f6c-72ff931eedd2,NO_STATUS_ROW
5289cee8-7692-4006-9166-57ff6facc5a1,INSTALLED_ACCURATELY
5293fa74-67ed-4c14-a856-9c22db663a59,NOT_SET
529a8c68-07d0-439f-a564-9d66820f680b,INSTALLED_ACCURATELY
529fe7ab-765b-48b3-baae-1b8c2526a206,INSTALLED_ACCURATELY
52a3dc85-2d93-47c0-9a31-7dcb9c3fb798,INSTALLED_ACCURATELY
52a80eaa-9def-4ebd-af13-e001a2d5ce56,INSTALLED_ACCURATELY
52a84ae9-6e3c-4601-8a65-80a84dcb6857,INSTALLED_ACCURATELY
52d275e6-9a43-4f16-aad0-029d78edc3d8,NO_STATUS_ROW
52ece9a5-cd9f-4e1e-b9bc-154f95093601,INSTALLED_ACCURATELY
530bf32e-3493-4206-9cfc-d079c8eaab31,NOT_SET
53153f86-567a-488f-9cd8-2011f988e475,INSTALLED_ACCURATELY
533080ab-ccca-42e0-8f3e-ee84116a6395,INSTALLED_ACCURATELY
537f704d-c2cd-4872-bbad-848fee36c0cb,INSTALLED_ACCURATELY
53acd81b-b0fc-4bc2-a3b3-97df51e9e0d3,INSTALLED_ACCURATELY
53ccf457-1a63-4bc4-88ec-1cc2a9a5e667,INSTALLED_ACCURATELY
53db02ab-a7d9-48aa-8f1a-f02968ac36d0,NOT_SET
53fdf202-9cff-4652-9d51-3cf4628d9f31,INSTALLED_ACCURATELY
54156c0e-6d42-4939-b61e-772c6ca88574,NO_STATUS_ROW
5432415d-7195-4158-bbea-dd7aa9337e0e,NOT_SET
5475adef-4477-4c50-be68-8fa59f51a96d,NOT_SET
54a5a071-25cb-4afc-8664-9a9c2b76c0a0,NO_STATUS_ROW
54dc56be-c572-4705-b963-188b2b6a6792,INSTALLED_ACCURATELY
54fe3bd3-5981-4733-b75c-72481e54099e,NO_STATUS_ROW
54fee533-becc-4d25-81bd-db1f1a209da1,INSTALLED_ACCURATELY
552ecc0c-7c38-42e5-aafe-fd4bb26f27e2,NOT_SET
5554038c-c5de-485d-9d6c-27bc0ecf2ca0,NO_STATUS_ROW
555f1ce3-01a3-4b6d-a7a9-d4f07a34ef29,NOT_SET
556b8afc-c0de-4bef-8012-a3a988862631,NO_STATUS_ROW
557f8cd8-594e-4838-a1dc-6fda4d4ac9b8,NOT_SET
55a24956-b684-409a-828b-21e1c8a838a1,INSTALLED_ACCURATELY
55a86afe-4548-49aa-87a7-2301a558fdba,NOT_SET
55c10614-ddf2-4f2d-bc37-14ec78f7c642,NO_STATUS_ROW
55daf104-aee0-41e9-a613-84dcb2b565be,NO_STATUS_ROW
55f9051e-4242-43e5-9037-0b9112e8b616,NO_STATUS_ROW
5607c18b-4cc4-4e4b-bab2-945545b56761,NO_STATUS_ROW
562a2c7f-59e7-4c99-afee-2c2d6e45a2c3,NOT_SET
564e4d1f-11b1-4dd7-aaf6-8666051d1eba,NOT_SET
568a1d89-4601-413f-b517-03c660084ac4,INSTALLED_ACCURATELY
56943ba9-d2b1-48e8-9a0b-f8bb18158f3c,NOT_SET
5699eea0-b9f8-45da-ba99-fd28ab82f146,NOT_SET
56ab6096-eb18-489a-98bb-136a23f1f385,NO_STATUS_ROW
56acec1f-bb1c-475f-a1a2-96f636874c75,NOT_SET
56c8b062-3f25-4b1d-81b7-c16e487fc645,NOT_SET
56e9bffb-379c-41ae-ab79-db75dfc141ab,INSTALLED_ACCURATELY
5715cc0f-6050-4306-914e-f82070a3ee13,INSTALLED_ACCURATELY
57501f45-a8e8-49de-9926-9a5bc139de75,INSTALLED_ACCURATELY
575c172c-8f78-4c1a-9586-fbd02d5b31c3,NO_STATUS_ROW
57cc92df-857d-4747-a543-a197f5025d9a,NOT_SET
57d1f563-7c39-4ce3-956c-30327ced4a22,NOT_SET
57d8a4ea-20e9-49e3-ace5-17ea7f4a02d3,INSTALLED_ACCURATELY
5801afc7-1051-4406-bfad-2da6c169b7a0,NOT_SET
580690fb-059b-4b4f-b155-6bf28c35c97d,NOT_SET
58238150-7811-4e9e-bec1-4fdadb3f079a,NOT_SET
58509443-747b-4034-a0f3-71b2dd467919,NOT_SET
58623e6c-f232-4217-ae90-b94f34f65bad,NO_STATUS_ROW
58671258-8afc-45d6-a201-daafae73d261,NOT_SET
586c4bd4-4ec5-4f86-bc49-dfd2606a3136,INSTALLED_ACCURATELY
5894088a-426d-46a3-bdc9-bcd86dac379f,NOT_SET
58945049-082b-4dc2-af6b-6b5db1814489,NO_STATUS_ROW
58a1386b-7607-45e3-8e29-64e37a3861f2,INSTALLED_ACCURATELY
58b526c1-a583-40e4-9e01-b193d812d824,NOT_SET
58b72063-4726-4a29-bdd0-50ce0dde9689,NO_STATUS_ROW
58becd98-6641-4ac0-8d27-2adedee163be,NOT_SET
59013c8a-0140-4509-8115-13d6ef506b3e,NO_STATUS_ROW
5914817f-80a0-45a4-a58f-a6fd1e20956a,NOT_SET
59148fb3-ebe3-47b3-930c-96a401db63ea,INSTALLED_ACCURATELY
5916b2af-67e5-4f10-bf5a-91f17050caa5,NOT_SET
5934b5f3-11a3-4aed-8d4c-3c5ef767df97,NOT_SET
594314ef-8402-407e-acc0-db9c35dd6a86,NOT_SET
595eb248-f9e8-4137-a233-0b249f7b2ce6,NO_STATUS_ROW
5977d071-f816-42ee-b680-034db21b45dc,NO_STATUS_ROW
598839d7-e33f-4318-9646-cdc81060054a,INSTALLED_ACCURATELY
59934c77-d87f-4e15-b289-c90c9eca03b3,NO_STATUS_ROW
599cf759-cc51-4478-af68-1c26e199833d,INSTALLED_ACCURATELY
59b34860-2583-4a92-801d-4d36e699b749,INSTALLED_ACCURATELY
59cf7663-1792-4b41-a7b1-1fd5ee08fcc1,NOT_SET
59d0a452-f849-444a-b128-2e4e4c2ccfc6,NOT_SET
5a49764f-7b4e-4b17-aa66-0c29e8c90a75,INSTALLED_ACCURATELY
5a8010de-9566-4497-9a2c-6731d8cc758e,INSTALLED_ACCURATELY
5ab0942a-9599-4d62-8582-2217992cd6f0,INSTALLED_ACCURATELY
5acd0d95-3614-438b-a76a-691a6ba0e18d,INSTALLED_ACCURATELY
5b0a675d-8ab0-41e5-8330-6cc0358f0b0a,NOT_SET
5b12aada-b638-4e06-a8dc-9edfa31de8af,NOT_SET
5b659529-2969-432d-bc47-e3d659c20f51,NO_STATUS_ROW
5b6926a6-77f2-45a4-a17b-f531b4b6d065,NOT_SET
5b6fd9b2-f39f-47c9-955f-e8ce71eb0666,NO_STATUS_ROW
5b8741f4-722b-478d-b31a-4316fb03a691,INSTALLED_ACCURATELY
5bc4afcd-d697-47d0-b060-71a78fcd24a6,NO_STATUS_ROW
5bce662b-53ce-4aaf-b861-9b2ee0631bcb,INSTALLED_ACCURATELY
5bdd8696-9a23-4f10-a762-f0cda935ccd5,INSTALLED_ACCURATELY
5c53155e-fe8f-42e4-a275-96dbf3e18a82,NOT_SET
5c5651c6-9d07-4870-a0c3-5b5ff07c922e,NO_STATUS_ROW
5c6fbcaa-fe3d-4d1c-9556-2ff027db8a8e,NO_STATUS_ROW
5ca8e4e2-8446-43e2-8eb2-e66792bf11b8,NO_STATUS_ROW
5cd47c61-e697-492c-bcc0-1a1fa04ec5a0,NOT_SET
5cf99251-67c8-4859-ba27-e1ac30138cde,NOT_SET
5d05668e-3918-404c-a292-f85c5d067d6b,NO_STATUS_ROW
5d2d0f93-7024-4c94-a992-99f0d42abef6,NOT_SET
5d3bca02-4c93-4d3c-8af9-6c98e32399d2,INSTALLED_ACCURATELY
5d67b0ed-128e-4a7d-94e9-0143065a6a5d,NO_STATUS_ROW
5d8bc666-29fc-4f5a-8d80-e536488541e0,INSTALLED_ACCURATELY
5daa652e-4fb1-4aa0-9cee-f583e9d051ef,INSTALLED_ACCURATELY
5db7cd54-73b0-4809-b307-f1b5894bf10f,NOT_SET
5dc72167-d73d-46dc-a86d-5cab5a7d2c1a,NO_STATUS_ROW
5dde30cd-70d3-44ae-b79c-015cf6f0cca5,NO_STATUS_ROW
5df59d45-409a-4172-8fca-91afa67f4858,NOT_SET
5dfd50c4-e0c4-4b6e-99c4-34c39f919c69,INSTALLED_ACCURATELY
5e09cd1e-dd14-44d0-9a2f-152f60534ede,INSTALLED_ACCURATELY
5e197c6d-9c27-479f-bec3-cea82c01a4a7,INSTALLED_ACCURATELY
5e326a7f-d7b3-4685-b045-6e43b5aa9c5d,NO_STATUS_ROW
5e530a68-e314-41f9-b40d-93fd28398cc5,INSTALLED_ACCURATELY
5e5e03da-e49c-4412-b22a-fb5cd2c34dbd,NOT_SET
5e69ad62-a7f7-4125-94c8-7d4922c852f5,NOT_SET
5e987055-eb02-4a61-8af4-a5125a11719e,INSTALLED_ACCURATELY
5ea1fad2-f676-4f48-9109-ec5785c9f2eb,NOT_SET
5eb4d961-f81f-49f3-9158-9c41729b0c29,INSTALLED_ACCURATELY
5eb6091e-10e3-4851-b25d-bad4be8efa71,INSTALLED_ACCURATELY
5ecfa3d0-0c34-4bc3-b5f5-08b5d21f1896,NOT_SET
5edb5560-81e5-44d0-af8c-fbc9f1e8f58d,NOT_SET
5ee69f04-f017-4b67-aafd-c3e423013685,NO_STATUS_ROW
5f09f659-b1ae-4ca1-81a7-f112225ef55a,NOT_SET
5f528c75-fd17-469d-97c2-0130fb9055dd,INSTALLED_ACCURATELY
5f6b222a-aaf7-429c-8d58-2d2242473ac5,NOT_SET
5f773bb3-8884-471a-81b5-b0876418dd25,INSTALLED_ACCURATELY
5f938cca-c8c6-47d1-867e-9f7b5fb8a14b,INSTALLED_ACCURATELY
5f9fa89e-8409-4077-9183-035201b95ee1,NO_STATUS_ROW
5fb38d9a-8f21-468c-9e62-2b096d18344a,NO_STATUS_ROW
5fbc880f-4f6b-49be-b166-40a553bd6bf1,NOT_SET
5fc21e8c-5109-4fab-ba61-a9e0f0f89dd1,INSTALLED_ACCURATELY
5fc81b14-674b-48a0-9857-38f29f078509,NO_STATUS_ROW
5fd06c4b-a2e7-475d-829b-58489181c475,NOT_SET
5fd0fd9b-61d1-4aff-8714-d828b0c77e30,NOT_SET
60041aa9-3b82-41a1-91f7-1e72672f129a,INSTALLED_ACCURATELY
60220dca-0ac3-41ef-9c82-a463a88dd8b5,INSTALLED_ACCURATELY
6066ee60-0446-460b-9229-7184daf85ddd,INSTALLED_ACCURATELY
607fcde7-05b8-4865-b969-8d27503c6943,NO_STATUS_ROW
608c68de-7ffa-4ec5-a282-17af4830bab3,INSTALLED_ACCURATELY
60aa6469-edb3-4593-9a53-4d7047d719dc,NOT_SET
60d6cc43-63d8-4383-a2bd-48e058afa8c5,INSTALLED_ACCURATELY
6118bbe8-7401-47d5-9c7a-2dd657ba5016,INSTALLED_ACCURATELY
611ac5f0-5b76-45e4-b1ba-bded762532bf,INSTALLED_ACCURATELY
615475c8-1f6f-4371-b2d1-b64ad2bfd501,INSTALLED_ACCURATELY
617dfef3-9214-4530-9600-8831a4a4d6ff,INSTALLED_ACCURATELY
617e6ef1-28be-4a77-a1a5-143a73fd0197,NOT_SET
618af5c8-09f2-4cd5-81c9-271214db3faa,INSTALLED_ACCURATELY
61a4eba3-d312-4608-912a-4193dbce4ee2,NO_STATUS_ROW
61e4a4fc-e5ba-45e9-9bef-b997d6950239,INSTALLED_ACCURATELY
61e87845-9da7-416a-acfa-6731b7f5dfe8,INSTALLED_ACCURATELY
61e9197c-6b42-461d-b277-dee0e9aee1cf,INSTALLED_ACCURATELY
61ea1fb3-dadd-41c8-b0e3-657f288b97cc,NOT_SET
621c30b1-ebaa-42cd-9064-c6dd8b6d2b04,NO_STATUS_ROW
6233f50f-2cc3-4d23-8fc6-0a3cb83861bb,INSTALLED_ACCURATELY
623f6588-59c1-470b-a463-141301d6c5d9,NO_STATUS_ROW
624475de-773d-4f3e-b1e1-db42d8fffdd4,INSTALLED_ACCURATELY
6263ace9-9533-46f4-a584-13f1a2892b31,NOT_SET
6276be3d-e5e6-4470-bbfa-31cec3bf1856,NOT_SET
627d3ee7-46a9-463a-8258-74e0c1e9dcf0,INSTALLED_ACCURATELY
629c8474-a7d4-4231-bd07-3598aec60344,INSTALLED_ACCURATELY
62dd39f1-1644-466a-83b8-b4a7b9b15e35,NOT_SET
62eb780b-b036-44b2-830e-a4aa211baf88,NO_STATUS_ROW
630bc3f7-eb1e-413d-823c-d28a5ce98f0b,INSTALLED_ACCURATELY
63173322-62ef-4640-a020-09c4d3f89c56,NOT_SET
63346122-689d-4ffc-8931-733f761e676b,INSTALLED_ACCURATELY
63358d41-0e0f-4a49-8a18-ad88bac7a7a5,INSTALLED_ACCURATELY
635ecf40-c5fc-47fc-a823-dc5f78bfe7b2,NO_STATUS_ROW
637bd892-3fba-4cc6-9da8-d6c87a65a165,NO_STATUS_ROW
63848254-8697-406b-9282-368ff970f0d7,INSTALLED_ACCURATELY
63b41c8f-ce3f-4c89-9ce5-076f64dac690,NOT_SET
63b5b7af-dbfe-4270-a344-0bbd876a3cbe,NOT_SET
6419ec33-1c04-4565-be3b-69c42dac1e31,NOT_SET
641af0b1-7691-4b7d-afff-59cd6851df4e,NO_STATUS_ROW
64412836-900a-41ed-903c-81814277bec3,INSTALLED_ACCURATELY
6443b9d9-3308-4c3a-a136-15f18cf0f0ad,INSTALLED_ACCURATELY
6444af0f-6b39-4ef6-9012-e91359fb7d33,INSTALLED_ACCURATELY
64a5ecc5-73d0-4e2f-95cf-6543c07ba8a8,INSTALLED_ACCURATELY
64ab2468-82ec-455c-90e6-6c672d717418,NO_STATUS_ROW
64ab384a-eb42-438d-81c7-1f1af78cae11,NOT_SET
64cd23ef-6c86-4d6f-8764-30b7f45d1758,INSTALLED_ACCURATELY
65254376-2a74-41c9-9485-613a2d3ba1f7,INSTALLED_ACCURATELY
656adbdc-f751-417d-913a-d2fc3579d1c1,NO_STATUS_ROW
656b7e33-efc6-48ed-8e06-441f2489f193,INSTALLED_ACCURATELY
658cbf1d-3527-4e7d-b873-e937658b0d72,NOT_SET
65a0af59-4d49-4bed-a0c2-f1aae381cb54,NOT_SET
65a33b70-45de-4e8e-85eb-edbf5b9fde75,NOT_SET
65d525f7-6ccf-4a99-8f09-ecd6c7c68527,INSTALLED_ACCURATELY
65f8a3a8-8971-4937-bace-19ceacdc646e,NO_STATUS_ROW
66281924-6a11-4c2a-9937-efb2ebcf135f,NOT_SET
665481de-ddd6-4f16-a8d2-384e59cf4a0b,NO_STATUS_ROW
66b0f6be-dff3-4e29-accc-fa713757be92,INSTALLED_ACCURATELY
66df566e-1b3a-43aa-9469-171c557692aa,NO_STATUS_ROW
66e081a0-0386-4d2e-982c-f67a42e0c709,NOT_SET
670d4163-ff66-4c8c-a38e-6c542078105b,NO_STATUS_ROW
671c11be-5fd7-4951-929d-bd174fed8e9c,INSTALLED_ACCURATELY
67299594-b6c6-44a8-9749-869bb75e8f77,NOT_SET
6736f6ff-a185-4f79-8cab-c13edbe971ce,NOT_SET
6756ac90-5057-427e-94b3-20f55cbebe4d,NO_STATUS_ROW
675afec4-c506-4e57-a399-1a912203494f,INSTALLED_ACCURATELY
676cdb18-5780-4802-bbd6-a413c7eb13b1,NO_STATUS_ROW
677477e2-8e01-49f0-bc6f-80a5201a4d29,NOT_SET
67818065-fb03-4c66-b99c-7cfdb5b5aba4,NOT_SET
679fe2df-bae6-4a9f-be7a-c5073a33f4ba,INSTALLED_ACCURATELY
67df185f-fa17-4676-91b1-eda1445af4f3,NOT_SET
67ff9a28-6551-4d22-b0f5-c3fbbbf4b110,INSTALLED_ACCURATELY
68041e52-7793-4dbd-8f30-a6d1603f1666,NO_STATUS_ROW
681eb8f1-e3f4-4428-8ecc-3170c0897570,NOT_SET
6835a0a9-7b80-4b4a-baf9-406548cd0277,INSTALLED_ACCURATELY
68610567-490b-47de-8191-7ccb9d0467d5,INSTALLED_ACCURATELY
6871f78b-832e-4eac-90c2-e302345b8f65,INSTALLED_ACCURATELY
6878cd01-f58a-464b-b9dc-70483f6bf697,NOT_SET
687fd02c-7f58-4365-8b29-b081ee87a3bd,NOT_SET
688a5df7-6a2b-4684-8877-e57b7d8b2dfd,INSTALLED_ACCURATELY
689ca12f-2a21-4ec0-bd01-18c4c1444fb2,INSTALLED_ACCURATELY
68b48d97-3e33-4937-86aa-1bef26650a51,NO_STATUS_ROW
68c2951e-ea05-4f71-85dd-c5cf20ca4a55,INSTALLED_ACCURATELY
68c7c52a-f92f-4e26-9ae5-6c742752e77a,NO_STATUS_ROW
68f92067-1b4b-4971-99bd-34892bc5171a,NOT_SET
690cbc52-db7a-4d4f-8b0c-8215810e45e9,INSTALLED_ACCURATELY
6910717b-933c-43ac-b061-15f322258e80,INSTALLED_ACCURATELY
69151253-3245-4154-9368-b9a939dd691e,NO_STATUS_ROW
69260f76-6993-489a-9925-1fc3dc4bb456,NOT_SET
692b8504-2153-4ba7-96d0-595fa7a3711f,INSTALLED_ACCURATELY
693c3200-3a98-4553-9764-dd6268ddfe54,INSTALLED_ACCURATELY
694b2ee5-c1ab-4724-ad60-2579b059cee7,NO_STATUS_ROW
6955afc7-8419-40dc-9fa7-7d6d1493618d,INSTALLED_ACCURATELY
6993e630-1909-4ac0-9966-5764b812b46b,INSTALLED_ACCURATELY
69e3f99c-087c-4460-b09d-0546ef3b1090,NO_STATUS_ROW
6a033bef-c573-4dce-83bc-5ab6cd42a2b9,INSTALLED_ACCURATELY
6a088f24-1a65-45ef-92dd-a57c8fc9ba79,INSTALLED_ACCURATELY
6a5ac5bc-b3e3-455d-9b58-0cdf4b7971ac,NOT_SET
6a9f4d2d-6742-4d54-b32a-2e3c0dfe45f8,INSTALLED_ACCURATELY
6aaee854-1ede-45d6-ad00-558871d6a187,NOT_SET
6ade2d07-ffd5-4637-bac9-3d490456f1cf,NOT_SET
6ae502c2-fffa-4d2b-a35c-46de2dab1ead,NOT_SET
6afa382e-1b70-4cba-a2cf-3569e53adb05,INSTALLED_ACCURATELY
6b61ba9f-c9cf-44ed-ac9a-2ddb3797cedb,NOT_SET
6bbcfb9e-eda2-4d12-acc2-62d7353362d3,NOT_SET
6bef84dd-e977-4614-a03b-676435942dc8,INSTALLED_ACCURATELY
6c2d3f72-4012-4b37-819b-c0c1c5c2440c,NOT_SET
6c3fb963-8a4d-40f4-ab38-0e9ce1ef03d0,INSTALLED_ACCURATELY
6c419220-f7ec-49b1-a0eb-0b47530ea012,INSTALLED_ACCURATELY
6c62c8f0-37b8-4c96-b618-7d2c570351c9,NO_STATUS_ROW
6c6a3242-e9a5-442a-8f6c-23cb227c0faf,NOT_SET
6c6d8cca-5ca4-4d7c-afb3-98a4d90d1fca,NOT_SET
6c6f9bcf-7b20-48f9-923e-6d7cb218035e,NOT_SET
6c815a3e-3fd2-488f-8e01-06b073fc4a49,NO_STATUS_ROW
6c88e313-52b8-4c86-8422-961d56ce28ba,INSTALLED_ACCURATELY
6ca63a9f-4350-493d-8915-1b511cc35918,NOT_SET
6cbc9e11-3029-4599-bf3b-f335f072707f,INSTALLED_ACCURATELY
6ce6cf79-42e6-4b7c-b752-66156fce516f,INSTALLED_ACCURATELY
6cf87736-74ef-4d71-81e5-41a2ff98af2b,INSTALLED_ACCURATELY
6cf97318-a05a-4c89-bec5-80c63fff3417,INSTALLED_ACCURATELY
6d18bb8f-7c6d-4b42-997e-b72e79407223,NO_STATUS_ROW
6d3f5b8b-4c96-4341-aa4f-c7659bed913d,NO_STATUS_ROW
6d7d17c8-065b-4210-bdb2-4108c51b2a23,NOT_SET
6dc25b31-233e-4d03-963d-7cd160f143ed,NOT_SET
6e1ac23d-7556-4d40-b7af-f90062b551bd,INSTALLED_ACCURATELY
6e5c3ef2-e0a9-455f-be1a-f5eb9165e387,INSTALLED_ACCURATELY
6e666f83-7c40-4520-802a-a951c4ca8b54,NO_STATUS_ROW
6e6fbf6b-a2b3-4f2a-98f2-10068803167f,INSTALLED_ACCURATELY
6e949fdc-2a2b-4aa4-af19-21c8f9ce9de5,INSTALLED_ACCURATELY
6eabf560-d708-4a40-a830-ffb309db4594,INSTALLED_ACCURATELY
6eb03a81-6a3a-45e4-8fba-ed5b4c60653b,NO_STATUS_ROW
6eb61164-f1a7-41bd-a3ee-2360446ec71b,NOT_SET
6effbd0a-d395-4d9d-8955-786925bb06a0,INSTALLED_ACCURATELY
6f1c7a0c-6818-430e-9342-677c3d8d6232,NOT_SET
6f52e99e-b7ea-4ba8-86b8-6cda7dece90d,NOT_SET
6f55f6a6-66c7-4a16-9ae7-3fbfe194235e,NOT_SET
6f6257c5-e7dd-4690-8a6b-e9aa81e9d747,NOT_SET
6f6901f6-2d51-4913-a53a-91cd816a3647,NOT_SET
6f741441-1e83-408c-9870-e143265cf3b4,NOT_SET
6f8d0ad7-82de-44a4-81b0-20ba23b8ea1c,NOT_SET
6f9aa575-b282-48c4-b1f0-91a3c7b9e49b,INSTALLED_ACCURATELY
6f9ff4b0-9d83-4641-80ea-609b87558cf8,INSTALLED_ACCURATELY
6fcc9e71-b603-4b59-8774-7c5201551046,INSTALLED_ACCURATELY
701e47a2-32d2-4ac5-ada4-dea5dae7d933,INSTALLED_ACCURATELY
705f6a11-630f-41aa-8b0c-67550a848c5f,NO_STATUS_ROW
70965bf6-5e0b-4f60-bd00-a10eda1fe03d,NO_STATUS_ROW
70aa4f01-5e34-442c-a575-48dd70973bba,INSTALLED_ACCURATELY
70ac5388-7a22-47ae-af3e-47e1a943605b,INSTALLED_ACCURATELY
70b2b400-3328-43c3-9cd3-54c9dba9523c,INSTALLED_ACCURATELY
710fefb6-b026-4de2-98a7-c7311547ad3f,INSTALLED_ACCURATELY
714bdff3-24ea-4c7a-a3c6-34a73962bb70,NO_STATUS_ROW
715178dc-8e0b-4088-8c72-97606e645775,NO_STATUS_ROW
715e135a-86e3-4ca3-976f-099cc31be8b0,NOT_SET
71674326-bd98-4cce-a2b4-0895db09e520,NOT_SET
717496e3-430e-4546-a3fb-ad9a7e5e351e,NOT_SET
7176a900-6950-452b-bdba-c0dc269b8fe8,INSTALLED_ACCURATELY
718f41b6-6627-4813-ad59-3672fd6acf96,NOT_SET
71a73992-60ee-4b6d-91ab-fa5a9bb1ffe0,NO_STATUS_ROW
71c355ec-f37c-4c9f-9b74-50ee4e0aad8d,NO_STATUS_ROW
71cc501c-479b-4164-8505-7ceb783c5b22,INSTALLED_ACCURATELY
71cd39b2-6524-46be-92dd-9493df47cc27,NOT_SET
71dd68e9-4c25-40b6-8032-acfcf3cf5a57,NO_STATUS_ROW
726be6dc-2ce2-40c7-8d4d-b05fd5ee26c2,INSTALLED_ACCURATELY
7286d2da-b8b5-4f4d-afe6-7ae19dcac93e,INSTALLED_ACCURATELY
7295e967-4cb9-489e-8ed5-56a9857efb8d,INSTALLED_ACCURATELY
72b7665b-48ed-48e9-bb9d-2cd27ce1f7e4,INSTALLED_ACCURATELY
72c6d8bc-3cf6-4017-895e-13bf0405412d,INSTALLED_ACCURATELY
73c25f85-a621-4c43-b411-4e4a0170b338,NOT_SET
73d48390-127e-4fd3-ae13-1906daae25d4,INSTALLED_ACCURATELY
73dcb4d5-c1dd-4a22-a668-e442960a5f47,NOT_SET
741aa70f-3364-4c66-b540-41e7a4fd1b01,INSTALLED_ACCURATELY
742273b9-5eda-4104-b575-1a0542d513af,NO_STATUS_ROW
7437d16d-661e-4680-b7aa-d3c6149aebd6,INSTALLED_ACCURATELY
74397873-6335-4afa-ae3a-fa50e57f4acd,NO_STATUS_ROW
744c576b-d09a-4620-ad78-9b8ba62caae3,NOT_SET
74667d5d-84cf-4534-a223-07b1c8466a2e,INSTALLED_ACCURATELY
74a66cfb-bec3-4c88-9823-21824b4bc2d5,NO_STATUS_ROW
74c8c74e-d77e-4245-b074-bc3fa9946369,INSTALLED_ACCURATELY
74f23b91-0dd2-46ab-bd98-a97012dfe413,INSTALLED_ACCURATELY
74f604ca-ba24-492f-9824-5b8802c38ae7,NO_STATUS_ROW
750b167b-c037-40fe-9e3d-c72d93ec5a03,INSTALLED_ACCURATELY
752091a1-1b58-4746-9ff0-8b61a089dea9,NOT_SET
752f2bab-30b0-4096-a696-3c65652bc65a,NOT_SET
75421248-0a4b-42f3-bb64-c4bc7399be9b,NOT_SET
758d3cfb-3a43-4624-a19a-d92cc0c87fb4,NOT_SET
75b1b956-f12c-472e-88fa-364038f106d4,INSTALLED_ACCURATELY
75b7f288-34df-4233-921d-89ded8aa84fc,INSTALLED_ACCURATELY
75f41c64-065c-43d0-9db4-c5e338bf8c68,INSTALLED_ACCURATELY
7688138c-e2e7-4ada-b3e0-8857d0d653ff,INSTALLED_ACCURATELY
76e7a49a-f76b-4a13-947e-72204e6299a2,NOT_SET
7763b032-439d-4f5d-bc6d-5c21c13a06ee,INSTALLED_ACCURATELY
77739278-bb5b-48b3-b676-21bf8940ca3d,INSTALLED_ACCURATELY
77962923-6ebd-47c9-9a68-0383d86c978d,INSTALLED_ACCURATELY
77977f39-71f6-4404-8fb6-f7905272ac50,INSTALLED_ACCURATELY
77c75469-e6e4-40c1-b1ed-060d5796e5a0,INSTALLED_ACCURATELY
77f0bc49-85c3-4f90-b45b-98f53cae15b5,INSTALLED_ACCURATELY
780d4bc1-ca5c-42b9-8a5f-b3456b352814,INSTALLED_ACCURATELY
783920de-7bbb-418f-b3f9-0b434cdfa07b,NOT_SET
78503539-fa4c-4616-9c76-a01fa9d063f6,INSTALLED_ACCURATELY
7877d749-a584-4a19-a260-dd026e808745,NO_STATUS_ROW
787fdc96-ac61-4a83-b917-e65d40763fe4,NOT_SET
78cba7ef-5271-4aa3-9182-76038c78d8bd,NOT_SET
78f9aa3c-a957-48df-a8f4-078d68ae59ad,INSTALLED_ACCURATELY
7906ae62-b39d-4256-9e4d-56e0ebdbc91c,INSTALLED_ACCURATELY
791f0551-ef38-4eef-bdc9-b9275375914f,INSTALLED_ACCURATELY
796a36a4-c4cc-430c-ab27-c7bae9f3480f,NOT_SET
797ee3fa-b9cd-4b81-817b-94a430e2fdc8,NOT_SET
798364ee-ff53-4c8e-bfe1-5db711561ca2,INSTALLED_ACCURATELY
7993021e-b6d0-4419-b9fe-ecaa10cfb2cd,INSTALLED_ACCURATELY
79ad88ae-06f8-46f7-bdaa-247310bccf83,NOT_SET
79de1577-8480-4a18-8ee7-a7dc1cfa6c5f,INSTALLED_ACCURATELY
79f6d027-5606-415b-8318-b5fcb7c036a2,NO_STATUS_ROW
79fbe823-7ead-4b5f-b471-e3747845a7dc,NOT_SET
7a3c95ca-19f8-4a89-b6cf-28ef31831e16,NOT_SET
7a91851f-62b3-4e88-8a94-a775dd792b05,NOT_SET
7aa3bb8e-8d70-48cc-82a6-9ad56de4bc2a,INSTALLED_ACCURATELY
7ad5fc59-785d-4a74-a9ba-b1c7d04619ee,NO_STATUS_ROW
7b003c0a-e23f-48f7-b1ba-5c4a090a2a7c,INSTALLED_ACCURATELY
7b03f304-90f7-47fd-bb2d-dc2361accdcb,INSTALLED_ACCURATELY
7b04e6ab-92e4-4445-aa32-e833d5d5c321,NOT_SET
7b19ab05-adb7-4dc0-9e79-50774365f7ef,INSTALLED_ACCURATELY
7b2962c0-97fc-4e9a-afd4-f5576114ad87,NOT_SET
7b2cbb9e-0064-44c1-b703-7746293925fc,NO_STATUS_ROW
7b343563-729d-4203-a205-d40953b9dfa9,NOT_SET
7b5655be-644a-418e-893a-2a33b3a76481,NO_STATUS_ROW
7b9557a7-377a-4c74-ad66-17842fdabf2e,NOT_SET
7b95b27e-4166-4e69-9aeb-963e84a9ce47,NO_STATUS_ROW
7bbd5972-d565-44d8-8acf-b51ed4e50382,NO_STATUS_ROW
7bcc7a33-a5cd-4d45-ba89-5c0aa4237852,INSTALLED_ACCURATELY
7bd56e28-685b-4732-bb89-df3b73cfbbf4,NO_STATUS_ROW
7c105e84-af95-4fb1-9c6f-7423a047f150,INSTALLED_ACCURATELY
7c1c1cd5-437a-4da9-ad9d-419722a8badd,NOT_SET
7c1e2e53-69de-4b48-be67-20cfe63d62a7,INSTALLED_ACCURATELY
7c3842ce-fd9e-4f32-a6de-268e8d9fb8c6,NO_STATUS_ROW
7c392305-3146-40fb-9d2b-2a2dc98e7f4e,INSTALLED_ACCURATELY
7c40b4e7-1c88-43d0-a3c5-1bc0672fb20d,NOT_SET
7c438427-96d2-4573-9758-017ed39bde16,INSTALLED_ACCURATELY
7c930bbc-adf7-402d-b0b4-b47f021624ac,NOT_SET
7cc46145-75d3-43ff-a738-6ba71a20d9bb,INSTALLED_ACCURATELY
7ccbce81-844a-4fae-a1f2-08ad65ddf0f2,INSTALLED_ACCURATELY
7ceefd8b-c370-424b-918c-ce54bc841f1b,NO_STATUS_ROW
7cfd9ec0-8fa7-4975-bf18-0652d873f324,NOT_SET
7d3c5e55-e6c3-4596-a6aa-90a22b1ec27d,NOT_SET
7d46b024-4eac-4c51-9eea-728b6b002235,INSTALLED_ACCURATELY
7d6b56f3-14db-4933-b857-2fed9cd7742e,NOT_SET
7de499c4-bc9e-4dad-9feb-2cd970350d59,INSTALLED_ACCURATELY
7deec4c0-ff57-4c5b-ad14-22f6c0f9ee40,NO_STATUS_ROW
7e04b001-8455-4fff-9b84-f540192ecffa,NOT_SET
7e07fdeb-6bf3-4ff9-8ff6-1da1000f0374,INSTALLED_ACCURATELY
7e1c390e-3bf4-4558-9b85-91a06565c921,INSTALLED_ACCURATELY
7e2d0ace-3014-42f7-9d90-4a19ed3fb871,INSTALLED_ACCURATELY
7e3aad85-c22f-4dba-9b30-373f1c58944e,INSTALLED_ACCURATELY
7e7d33bf-91a9-4ce6-a5d0-a3fab90d062d,INSTALLED_ACCURATELY
7ea47552-f700-4cdf-9d8b-1b78bd855f89,INSTALLED_ACCURATELY
7ee3fcea-158b-4d1c-b7b1-548317be1376,INSTALLED_ACCURATELY
7ee4cdba-f964-4537-bd87-39e5653913dd,INSTALLED_ACCURATELY
7f07802e-f463-4ff6-9112-c3adf21bb1b0,INSTALLED_ACCURATELY
7f48cc80-ff77-4c07-a420-655a1c1e80b9,NO_STATUS_ROW
7f5190ad-aa7f-4242-88bc-a1f4147a7daa,NO_STATUS_ROW
7f64cdfa-13cd-4126-86c8-256ff0d486d8,INSTALLED_ACCURATELY
7f70f53d-edfb-46d4-8b1d-d9816d86a79a,NOT_SET
7f70ff98-473d-4109-ab27-31f688e4a0fc,NOT_SET
7f73bd66-9dc7-4caf-af59-e28aba07b000,NOT_SET
7f99f98b-e29e-4332-a21d-bf478a3a0dff,INSTALLED_ACCURATELY
7febc34c-fb45-4b98-8b7d-cf4024e4215f,NO_STATUS_ROW
7fff905c-a968-41e9-b45e-70123a168f68,NO_STATUS_ROW
80466187-14ba-40d1-bd9f-c946ec3d57f1,NO_STATUS_ROW
804e2a62-4046-4d33-b567-35502fc0ed81,INSTALLED_ACCURATELY
8053cba5-7c78-41fd-a2e3-22179b0f9a5f,INSTALLED_ACCURATELY
8069112d-2e3a-45f2-a6bc-39c902733e44,NOT_SET
80832bd7-b977-4410-ae49-b615e607b36c,NOT_SET
80970ba3-abb8-42d3-8a6e-23004d7e6351,NOT_SET
809c32b8-0f79-4640-8968-ead70d3daad6,NOT_SET
80c25286-e681-43fd-af05-08296174906b,NO_STATUS_ROW
80f1a242-0fc7-4eca-9ec1-799a1dc22196,NOT_SET
80fc435b-5abf-4b47-a996-2794b09af703,INSTALLED_ACCURATELY
81469b4f-323d-4790-b62e-9c4996b2d53c,NOT_SET
81543e9b-a518-4d39-bfde-bdabf52c7197,NO_STATUS_ROW
8168e520-eafc-430e-81f6-f39faf9d6e26,INSTALLED_ACCURATELY
822d412f-b3ee-46e4-ae53-bdeeed1153d4,NO_STATUS_ROW
82335bcf-21f7-42e2-8deb-ec8ed96a4bab,INSTALLED_ACCURATELY
82430705-e7d7-4e00-814e-d38d0a1808f4,NOT_SET
825f1263-25a9-47e3-9cc5-eb071e2aa9e8,NOT_SET
829ce6f1-7e9a-48e1-a82b-8b0fc6c6bbb2,NO_STATUS_ROW
82a7d29d-4703-4943-9026-7475dd9f40c8,INSTALLED_ACCURATELY
82e619cd-1773-4cef-9c56-26aba7c4c6bc,INSTALLED_ACCURATELY
82ee0b4e-8f62-4276-bf2d-f63111195e5c,NOT_SET
82fec458-0874-4a73-828b-ed3f75a84fb6,NO_STATUS_ROW
83373abf-511d-4b05-9547-7e06938ecd05,INSTALLED_ACCURATELY
83805548-a109-407d-b65c-cd54144c6c2c,NOT_SET
83a5358e-30ae-470c-90a9-feefd130e48e,INSTALLED_ACCURATELY
83ae922e-9030-48e1-ac0a-929346a53040,INSTALLED_ACCURATELY
83c51913-2d7f-43da-ab5d-087dff8a137d,NOT_SET
83f034eb-359f-4f5b-86bb-85a650380dff,INSTALLED_ACCURATELY
840b597e-9e2b-4bdd-8e5d-88919b7fb34c,INSTALLED_ACCURATELY
8426c388-6d83-4245-a10e-9d06c401defa,INSTALLED_ACCURATELY
84365aa3-c021-4ca9-8012-24f6e76a9d71,NO_STATUS_ROW
847bf895-6652-4fc7-8f27-344068a460c6,NOT_SET
8487ec99-2120-4297-ba2f-7908d1d908bb,NOT_SET
8492a6e7-0a3e-40bb-ab27-61a49d324fac,INSTALLED_ACCURATELY
84b6f275-f713-4f5e-ac07-78c68f72e3fc,NO_STATUS_ROW
84ced77b-e986-42d8-9b25-8e1926316641,NOT_SET
85072de8-4215-4904-bfe9-efe990d2beb1,INSTALLED_ACCURATELY
85242eeb-1c02-406a-9250-8600a3c225ea,INSTALLED_ACCURATELY
852d8b46-8d8c-4907-8a39-06c87362d204,NOT_SET
8555413b-4829-4441-bd09-5a95efd45228,INSTALLED_ACCURATELY
858ec8b0-0288-44d4-ac0d-7ac9c7f36c70,INSTALLED_ACCURATELY
85931dcf-6731-4122-aa2b-9a40ec94233c,NOT_SET
8596162d-461b-444f-8902-dfb90dedd095,NO_STATUS_ROW
8596f5db-1891-4e3f-a41b-3cbd5ad94d00,INSTALLED_ACCURATELY
85a1ecdd-7dc0-4685-bea4-e6ba8c489666,INSTALLED_ACCURATELY
85ce4703-f15a-49cf-bf1c-19ebdc6f1a54,INSTALLED_ACCURATELY
86068d61-8da9-4938-ac68-32bdfe178fe2,NO_STATUS_ROW
8606c5fb-0273-43fe-bfc4-243c560faaf9,NOT_SET
86686683-c725-461c-9e68-e0912440909a,NOT_SET
8697d3ae-1f05-42bb-885c-8c9b2c7930d3,INSTALLED_ACCURATELY
86b29d49-a845-41a6-9a7c-8c06b5546450,INSTALLED_ACCURATELY
86b87e67-0981-4ab8-a48a-b14e4a78507a,NOT_SET
86cb3c22-36bc-4fde-a3d1-ee7bb21f532f,INSTALLED_ACCURATELY
87269c57-d1dd-49e5-b640-5cd5df1bff16,INSTALLED_ACCURATELY
8743b3c5-9c8e-4c36-afc9-1dca5b628134,INSTALLED_ACCURATELY
8757a4af-0978-487e-baff-ecb61452a0a9,NOT_SET
87670c6f-08f1-406d-9688-f284365e3d13,NOT_SET
87f002e5-5df9-46f2-871c-b81cebc64026,NOT_SET
88005ab6-d142-43bb-b0c1-3a45faa4ea35,INSTALLED_ACCURATELY
88038cf7-8f84-4d6c-bbd1-dbfff9f63d54,NOT_SET
880818cf-fe64-4f22-b455-29457b9a146d,NOT_SET
8808d69f-0d5e-4389-8de9-eda9a3f1896e,NOT_SET
883caf8a-c9c9-4b2e-b88b-87d198ef7d84,INSTALLED_ACCURATELY
883d9535-2e47-4f0d-9d9c-c7beefc4e00b,INSTALLED_ACCURATELY
88501620-ad1b-4af0-8bff-4f0b639aaeb7,NOT_SET
885d55ca-738a-4756-b437-bc8ffed6f820,INSTALLED_ACCURATELY
88714daa-7ec9-4c53-a84d-eebcaa2d47a1,NOT_SET
88806c40-487a-486f-8b29-9322c5c670d6,INSTALLED_ACCURATELY
8885fcf9-3174-412f-8ce4-83435a4c1700,INSTALLED_ACCURATELY
889a71fc-5768-44b8-9c06-4843cc257bad,NO_STATUS_ROW
88b50f08-7bea-4266-abdc-f2ad83f4817f,INSTALLED_ACCURATELY
88c32d60-6e35-4fd2-858c-9d5000a3b7f0,INSTALLED_ACCURATELY
88c93a18-caff-4037-9dbf-4fa8c085bfd1,INSTALLED_ACCURATELY
88cb6b0b-2f46-42db-8971-269a7de08f47,NO_STATUS_ROW
88d8e080-2654-4418-ab36-9574af223a48,NOT_SET
89315547-7871-4632-bfe5-714fed4407d6,NOT_SET
894319a4-e68f-4503-b585-6c3f93d20eba,NO_STATUS_ROW
895fe05c-a60b-4a77-a135-f6a784db905d,INSTALLED_ACCURATELY
897bf23e-929e-4e5d-9279-1dc1583d7e81,INSTALLED_ACCURATELY
8998eb01-ddcd-4907-8a8e-77da4876e1f5,INSTALLED_ACCURATELY
89a80504-64bc-4457-9c21-07bc381b7a77,INSTALLED_ACCURATELY
89ba20b4-ce26-4f6b-9b02-4328fe23705f,NO_STATUS_ROW
8a1be201-e521-4b9f-b813-74e94189b4d9,NO_STATUS_ROW
8a392c44-805d-45aa-a7f6-8dae97170ac2,INSTALLED_ACCURATELY
8a56f588-b392-404f-aedd-853bea7f71c2,INSTALLED_ACCURATELY
8a56ffd2-53b9-4857-a5a8-18332563cb4d,NOT_SET
8a601b33-d2de-4295-95f9-5186956f0dab,NO_STATUS_ROW
8a6cd735-2fc5-44ff-b41f-4b1085fc2c2c,NO_STATUS_ROW
8ac6bab4-e290-4ca4-81e8-7a61052048d0,NOT_SET
8ad6df23-ef17-44dc-a3fe-556c6bf057d8,NOT_SET
8b06883a-765b-4c11-95a1-5eb2ddecbc6c,NOT_SET
8b2f6d75-7a9c-4090-98e7-0ee2f567123c,INSTALLED_ACCURATELY
8b30b05d-d2ab-4cd6-be96-7c4d49ec3154,NOT_SET
8b60e3c7-b41a-4982-b8e5-f275c7e148cf,NOT_SET
8b61caeb-8b5b-47be-9851-f7b368aa7fff,NOT_SET
8bc7a869-d299-48d0-b2df-3700caf4fb2c,INSTALLED_ACCURATELY
8bd0bea2-c0ce-4e11-8b4c-a799d9c091ff,NO_STATUS_ROW
8bd163ed-1aac-40df-8c7b-6ae028499bab,NOT_SET
8c2ced9b-d0ac-4a0c-a6bb-376c30a63881,NO_STATUS_ROW
8c54b8aa-8e63-493e-8a63-1f5a81c8c384,NOT_SET
8ca20127-b4fb-4b39-aa84-d50e8fd015c8,NOT_SET
8d1a8743-4423-49ca-a874-37e210508bf7,INSTALLED_ACCURATELY
8d1fc593-d2fa-4550-887b-bbc707efe290,INSTALLED_ACCURATELY
8d99a7d5-fae2-4d5c-8c03-2fbf4b9fe9e6,NOT_SET
8da22e12-2a9f-46a0-b723-50388030f72c,INSTALLED_ACCURATELY
8dab8f5f-2e41-4331-ad82-578ece3df3fd,INSTALLED_ACCURATELY
8dccacbb-dff1-4a84-ae99-a23648a6fd3c,INSTALLED_ACCURATELY
8dde5368-260b-47ad-aa39-123feab5b126,NOT_SET
8dfd1667-8390-4f86-a33e-04e69cc0b597,NOT_SET
8e0fd23c-a653-49e4-a9f9-3fdf3de02a38,NOT_SET
8e3b6b70-359e-4026-8898-fc5c71353a2a,INSTALLED_ACCURATELY
8e3f9f93-c053-49c7-bac3-65d581a8aef5,NO_STATUS_ROW
8e40bb25-aba4-4e73-9599-5a760d067212,NOT_SET
8e720298-3688-4868-9bcf-526763c959e2,NOT_SET
8e862202-8779-4fed-b9b3-f9370fd783aa,INSTALLED_ACCURATELY
8e89e3c5-3187-4f46-bbbd-45e34acad46e,INSTALLED_ACCURATELY
8e9c2742-c260-45ef-bd81-da520cf32000,NO_STATUS_ROW
8eb7bca6-ac21-4f9d-b9cd-4cdbb6ddad3f,NO_STATUS_ROW
8ebd3a3b-412d-40ec-b31c-49e8d088ab66,INSTALLED_ACCURATELY
8ec25c82-3e38-4511-b0f9-d3f5315f3a91,INSTALLED_ACCURATELY
8ec810e6-e2b6-4ae5-a6c0-48695537f20e,INSTALLED_ACCURATELY
8ecbdf4a-dba1-4059-8515-d390ab35083d,NOT_SET
8ed2f75d-2e3e-4cfc-ae6c-9503d98ebf4f,INSTALLED_ACCURATELY
8ed9bfe7-b5fc-4f5c-81da-d3d0c07c3b85,INSTALLED_ACCURATELY
8f435eda-4e2f-479a-8de9-e25c5fcd8a67,INSTALLED_ACCURATELY
8f4c0677-fcf0-4156-90a8-5765f5e4af38,NOT_SET
8f8986c2-41a7-4385-9719-3f643cff5e24,INSTALLED_ACCURATELY
8fa7b63a-d7e6-4625-b400-f8a7ed3701c6,INSTALLED_ACCURATELY
8fb0461d-d47e-49d6-9bb2-706c418cb058,INSTALLED_ACCURATELY
8fc53311-e022-4855-9e5f-c93c66235015,NOT_SET
9019a347-96e2-45f6-ba55-b6d9e064208f,INSTALLED_ACCURATELY
9019aa37-3fc7-48ac-9060-4e2c366cac15,INSTALLED_ACCURATELY
9026d474-3804-4fd2-ac0c-0636b599b126,INSTALLED_ACCURATELY
902d184e-8795-479b-bade-341c4178d788,INSTALLED_ACCURATELY
90892506-58d9-45d2-9b60-daf1f90df5b6,NOT_SET
90985a17-43f3-4387-8485-a58827783995,NOT_SET
90abfaf8-e133-48bf-9136-3b8a3f018528,INSTALLED_ACCURATELY
911abb85-5de0-4ffa-b456-3bec30f26851,INSTALLED_ACCURATELY
9131fcbe-62e0-4006-881d-78ce357ba798,INSTALLED_ACCURATELY
91f20e40-6a9a-4039-8a74-a240b53467b8,NOT_SET
91f93669-99ca-4ca7-84e8-d0c209cdb905,NO_STATUS_ROW
92000fb0-a675-480a-a0f8-1bf8866834e1,INSTALLED_ACCURATELY
921d4775-efc1-401d-8dca-1e50670ce217,NO_STATUS_ROW
92416814-40c2-4138-a1c2-3347ca5c0836,NOT_SET
92541888-7cc5-4d30-8eb5-3b13b0bcdf22,NOT_SET
92554647-d551-4e4c-926e-77ab7e9fbf26,INSTALLED_ACCURATELY
9279fbf8-5c30-4e2f-9786-bf0046c767e6,INSTALLED_ACCURATELY
92962ede-7c89-46ff-88d6-53af7002230c,NO_STATUS_ROW
92a422c4-8f44-4aea-9e93-08e353fa984d,NOT_SET
92b79c26-b6da-4431-8ac8-4167a4100699,INSTALLED_ACCURATELY
92bb8f6c-8808-47ec-abaa-479d433c40d9,NOT_SET
92f4d075-60d6-474e-a928-e21094577698,INSTALLED_ACCURATELY
931b2261-d0f7-4305-a120-71924073eb29,INSTALLED_ACCURATELY
931c68e0-d2e4-4222-93d9-96ea4492ef26,NO_STATUS_ROW
9346d47c-c9b1-42b4-977b-963c083139b7,NOT_SET
936071cd-25a0-4944-9135-49dd5f0afabb,NOT_SET
9367f355-cf66-4e27-a0ec-11c6898827a6,INSTALLED_ACCURATELY
93a38a20-855c-41ba-9b35-b849fa058671,NO_STATUS_ROW
93bf6690-20a5-4922-b46f-cf489193cb94,INSTALLED_ACCURATELY
93ca8c7c-a0f9-4d6a-8e5b-6ca1b4a8af92,INSTALLED_ACCURATELY
93d69103-db9e-4b7b-95a9-71f459b80a46,NOT_SET
93d9b94b-a668-4ac6-b79a-594a2617e073,INSTALLED_ACCURATELY
941f8501-027c-4cf7-849b-f8e088db75ca,NO_STATUS_ROW
9432b64e-532d-43e1-b602-8769244a7784,INSTALLED_ACCURATELY
94bf0b34-298a-4bd5-b778-7c6daa30adc3,INSTALLED_ACCURATELY
951306b8-4ee1-48d4-93f1-c159a8bdadd3,NO_STATUS_ROW
9517b956-acc2-4289-a3ce-c9b68e613319,NO_STATUS_ROW
9525a4b9-afc7-4f2c-bc71-a521ea9de78e,NOT_SET
954b1914-dabe-4802-b1e3-37fa4b4df366,NO_STATUS_ROW
954c42f6-5bcf-4fef-9055-8909ad7d9734,NO_STATUS_ROW
955fed28-e2e9-435d-8169-0713531979a3,NOT_SET
9597b37f-b7f6-45f0-bc25-e1d1203bde76,INSTALLED_ACCURATELY
95c4dcb0-4f0c-4453-bdc6-40d4bb84df47,INSTALLED_ACCURATELY
95d4c052-1ca9-4d6f-99ed-8271ebf5ba63,INSTALLED_ACCURATELY
96157e0d-9344-4508-9ba1-a5646d3e6a30,INSTALLED_ACCURATELY
962ec00c-e439-4d11-b5e1-328c94bf542c,NOT_SET
96481b76-4517-4b3e-9156-d0017b4c8ecf,NO_STATUS_ROW
96510fb5-5b4c-4bf0-9248-c84b9422a2ab,INSTALLED_ACCURATELY
96625e38-8d9c-4729-9392-7c98f68460a7,NO_STATUS_ROW
9677feaf-12b3-43de-9695-d734215c7c58,NOT_SET
968c8cae-a8a7-49e8-9f0c-e822e5d7abc8,NO_STATUS_ROW
96ae5572-8a67-478d-836e-91534e25a2d1,NO_STATUS_ROW
96b5a282-d808-403b-a163-61f627ffad32,NOT_SET
96ba452a-fed2-472e-8d71-13deb2dca3d7,NO_STATUS_ROW
971f9878-ce2b-4a3f-afde-316e0508fbf9,NOT_SET
9736669f-ec0f-4537-a3e6-72a4187c0a0d,NOT_SET
9738d39c-4837-4cf1-80e9-1e0efdf9cf1c,NO_STATUS_ROW
975940d1-cd35-42c5-82ac-03a2b17a6d46,INSTALLED_ACCURATELY
976c6cec-177d-40f8-988d-82d5660c76f6,INSTALLED_ACCURATELY
9776dbb8-63c2-4d42-a1f7-1f2fac5d477b,NOT_SET
978d9244-0be3-4c65-8d7c-31a10c54e907,NO_STATUS_ROW
97c4b032-c156-4581-8a18-fcc8aba97546,NO_STATUS_ROW
97eb96bd-b3bd-463d-9127-8240259d2d2c,NO_STATUS_ROW
9802884b-ce35-465b-b211-3e5fbf95f237,INSTALLED_ACCURATELY
98125627-2935-4e09-bbcb-dba881790bec,NO_STATUS_ROW
9819b2f1-0307-4be7-b1f0-172b6628c700,NO_STATUS_ROW
985edd53-279d-4c99-bfaf-e5c809f529a9,NO_STATUS_ROW
986bc3fa-3107-46df-aa82-a5a45008b9df,NOT_SET
986f06f4-59cd-4f90-9a83-d8ca5b624de1,NOT_SET
98852f9f-8e4d-4035-8fb9-5ab65d5477b6,NOT_SET
98bea0df-4075-4442-90e2-9b5a021517d5,NOT_SET
98de21d2-5e5e-4be2-8638-dd9f37dd0e35,INSTALLED_ACCURATELY
9910762e-ff87-472f-b418-2395f4b43f2d,NO_STATUS_ROW
99171b43-c45f-4196-b3b7-2bba481a3632,INSTALLED_ACCURATELY
994a6ec5-899a-4921-8d80-b6e201bf65cb,NOT_SET
99825dee-87c7-40c6-b704-d935c73c918e,INSTALLED_ACCURATELY
9987cefd-4bcf-40b1-a6dc-1b19dd5253aa,NOT_SET
99c54cb1-41d3-4f8d-bf46-8927f0154865,NO_STATUS_ROW
99e16966-f642-4233-abae-f0803449ace0,INSTALLED_ACCURATELY
9a0bf9d7-3025-4a1b-b5e3-c6274d5c4783,INSTALLED_ACCURATELY
9a4a5913-22b5-45b6-92d1-e70154508c01,INSTALLED_ACCURATELY
9a613b85-71b5-4bd5-8641-98a125d9b7e9,INSTALLED_ACCURATELY
9aaed3d1-98b6-4d1a-b693-1fe5f0c67354,INSTALLED_ACCURATELY
9ad6333e-f830-4942-a7f5-993be296b1b8,INSTALLED_ACCURATELY
9ae44569-652f-465a-a171-22b19d13868d,INSTALLED_ACCURATELY
9b2a9fe3-4c49-48fa-83e7-effcb657f912,NOT_SET
9b5fe31e-2944-47dd-a344-cfb94d68eb62,NO_STATUS_ROW
9b75b3e6-b7df-4fda-9c86-d3def23b334d,INSTALLED_ACCURATELY
9b75fb3c-dc49-42d5-a2bf-50d7e6dcd891,NOT_SET
9ba125f6-94ba-4c29-9ba4-c64693b032ec,INSTALLED_ACCURATELY
9bc197b5-f438-4a07-8be7-856d415242d4,NOT_SET
9bc5d6d9-9a6e-463a-b03c-e1541eb2ce3c,INSTALLED_ACCURATELY
9bc69605-12b4-4cc7-a9cc-a5feac624dae,NOT_SET
9bd8e28d-f835-4dee-bc29-7ee32e4fc4c4,INSTALLED_ACCURATELY
9bf724f0-fd24-402c-ad8e-005c5b2147c9,NOT_SET
9c5a1c90-ddb0-4f40-87a2-ffc5752a3994,NOT_SET
9c65e7fb-aab9-4ddb-9a33-1101bd124203,NO_STATUS_ROW
9c6a6b12-f1c1-4bee-b86a-c91c051cea3d,INSTALLED_ACCURATELY
9c75d126-9430-4746-9049-6c04c45ec9dd,INSTALLED_ACCURATELY
9c7af725-c6bd-4a75-901c-fc9386035c93,INSTALLED_ACCURATELY
9c8951e4-18b9-449a-b80f-789c7f1a4755,NOT_SET
9cb0a3ad-1491-41a6-a646-233269f3f0bf,NO_STATUS_ROW
9cd7eb7f-30e0-4db6-8637-a1bbb414e47d,INSTALLED_ACCURATELY
9d3c7de4-3de5-4ea5-8ebc-03a8484bb8bc,NOT_SET
9d64e9ce-32ae-40b6-b013-6b15f2638aa3,INSTALLED_ACCURATELY
9d8fd891-847d-4865-ba73-1fcab05a3a38,INSTALLED_ACCURATELY
9dd45ea5-bf1e-4401-9737-dfc6a66c0f91,INSTALLED_ACCURATELY
9dd5d95d-ae48-43a6-91b3-43d43edcb082,NO_STATUS_ROW
9deb148b-8e6b-43a9-af85-2b69d567b7aa,NOT_SET
9e201fd3-fc16-4518-9390-3714dddc1c23,INSTALLED_ACCURATELY
9e341a7b-24ef-4a06-8b34-95c7c0a484f2,NOT_SET
9e508ace-1807-4a02-bfde-ad74876af661,INSTALLED_ACCURATELY
9eac338d-e7ae-414d-96ae-306e4e9d31e5,NOT_SET
9ef05cd9-3970-437b-84ce-ef6e2da7fee8,NO_STATUS_ROW
9f0ee6ea-ffbf-400f-9606-23e4f24a13fa,NOT_SET
9f13632c-226e-4c31-ae65-4b2845dd3fc8,INSTALLED_ACCURATELY
9f397822-f90f-403f-9f81-133f05935f43,INSTALLED_ACCURATELY
9f5f2931-c1d8-430c-9bb4-828a0054b04a,NOT_SET
9f62c9e2-5026-451e-9a68-23c0912717e7,INSTALLED_ACCURATELY
9f9782cc-e955-497f-b1eb-79ff4fa33072,NOT_SET
9fd6d187-292f-43ca-8313-8790f0fe3fff,NOT_SET
9fe226ef-9d3e-4a53-adad-0b7ddd8119ba,NOT_SET
9fe6bcb3-686f-4466-920e-3724f4d60857,NOT_SET
9ff0a4c4-5c9b-48da-b5a6-0116c0f15b54,NO_STATUS_ROW
9ffe0625-0a4c-4848-a2a9-c372a75c8006,INSTALLED_ACCURATELY
a00e6730-4a9b-4e6b-8d71-ad556b785683,NO_STATUS_ROW
a0153500-edbc-49ae-aff0-a7cc3df5805e,NOT_SET
a0154e7d-1ff5-440b-971d-88d051c50eaf,NOT_SET
a03dd5c6-e65f-4ff9-a81b-c7c107c4bbbc,INSTALLED_ACCURATELY
a0557520-7fb4-40b8-9806-629080063c2e,INSTALLED_ACCURATELY
a09556c2-c57b-4f45-b2b3-69abfddbf6e7,NOT_SET
a09a304f-3016-4f81-b707-f74d6f3339bd,NOT_SET
a1185b6b-befc-424c-9334-c2f210ea4768,NO_STATUS_ROW
a126903e-ff1b-4655-abd0-0b8bce6b3f56,NO_STATUS_ROW
a1298e0b-4bb9-43ae-ba68-60176c7438c2,INSTALLED_ACCURATELY
a135c7ab-b633-4e9e-8c7b-6bd6b9df0c34,NOT_SET
a142016a-9c00-4417-8e21-31e4a2afb011,INSTALLED_ACCURATELY
a1900fc1-53c2-4566-ba54-44a631a9535f,NO_STATUS_ROW
a1a13093-f782-4597-84c9-98f28cace929,NOT_SET
a1e6f267-ec14-4359-9dda-48cbd64815a0,NOT_SET
a20e2222-dd0f-4dbe-9362-f216fe9fc83f,NOT_SET
a2135ec1-9283-432b-aa6b-0047e143c7e9,NOT_SET
a237236d-5f2a-4c72-b4a8-f5749d075ddc,NOT_SET
a24cf64e-a671-4d63-9b79-96408a52ecee,NO_STATUS_ROW
a261146c-5f57-486a-88ff-73df6443e4c1,INSTALLED_ACCURATELY
a2713e88-42fe-4a98-bcf4-fa6ecf747209,NOT_SET
a29d65ec-2666-4da0-83b5-b0359892092c,INSTALLED_ACCURATELY
a2a0a30a-adba-4023-910c-b9c70fd34c94,INSTALLED_ACCURATELY
a2a170a2-9ebb-4c6c-9bcb-24ad71bc6a91,INSTALLED_ACCURATELY
a2a8215e-afec-4284-8c8c-71481a280ceb,INSTALLED_ACCURATELY
a2e66ebf-cf90-462b-bc3e-d5e0179fe59f,INSTALLED_ACCURATELY
a2e94929-4f92-4607-b63a-99a9fe1baed7,NOT_SET
a2f45f9a-50a2-450e-94e7-9789c926f738,NOT_SET
a33df237-14e2-44f5-b837-f6f1ae451424,INSTALLED_ACCURATELY
a364a5ca-5024-4a94-bf3e-13ba4a5f3881,NOT_SET
a370dee4-42ed-411d-be8f-cc470c673886,NOT_SET
a37c1337-86a6-4620-a0e8-a197230d4e6a,NO_STATUS_ROW
a3df3c2a-6d1d-4866-998f-0485b58a3820,NO_STATUS_ROW
a3e61374-cc2d-4f2e-b2d7-207f44e56cb0,INSTALLED_ACCURATELY
a3e66f20-a375-4bb8-befe-00c7c2cc12b4,INSTALLED_ACCURATELY
a3ffec1d-aff3-473b-8f3b-f99c7ec28187,INSTALLED_ACCURATELY
a40a3fed-cec5-4162-a46c-8a50a2b4310f,NO_STATUS_ROW
a40bedfd-c2d3-4afc-b95c-669c3486e2f4,NO_STATUS_ROW
a41fae14-ff45-48b6-90b4-3831b2d34821,INSTALLED_ACCURATELY
a422af8b-e1cf-44b2-b285-5f9c7029e2ea,INSTALLED_ACCURATELY
a4430e6a-5179-4a5e-9658-e98060f688b0,NOT_SET
a44a5b09-29c3-4ba5-aa8a-720f9b64a316,NO_STATUS_ROW
a47a2a3b-c231-43d0-8be1-ea216e234d95,NOT_SET
a47fe757-3022-424e-95f1-05563ef1ffef,INSTALLED_ACCURATELY
a48d1faf-29b9-4992-87e5-e8d5e2e7dab0,NO_STATUS_ROW
a491a849-f3b0-4509-8028-e9a418e55c52,NOT_SET
a4daad11-1b17-45b5-b8df-fd2c1e58c311,NO_STATUS_ROW
a4e44448-0176-4c81-b004-608deb5f6636,INSTALLED_ACCURATELY
a4ea2e07-66bd-43c9-a54e-a3f3f392c116,INSTALLED_ACCURATELY
a4ee3144-e8c0-41b3-87b5-62b8006607aa,NOT_SET
a4ff6c06-67f2-48ba-aad2-cc6a011e9b9f,NOT_SET
a502d991-2a41-45e3-81fb-777ec995fd9f,NO_STATUS_ROW
a5266b5b-a11e-4912-bd1f-47bc980c0a70,INSTALLED_ACCURATELY
a5275302-b00e-44a5-9d77-da953ffdacad,NO_STATUS_ROW
a544ef5f-36b2-44e8-92a1-960525928608,NO_STATUS_ROW
a550cc1f-546d-4e96-8502-8dfd85f2cbde,NOT_SET
a5822735-05a4-47db-8e08-bd110ad77344,NO_STATUS_ROW
a587c7ac-7227-4dc7-81d8-cf8c7d1035b1,NOT_SET
a5882e20-91cf-44c2-85fc-08ac7eda9216,NO_STATUS_ROW
a5894b5e-521f-4a9f-99d2-8cb0d1add9b3,NOT_SET
a59f0f1c-ed39-452b-b1ed-d6d478cc9400,INSTALLED_ACCURATELY
a5bed3ba-0537-4f18-8e47-51b786bc0331,INSTALLED_ACCURATELY
a5f28b7b-0803-408a-93e4-82e47e2ac5d4,NO_STATUS_ROW
a5f70af1-40b1-4754-9e6e-988d173959d1,INSTALLED_ACCURATELY
a656d146-2ad3-42e9-9b25-7a5deedc8074,NO_STATUS_ROW
a69d6b86-6e01-4957-b64c-4c632d2bde26,NO_STATUS_ROW
a6bd67ca-74b8-4b1b-9951-d016a4b5b07b,NO_STATUS_ROW
a6cf5017-e615-4232-9bce-c356d7c76d4b,INSTALLED_ACCURATELY
a6e34ca0-b4d8-4004-9d29-214ecaa0abd1,INSTALLED_ACCURATELY
a71702a8-b658-41ce-904b-a49cb8cf3de1,NOT_SET
a726010c-1571-4d3b-9f6a-4aff1a9b8ce9,INSTALLED_ACCURATELY
a73f7268-3c4f-4310-bd0e-a93787d23243,NO_STATUS_ROW
a752512d-0054-4c90-9d3a-a31b43b30183,NO_STATUS_ROW
a77b1b7c-9c3b-43e0-93cc-daa605d4a7da,NO_STATUS_ROW
a7a6b5e7-77bf-4543-8099-a86d827d2c83,INSTALLED_ACCURATELY
a7a7c942-b87e-4566-94f5-8a765eb0704f,INSTALLED_ACCURATELY
a7b371bc-033c-457b-a133-99c70ca8fa8a,INSTALLED_ACCURATELY
a7cbcdba-89cf-40b5-af57-ef9fc3fa8752,NOT_SET
a8149db7-70b7-412d-963c-c3a6be986c3e,NO_STATUS_ROW
a82653ff-b6a1-4949-a5f4-b5c6ec36ddaf,INSTALLED_ACCURATELY
a857ab06-02cf-46e8-9147-029c4df14026,NOT_SET
a864f682-ea85-45b0-9fd3-2c5f3cf1d4d7,NOT_SET
a86adee6-9146-4c2b-bad6-d3864b260837,NO_STATUS_ROW
a87c8822-7f81-46ad-aa1a-2fb57431b12a,INSTALLED_ACCURATELY
a88b12cb-b16e-43a5-b694-81847769269b,NO_STATUS_ROW
a8afaf8e-b96a-43b7-a165-b23cd250839f,INSTALLED_ACCURATELY
a8bb2a44-22b6-4592-b48e-e93f4ee713bc,INSTALLED_ACCURATELY
a8dccb3b-bd8b-45cf-9adb-67be3fa6a413,NO_STATUS_ROW
a8de87eb-a6f5-418b-9996-f0e38008e496,INSTALLED_ACCURATELY
a91b9f35-6ada-4ee8-8a01-885b86e0b6a9,INSTALLED_ACCURATELY
a99a191c-ec11-4cb6-9b2d-4895748a6a2b,INSTALLED_ACCURATELY
a9e20842-6dfb-4277-87f9-c497b6f01fdd,INSTALLED_ACCURATELY
a9e3f867-b7ef-4241-8323-fe171b56eec4,INSTALLED_ACCURATELY
aa0315ba-057c-4e4b-a9fa-1f72c5eb2e6b,INSTALLED_ACCURATELY
aa0a5e7a-0458-4688-8cc2-c3e4a4953bae,NOT_SET
aa0ee739-d609-4dd8-b336-63a95a65d48b,INSTALLED_ACCURATELY
aa12033f-57ec-48f2-aed5-8e5d2f17d9af,NOT_SET
aa184dc6-25df-4cef-9582-c262adf9e057,NOT_SET
aa547196-3f42-4b7b-b1b9-e9fba562e6bb,INSTALLED_ACCURATELY
aa59cf52-57a3-41f2-9f1a-3504fb2080a7,INSTALLED_ACCURATELY
aaabd75c-8cc6-4d8c-80f5-777f4795661e,NOT_SET
aadb5150-8b32-4e1f-9fb1-2c4edadfa153,INSTALLED_ACCURATELY
aaf82651-7f08-4d66-a5fa-44a2bddf2d41,NOT_SET
aafa01ba-249d-4d25-a33f-56a7af2693be,INSTALLED_ACCURATELY
ab0a8a8a-3778-4eb6-827e-62bae6a75852,INSTALLED_ACCURATELY
ab237738-2638-409f-9fcc-bbd0bee3f1c3,INSTALLED_ACCURATELY
ab2454ad-ee15-4b95-8b9b-cc5d66929647,INSTALLED_ACCURATELY
ab624d14-1c38-473e-984e-5d7b9dcf86ba,NO_STATUS_ROW
ab634402-697a-4bbf-a445-0c40ea49873d,NO_STATUS_ROW
ab66ff94-b7ca-4aef-a346-64a1125c4ff0,INSTALLED_ACCURATELY
ab9fb1a6-67c2-4bd7-b1a3-f03c52348958,INSTALLED_ACCURATELY
abafe8d1-8b50-4301-80f0-ec1d2d538100,NOT_SET
abc1995e-8cb1-4b49-8927-87e1b1237d69,NO_STATUS_ROW
abd33093-0c44-495b-8938-ca7eb69380c5,INSTALLED_ACCURATELY
abe3551d-e9cb-4669-8948-5d2422daf37a,NOT_SET
abf3bf06-9783-4c2e-8f51-30b1b985b906,NOT_SET
ac4f60ab-f90a-42a2-bb1b-dfec279d5cb1,NOT_SET
ac6442b5-5221-4b2e-adf7-bf54ddb7c545,INSTALLED_ACCURATELY
ac69deb9-4e36-49b8-9232-74fc28ea2ca4,INSTALLED_ACCURATELY
ac6f075a-8de3-432f-ac85-297499d145d5,INSTALLED_ACCURATELY
ac6fb089-fd16-4607-a344-8d62114a1e80,INSTALLED_ACCURATELY
ac932e9b-c8e8-4df7-95f0-e86ebff9178b,INSTALLED_ACCURATELY
acb5133d-0228-46b1-ad55-e601a3f8afe1,NOT_SET
ace9a163-05b3-4ca0-9af8-c6b8b8f5fbf4,NO_STATUS_ROW
ad3a8ab2-f936-4452-abde-1c7aeeb3297d,INSTALLED_ACCURATELY
ad6d1578-b24f-4eb5-9b99-0be7ae198f98,NO_STATUS_ROW
ad8ce3a5-3c53-4e58-a25b-6cc4d4789dd6,INSTALLED_ACCURATELY
ad9a4b5b-f12f-4831-bfb4-14fd5521b9ba,INSTALLED_ACCURATELY
adaf5305-6c43-424c-8aeb-8f91705dce81,NOT_SET
adb00d8b-7a64-4d95-8830-500d7436957e,NOT_SET
adf360dc-9b59-400b-90d5-a3dbefabe8a2,NO_STATUS_ROW
adff15fa-3718-4b92-8638-e042e310e85e,NO_STATUS_ROW
ae055455-42cb-426a-a057-5adaecc46f93,NOT_SET
ae16155e-6d0d-4a23-80ba-49c4721ecc61,NOT_SET
ae444624-ca44-4abb-a984-c8660eb84313,INSTALLED_ACCURATELY
ae54a508-cd8a-45dc-b601-78936784dce2,NOT_SET
ae967ae7-b74b-45a1-a0f9-01bfdc39fd2a,NO_STATUS_ROW
ae98ca40-4bf6-49c9-9db4-1790a294cb40,NOT_SET
aedc5a20-eaaa-407d-a9ed-d6508a3d7a9e,NOT_SET
af29a5d7-f2b4-4195-aa5c-0bd6f9218981,NOT_SET
af413bd6-2ab7-44af-b305-fa6b52c574cc,INSTALLED_ACCURATELY
af5b3e11-ca78-40cb-af69-8d1d7df9e232,NO_STATUS_ROW
af5d34a2-75a7-4a82-bbac-01ad8a736c40,INSTALLED_ACCURATELY
af8efb19-b097-4eb2-bcb1-e2f478e3880a,NO_STATUS_ROW
af92b04b-4ff9-4a58-8e50-ed5db8f8274e,NO_STATUS_ROW
afbe2016-894d-4005-8e02-7553ac6753ae,NO_STATUS_ROW
b058dfdc-4a9a-49e3-8012-a76ca3dc124e,INSTALLED_ACCURATELY
b075bc90-d42a-4354-90b3-a27eacb3244c,NO_STATUS_ROW
b0969458-0d73-4410-906c-cdaf902f0256,INSTALLED_ACCURATELY
b0c01515-5804-4159-af44-f8ea08144784,NOT_SET
b0df0294-c1df-4118-aa59-4e41dd795ae8,NOT_SET
b0f2185d-f5d0-4c90-9daf-710b2ab9572b,NO_STATUS_ROW
b13af2cc-08a4-490f-84a1-a4bfac3b8aea,INSTALLED_ACCURATELY
b15222eb-79ba-4a90-8ac8-44d285605c1c,INSTALLED_ACCURATELY
b1837a1c-a331-4535-9c19-5e81099fe223,NO_STATUS_ROW
b187f8a9-2cf8-43f8-b425-6efdfea709db,INSTALLED_ACCURATELY
b1e91f91-64f8-4664-a2c1-00e3fa30b9c7,NOT_SET
b2056fa4-5083-4ac8-b194-0b729683d774,NOT_SET
b2271cfa-e3fb-4977-9061-b6d7a837535c,NOT_SET
b23b1e6d-5698-4035-b92f-08d71f6e5905,NOT_SET
b240aa2e-8384-4a81-a0d7-feb189354fde,NOT_SET
b254b42a-0460-434f-84ef-7138b10f2d63,NOT_SET
b26cc476-2c43-421a-ba0b-96e88c22d591,INSTALLED_ACCURATELY
b3140d66-9d9f-4eae-a009-ccbb3f766b86,NO_STATUS_ROW
b3265c75-85f9-4de4-ae9b-ef936ababcda,NOT_SET
b32b3fbb-2786-4243-8c4b-88c37d8f1bd5,NOT_SET
b3502634-e0db-44c8-9eb0-f9e7f64c5022,NOT_SET
b3623c0e-a3ca-4af5-bb06-3d2f42f302d5,NO_STATUS_ROW
b366f2ea-742e-4ad3-94ef-0d08f3629c0a,INSTALLED_ACCURATELY
b38d042f-d8b5-442a-b787-c95136219567,NOT_SET
b3985728-3b71-40dd-9518-d792da715113,INSTALLED_ACCURATELY
b3ba5ee5-0ad4-4233-a58c-abc6e51691fa,NOT_SET
b42d5430-01f8-4ca6-a1e4-eadf2864d9c4,INSTALLED_ACCURATELY
b476b31c-25fb-4d57-997b-265a65f96743,NOT_SET
b488a8e7-5f72-420a-85de-26cd4ca9d216,NO_STATUS_ROW
b4964b06-daa6-47a6-aa64-9253ec453412,INSTALLED_ACCURATELY
b49a741b-77ae-4d56-b084-499a2587a949,NOT_SET
b4d6b2e4-c0a2-42dd-b76e-ce84a13be292,NO_STATUS_ROW
b4ee3b49-443f-44eb-a85d-915d2c08d6b4,NOT_SET
b508d135-76a8-43c6-8d54-2fb073314609,NO_STATUS_ROW
b532cd06-7215-412f-8f37-2dac9fdeecc8,INSTALLED_ACCURATELY
b5332c1b-0f1d-4699-ab27-dd4a30ab725c,NO_STATUS_ROW
b54253e4-1351-4c4a-a44d-d6f9b0f26ff5,NOT_SET
b5745a42-0e19-4868-ab0f-8b6c204e4dcf,NOT_SET
b5801d20-9be3-4e1a-9b8f-68d99d17fcc4,INSTALLED_ACCURATELY
b5a7ff09-fffc-4bda-8168-357e4f9d5306,INSTALLED_ACCURATELY
b5b42080-0e4d-47fe-a6fc-f10606a5ccc3,INSTALLED_ACCURATELY
b5c20623-c88a-4ad5-b632-5b8061cac740,INSTALLED_ACCURATELY
b65377bb-5990-4133-b065-265c728a8445,NOT_SET
b6612892-2010-4b74-9eff-ee17bccf656f,NO_STATUS_ROW
b66300ff-4093-47c5-9cac-978002dcd4ec,INSTALLED_ACCURATELY
b674bd54-59d4-4f06-8f4e-ba1ce993cff7,INSTALLED_ACCURATELY
b691c330-d4fe-4dfd-a8c1-23ebd8841b7d,NOT_SET
b6c552e7-69a9-4868-ac5a-5b9e758c5111,NO_STATUS_ROW
b6dbcab2-407a-4fbd-b970-0c511e46c590,NO_STATUS_ROW
b70f9a0f-df28-41b6-8512-ebce10ad7121,INSTALLED_ACCURATELY
b72e238c-7ba6-46ac-aaff-78c0f7a3efee,NOT_SET
b76c5540-e057-4f3b-9ba4-401b1d982d56,INSTALLED_ACCURATELY
b7a3f95a-9256-44f3-b7f6-15e8c48236fb,NOT_SET
b7aa9738-8849-46d6-8ee7-da4378062a3f,INSTALLED_ACCURATELY
b7b3beb5-0bca-4540-ac0b-b8df52f37b1b,INSTALLED_ACCURATELY
b7bb6cf7-8748-4638-9ec9-6a8694f4dd24,INSTALLED_ACCURATELY
b8278e5b-4d27-497b-a035-1b7f5084fcff,INSTALLED_ACCURATELY
b84786f1-1c68-4c84-9ea3-f127d05d5bf7,NOT_SET
b848ce49-1f8c-4ba7-8f78-dd4e78b04105,INSTALLED_ACCURATELY
b8533290-c847-4f96-89fa-76929da3db70,NOT_SET
b86be762-e39e-49e1-acff-833a81f6b5ec,NOT_SET
b8984fdf-373b-4992-b827-675813259a78,INSTALLED_ACCURATELY
b89a0a2a-7ee2-42d1-b34f-6f7be2edf4c8,INSTALLED_ACCURATELY
b89d488d-879e-4eac-9ab0-7a4d7ca9667c,INSTALLED_ACCURATELY
b8abc43a-0118-48c6-84ed-89901a0193ab,NOT_SET
b8f3eb37-82bc-4366-80d1-d4901f50c2b7,INSTALLED_ACCURATELY
b9286407-42f5-45a1-b3b1-ec6abb632128,INSTALLED_ACCURATELY
b94fa83a-9ffa-40bd-b4a9-6fcd69d8f7ba,INSTALLED_ACCURATELY
b979d3c9-c85f-4058-b9d0-f16b296dfc85,NOT_SET
b9875d4a-b6e3-4d36-807f-c9a47e7307eb,NO_STATUS_ROW
b9a785e0-9d11-47b4-bd3d-08b1c53dc435,NO_STATUS_ROW
b9e03571-bd64-4782-9d31-17ff76be1980,NO_STATUS_ROW
ba1ab663-46c5-4022-9df2-89910b3d4fa5,NO_STATUS_ROW
ba28cc90-4505-4a4a-9908-2f9bf94ec83f,NOT_SET
ba44b31e-aa32-47e4-8186-2befe2017a34,NOT_SET
ba64b5cc-1107-49cf-bb25-45cd23dac746,INSTALLED_ACCURATELY
ba945c21-81a5-4048-8e06-0517816a6220,NOT_SET
ba9b49e0-a6ad-4cdc-87fc-b22ccc817dc0,NOT_SET
bacee7ab-e66f-4da7-944e-9f8321f6dfa0,NOT_SET
bad1a2bb-3fd9-41ec-ad42-18caac22f447,NOT_SET
bae62516-d402-4754-ae37-20ba170cf6bb,INSTALLED_ACCURATELY
bb04361d-bc34-4f8a-9acc-fde18622f50e,NOT_SET
bb0f19bc-ff05-415a-9b40-112ccb0e1ee5,INSTALLED_ACCURATELY
bb3feb1f-fda3-472e-8cce-62612c4c8a47,INSTALLED_ACCURATELY
bb4979c0-31ff-49b1-8426-c572181cb48d,INSTALLED_ACCURATELY
bb5068f9-5101-4623-b568-c7f1c131d3d9,INSTALLED_ACCURATELY
bb51bead-ae23-4dc9-904d-2f3b236eee0a,NOT_SET
bb837976-1bec-48e0-acf5-1f8fce895093,NO_STATUS_ROW
bbb40039-693b-47e7-b88f-0e74c8e47f66,NO_STATUS_ROW
bbc55f50-3565-42aa-94a4-bd4bc0433f5a,INSTALLED_ACCURATELY
bbc7710c-8ce9-41e9-888f-aa8338764aa9,INSTALLED_ACCURATELY
bbcd2710-2d5b-473b-b768-a554aa1a1efc,NO_STATUS_ROW
bbd7f16c-3786-4cf0-91c2-70c63e93bb98,INSTALLED_ACCURATELY
bbdbf34b-1f9a-4a96-8e24-9bf4b22c79c2,NO_STATUS_ROW
bc7095b9-e312-49de-b7c3-8f735967bab2,NOT_SET
bc95013e-547f-4806-b079-fbe9b77cf70b,INSTALLED_ACCURATELY
bc99458b-b695-4d02-93b2-6fd0a0d9eb66,NOT_SET
bcb0352e-0af6-415c-b028-c278d5f9822b,NO_STATUS_ROW
bcc158e9-9dce-492d-a206-c8c1abfe9860,NO_STATUS_ROW
bcef4e34-40ec-4cb4-b022-2b22da67a130,INSTALLED_ACCURATELY
bd1202e1-e9e9-4d37-80b5-4a22cc8c73d5,NOT_SET
bd34ac16-c837-4970-8b2c-dee8b4b203f9,NO_STATUS_ROW
bd3a4f3b-7590-4dbe-b362-d940a5c71c45,INSTALLED_ACCURATELY
bd3a57d5-e05c-4f73-83f2-d181f2d3a748,INSTALLED_ACCURATELY
bd4ec2bd-f972-4c12-af0d-31c94d90439c,INSTALLED_ACCURATELY
bd6031cc-890e-4049-8c6d-af57c5252aa2,NOT_SET
bd719065-6f33-4caf-aaaa-d4f9cd026123,NO_STATUS_ROW
bd7fb939-c418-429c-a67f-d1efa303ad52,NO_STATUS_ROW
bd84702b-93af-4e8e-a948-ec50db309803,NOT_SET
bdab8d32-add1-41ce-a4f6-068ba8394abd,NO_STATUS_ROW
be0901f5-c271-41b3-9d98-367995e92f15,NO_STATUS_ROW
be103bd0-c6af-4b13-8977-ea9fafaad04f,NO_STATUS_ROW
be19f37d-e3e3-4ab7-bcc4-749fe6bad828,INSTALLED_ACCURATELY
be21b08f-e087-477f-96c8-5464dad073c2,INSTALLED_ACCURATELY
be2c3993-f648-45b9-9f7a-03f412fe4381,NO_STATUS_ROW
be42908a-8587-43d9-b1d4-8e8126981c9f,INSTALLED_ACCURATELY
be4985d4-355d-4c21-9b66-474a8c18d020,NO_STATUS_ROW
be4ed0af-e1f1-46b6-ac38-9f90a617fafc,INSTALLED_ACCURATELY
be529486-d988-4141-be30-79f678ee814a,INSTALLED_ACCURATELY
bedbd0d5-5749-44e4-800c-d30a74a064de,NO_STATUS_ROW
bef97898-200a-470c-944d-cc4303b06290,INSTALLED_ACCURATELY
befcf1ce-cd03-446e-bebc-be13c3c3973a,NOT_SET
bf06e6d6-0a33-4592-9ece-a6f7073e5476,INSTALLED_ACCURATELY
bf08dabf-e210-4118-b1f2-3a92049e40c7,NO_STATUS_ROW
bf4333f4-95e9-424c-becf-50072cf00417,INSTALLED_ACCURATELY
bf5d356b-2559-4ba6-a9b4-482b07c4135b,NOT_SET
bfb4ddb1-9730-427e-8fed-c697d2224d40,INSTALLED_ACCURATELY
bfbc702c-a0c9-4585-be5b-62e5cd626670,INSTALLED_ACCURATELY
bfd233e4-38f5-4a18-afb2-71c34d3edfbc,INSTALLED_ACCURATELY
bfd439c1-636b-4295-9598-bba5535339bf,INSTALLED_ACCURATELY
bfecb9cf-6f2b-41c6-967b-73a68f8b90e1,NOT_SET
bff292b8-d7d2-4626-88b2-eeddcad12e35,NOT_SET
c008d1b6-62cb-450c-a2db-829df503a773,NOT_SET
c051dd5d-9f05-4be1-9658-845830b4fb04,INSTALLED_ACCURATELY
c0a2af64-313a-4db8-954b-cac6b5b889ee,INSTALLED_ACCURATELY
c0c3cc56-72a9-4097-845e-125599f18467,NO_STATUS_ROW
c0d3fd64-5834-4250-af22-ecf114290feb,INSTALLED_ACCURATELY
c10b2159-da40-4b26-b424-f7c256fd4c07,INSTALLED_ACCURATELY
c10b4d20-003d-430a-8856-cebed37588d2,NOT_SET
c11a9bac-a964-4b61-8db0-7a81bd2b9546,NOT_SET
c1254230-4d71-4775-9006-2bd185fbb7fc,NOT_SET
c14d2958-c65d-4cc8-bd58-dcd63a08fc7f,NOT_SET
c1a3b825-f9e6-479f-b467-a5c0c3a322b3,INSTALLED_ACCURATELY
c1a498f0-0b70-4d01-abe1-2535f5a63db2,INSTALLED_ACCURATELY
c1b7607e-15ae-4047-a9bb-30de8a2fcd06,NO_STATUS_ROW
c1e3d32c-1064-4019-8a80-9143fef3fd17,INSTALLED_ACCURATELY
c1f660ad-fdfa-4b65-bea0-594fa1e00f2d,INSTALLED_ACCURATELY
c223e8e1-281b-4b13-bb13-6491b4991242,NOT_SET
c2c02650-e79d-45ec-a7bb-f8a6b39cb609,NOT_SET
c2ca6bd2-5261-4875-8834-00f44b957359,INSTALLED_ACCURATELY
c2f37034-11c2-4185-8938-226eb1e0787e,INSTALLED_ACCURATELY
c31e7e07-8759-4fe9-83cf-1ce1b1f399f2,NOT_SET
c325f52f-2b9a-4e2f-ae6c-126f039b4cde,NOT_SET
c32d22e7-fc5c-4337-aee9-cb3b851d7064,INSTALLED_ACCURATELY
c32f16df-18db-461b-8d7e-526f26dff557,NO_STATUS_ROW
c3759c15-d19e-4600-bdb8-8a076cf937ec,NO_STATUS_ROW
c37fbed9-3a33-46a4-877a-baa978d25320,NOT_SET
c387199f-8a2b-4b99-9c50-6fb143e7c1bc,INSTALLED_ACCURATELY
c3c3997b-aaed-4f60-b3e1-7effbcb3c1a6,NO_STATUS_ROW
c3dc6ed1-c69a-48ed-8b3c-89d2df7be730,NOT_SET
c3fddc43-f414-438f-ad9e-9e5b973611b6,INSTALLED_ACCURATELY
c40e914d-bb85-4ed7-8d95-99c0f9f094fd,NO_STATUS_ROW
c421143e-c5a7-4eda-81d9-14bae84a1066,NOT_SET
c42fbb0f-b89f-43a4-b8ec-57955b893ac9,INSTALLED_ACCURATELY
c4753228-49a5-421c-b3d7-840673216f55,NOT_SET
c4820a8d-0623-4c18-9265-280da625487e,NOT_SET
c4a89831-c303-4260-87a4-804a753c85f1,NO_STATUS_ROW
c4acea88-92b3-4883-ab56-c5053f9c3a97,NO_STATUS_ROW
c4c2c9ec-d3ad-4e58-917a-e3bd8dd049ba,NO_STATUS_ROW
c4e74c0e-4e03-46a3-b753-83295a5d5cf4,NO_STATUS_ROW
c4e9e3cd-3307-45c7-bcfd-2d53403c89de,NOT_SET
c4fb728a-da18-47af-9386-a235759a545d,NO_STATUS_ROW
c506812e-7dba-4990-9fbc-9c2ecf9a1504,NO_STATUS_ROW
c518d137-edf1-4b77-b3ee-6394556978e6,NOT_SET
c5409a7c-c604-4ef5-a77e-ea6aaeacc63d,NOT_SET
c54e7d8a-55cc-4656-9bb2-f1f1f1453524,NO_STATUS_ROW
c5d2be7e-b8ce-4a43-89e4-5bdc6d243453,INSTALLED_ACCURATELY
c5d66e80-25fe-4afc-a15b-18704ce4e0b9,INSTALLED_ACCURATELY
c61d70f1-e51a-4e10-b2cf-e0f39db664b8,NOT_SET
c639ee4f-0c40-4c56-956c-4a0640f9838a,NOT_SET
c63cfe51-670e-4ea3-901b-141aae7d0d97,NOT_SET
c66e4b17-9fa6-4215-b002-f30b400dc6de,NOT_SET
c67eaf54-74b2-4c9c-9322-35839848dfee,NO_STATUS_ROW
c68652df-3275-45f3-97a9-03cd3d7acd21,NOT_SET
c6929ba3-2a4f-47b5-804b-a39fad21c277,NOT_SET
c6ba90bc-b2dd-48d6-874a-64a6ffed65f7,NOT_SET
c6c2ae4b-7f88-408f-97cd-c077eb996d90,INSTALLED_ACCURATELY
c6c7764a-f514-4327-82e9-3a92672b8016,NOT_SET
c74c053c-2b34-4584-ac2e-a5289f24cdc4,NOT_SET
c78280eb-30a3-4586-81b6-72340c38a159,NOT_SET
c7861438-8915-4e45-8fe5-a769e72777db,INSTALLED_ACCURATELY
c794c94a-7606-419a-bcd1-480c1c3f4181,NOT_SET
c7b8e7ef-c1b0-4498-a693-43e718167f33,INSTALLED_ACCURATELY
c7b91bbd-ab35-4da6-acef-c5f1484fa328,NO_STATUS_ROW
c7f57a7f-1b92-4435-a8ac-46b48fd4be6e,NO_STATUS_ROW
c812fcbf-2b12-4e93-b2ca-b29b91d54dd3,INSTALLED_ACCURATELY
c83b77e2-5f25-4f01-9698-7e84a10be1e8,INSTALLED_ACCURATELY
c84c4e57-c2a3-4b66-8c50-b527b06df8a6,NOT_SET
c89af150-3402-433e-9546-8129eaefdfff,INSTALLED_ACCURATELY
c8a60b00-f647-40db-8cc3-9c44c6f5d298,NOT_SET
c8a7558c-4432-4c1f-a92c-e1626e401e86,NOT_SET
c8af6305-4b8f-4072-bdde-4ef4a3817e61,NOT_SET
c8bbe748-49c0-4d19-9907-eb24c59e125e,INSTALLED_ACCURATELY
c8f08ca3-8f77-4b2c-b009-3f7b181cd908,INSTALLED_ACCURATELY
c90bb9a8-15d7-4d75-bc67-dfb474dc7cb2,NOT_SET
c90f3b1b-2f1b-437d-b5e6-f29c86ad5db9,NO_STATUS_ROW
c910d914-82f5-4a0c-adac-30c0cf5034f0,NOT_SET
c92ee167-d4ee-4d96-92ec-32804b3dd6a7,NOT_SET
c95a2e0b-c310-4948-a206-b0032ae009f2,NOT_SET
c9e790c0-3106-4104-be9d-36772792dd34,INSTALLED_ACCURATELY
c9f87c87-19b1-46b5-8045-a8de5661e634,NO_STATUS_ROW
ca05f04a-7b27-453b-b9a9-ba0384b48ab6,NO_STATUS_ROW
ca1892b0-e300-455f-aa00-66cfea723024,INSTALLED_ACCURATELY
ca1fde19-75e8-4929-b823-91ef7ec0cc39,INSTALLED_ACCURATELY
ca209142-a51a-4308-9ca3-43662ef5e470,NOT_SET
ca53a3b8-ca39-487a-8ced-098be976d534,NOT_SET
ca5f908d-dfc1-466b-82d0-91b335169db8,INSTALLED_ACCURATELY
ca696fc4-a855-4ce5-bf46-4debef4f845f,INSTALLED_ACCURATELY
ca733965-9726-45ad-ad6e-5ef9e4fc9ff7,NO_STATUS_ROW
ca7a5d65-c110-433b-9841-4fed4833e452,INSTALLED_ACCURATELY
ca7bfb92-27f0-41a9-849f-f5586e156687,NOT_SET
ca809ad3-791d-4d32-9dd8-2699efb4f635,INSTALLED_ACCURATELY
ca911161-a9be-44bb-ad01-e0a88d36203c,INSTALLED_ACCURATELY
ca952463-d2bc-4371-8f5e-84918dad1fd6,NOT_SET
caa69a20-1367-46c7-b400-c6ba9f32b9e0,INSTALLED_ACCURATELY
cae14191-18a1-4697-a2da-9ac435b1b2b6,NOT_SET
cae2a585-78eb-4b08-8e21-4af16e825037,INSTALLED_ACCURATELY
caf66670-70c6-4503-b95b-d45b5b1b50e6,NOT_SET
cb142110-d628-41b8-b58b-39f8e8ed9b4b,NOT_SET
cb1b305e-c97a-4180-bc85-604eb97b86c9,INSTALLED_ACCURATELY
cb2b1264-51c2-42e4-b2c3-45152f15bc21,INSTALLED_ACCURATELY
cb46d897-2f8d-4d9f-93df-79d2c1dcee41,INSTALLED_ACCURATELY
cb6193b4-68fb-44d2-b110-fae40c936e67,INSTALLED_ACCURATELY
cb732d79-2be9-4391-9333-62d020b8c641,NO_STATUS_ROW
cb80f72e-2e64-4f72-aee7-2ea134fec29f,NO_STATUS_ROW
cb8a872a-801a-4336-bc33-6cb6f64f48dc,INSTALLED_ACCURATELY
cbfdba01-309d-4467-b950-d5287c8c8435,INSTALLED_ACCURATELY
cc18abda-cd42-4be5-a495-e9feef21af25,NOT_SET
cc54c0df-9570-4a05-b18b-c10568ea6b2a,NOT_SET
cc6f01cc-1771-4012-8fbe-986bccda7a81,NO_STATUS_ROW
cc7ea0e0-e9d3-475e-859d-dba2dc0192da,NOT_SET
cceb6406-e94e-4aff-8cbe-77d3efd6d782,INSTALLED_ACCURATELY
ccfdb835-8b55-4a8d-bf23-9259a7a1af56,INSTALLED_ACCURATELY
cd1020f7-c9d9-43e0-85c5-9e6301a4a586,NOT_SET
cd157e7d-1e9c-47c5-b909-3d4e7d3a22e6,INSTALLED_ACCURATELY
cd298e2e-25f9-4785-8a1b-59f57d804cfa,INSTALLED_ACCURATELY
cd2fe944-f8f2-42f2-9769-f9945e785bfd,INSTALLED_ACCURATELY
cd6c17bd-f209-4e16-81dc-49e89fe99f25,INSTALLED_ACCURATELY
cd7241f5-59fc-4b03-b420-4e191346eb64,NOT_SET
cd842da0-7e2e-4851-a4a7-737f4c01c3dc,INSTALLED_ACCURATELY
cdc139c2-e17c-4791-a649-5f9897150589,NOT_SET
cdc5c682-4796-458d-97d0-86d60e303434,NO_STATUS_ROW
cdc6e815-466b-4925-b512-3d0496007234,INSTALLED_ACCURATELY
ce0da8f7-3ba1-4eb9-b2f3-4ffc20246f6a,NOT_SET
ce1fcf75-5a71-41dc-bd59-5330ce1f1892,NOT_SET
ce381adc-6d58-4183-82c1-f862eb4e4a1e,INSTALLED_ACCURATELY
ce3cf592-e25a-4c72-8fbf-ccaa88ed425f,NO_STATUS_ROW
ce401d8b-5795-43fa-b155-5d5c9113d583,NO_STATUS_ROW
ce4ac1d3-02ec-452f-b02b-44dfdf368b15,INSTALLED_ACCURATELY
ce4df2f2-f845-40c9-92e6-87045516ab99,NO_STATUS_ROW
ce598a55-0802-4ae4-b6b6-a4ef772c1ae9,INSTALLED_ACCURATELY
ce6606d0-0880-459a-a2b0-9caf1549aa73,NO_STATUS_ROW
ce77894d-583e-47cc-b7fa-b801380e9302,NOT_SET
ce7d210b-6daa-454f-9e68-c756b00fc6a8,INSTALLED_ACCURATELY
ce7ed2f4-14fd-48d9-b995-81baa92dd72f,INSTALLED_ACCURATELY
ce9fd683-1fbe-47e9-ab2c-42ea90424ec9,NOT_SET
cea48c5c-acb4-444f-b886-d3682c82610d,INSTALLED_ACCURATELY
ceacd411-5565-45c0-bb83-05ee3e6e7b56,NOT_SET
ceafdcb9-1c47-46a9-a5ba-02439ec845a8,NOT_SET
cebcc716-ec7f-4664-98d8-30adbdfa2861,INSTALLED_ACCURATELY
ceeb9e69-931a-4edc-b43d-05b5eb1705dd,NO_STATUS_ROW
cf28e60a-a334-477e-881b-4413200e8024,NO_STATUS_ROW
cf8274ed-b7a8-4917-86cf-b037553f3c6f,NO_STATUS_ROW
d01717d7-7342-464a-8d2b-a203e7c7af20,INSTALLED_ACCURATELY
d029b63e-000d-48f5-a678-753b6aa9c289,INSTALLED_ACCURATELY
d044bf18-ec8e-47fe-ae2d-b855dce4ee64,NOT_SET
d04b7596-5063-4699-8cc6-5e1bf17feb09,NO_STATUS_ROW
d080d563-2b38-4c25-9216-7f3117d85946,NOT_SET
d086ba28-5096-43fd-90ea-1a6870ec3997,INSTALLED_ACCURATELY
d08e29a9-e221-444e-8767-7c045cb8a514,NOT_SET
d097284e-7881-42ef-9330-e1fb9294c8e2,INSTALLED_ACCURATELY
d0aeb47d-6772-4fee-a281-429b1af4754b,NO_STATUS_ROW
d0bd47d4-9513-42ac-8c92-bd62bac6c0c1,INSTALLED_ACCURATELY
d0e429cf-1e65-4d30-bb0d-c4bcde1f289f,INSTALLED_ACCURATELY
d0eaed29-eff4-49b0-8542-a890510c76fb,NOT_SET
d0ed5831-47fc-439b-a421-2bfd1b458858,NOT_SET
d0f801f5-8ba9-48d9-93fb-4b09c1497100,NOT_SET
d13024f2-f6ec-4141-b098-604f10b9992e,INSTALLED_ACCURATELY
d143553c-328d-453c-865b-7086a51afedc,NO_STATUS_ROW
d144ca9c-58a8-430d-8d3b-559899b2fcdd,NO_STATUS_ROW
d14d83cd-aabf-4c07-aa56-9c197257ba80,INSTALLED_ACCURATELY
d14de963-2b1c-4379-9d7c-e5a4ea2c3029,NO_STATUS_ROW
d176acfd-8a4c-43a7-a2b3-02963d234790,INSTALLED_ACCURATELY
d190b75d-9448-4cf7-a071-d6d79acf0f2a,NOT_SET
d191b4b4-2b38-4a15-9957-68290db1d55a,INSTALLED_ACCURATELY
d191ffae-1298-4565-83b3-c11966f63a3d,NOT_SET
d1a25472-0da9-4d41-ad3f-d6acc7518f5d,INSTALLED_ACCURATELY
d1a4dbaf-b0bb-4f90-94c5-49197a864601,INSTALLED_ACCURATELY
d1a5419f-8929-4ed6-a1c1-7eaaa50b0ecc,INSTALLED_ACCURATELY
d1c73491-5e4b-4275-8d79-bc99e5010f26,NOT_SET
d1fdd7f0-3939-42ed-b02f-884ce20aa33f,INSTALLED_ACCURATELY
d212c6e9-239c-40fe-93b3-74dc1f3e66b1,NOT_SET
d232091b-232c-4848-8387-e443e082aba3,NOT_SET
d2bea19f-5cbb-481b-95a5-1eeb93478ca2,NOT_SET
d2d5cbc1-18ec-4291-95be-0188effdd6af,NOT_SET
d2e39f45-cee4-443b-8999-c68b47700435,NO_STATUS_ROW
d3242040-5f9e-495a-a67d-704421c1ab6e,NOT_SET
d3511096-f874-4bf0-94e8-9c3e355056f0,INSTALLED_ACCURATELY
d361df50-756c-46ce-8888-985b803dafb3,NO_STATUS_ROW
d36994d9-30dc-4345-9d4b-d47c83890f2c,INSTALLED_ACCURATELY
d3764bc7-6052-4358-bb5e-58ebfa693da6,NO_STATUS_ROW
d379765f-bdd3-4547-a6a5-fd2abc9671ec,NO_STATUS_ROW
d397cbd6-bda8-436a-a836-e6e922f25a4c,INSTALLED_ACCURATELY
d3b601dd-12b3-47df-a66e-bf117126aff4,NOT_SET
d3bcb957-1dc7-441e-ae16-c709068b7d7f,NOT_SET
d45ee124-ed1f-44cc-b4fe-3566f71a1265,NOT_SET
d45f1f3e-02fb-4e7b-9012-62fb21334598,NO_STATUS_ROW
d4aec92e-b338-43ea-8036-26eed36e1cdd,INSTALLED_ACCURATELY
d4af71f5-6879-4a07-a5f7-740133196bc1,INSTALLED_ACCURATELY
d4c80789-d0e6-4629-bbb6-8707dff8e270,NO_STATUS_ROW
d4d323d9-ce45-4602-83e5-38ad881d7f52,NOT_SET
d51140cc-df6a-45c7-97f2-6c27e0f2a288,INSTALLED_ACCURATELY
d517aad9-2356-483e-87a2-b57fdfbf95ed,INSTALLED_ACCURATELY
d51c4249-2d1e-4927-8f21-6b5988c7f843,INSTALLED_ACCURATELY
d5e2aef2-3fbc-4bc1-b7c1-5f041eafc5b5,NOT_SET
d5f63676-280c-4922-b242-f4c470aecde2,INSTALLED_ACCURATELY
d60d49f1-6cec-49ee-8598-b251c62b2141,INSTALLED_ACCURATELY
d665295d-5ced-4e96-8195-67eaa6896705,NO_STATUS_ROW
d6a84d35-dccc-42be-9fe7-d7cc8c0a3fea,INSTALLED_ACCURATELY
d6bb6a71-be6c-4d2b-b0f2-01a3fb5f383e,INSTALLED_ACCURATELY
d6dcd7a5-04e9-4b48-8e35-fdf7a2841cd2,INSTALLED_ACCURATELY
d6e76d72-620a-47ed-b7dc-c7d162a9aad7,NO_STATUS_ROW
d700d402-65f9-4ac1-a139-f4da077fe914,INSTALLED_ACCURATELY
d71ddca4-8e2b-462e-8c47-0620286213cf,NOT_SET
d72b4405-b14e-4405-bad3-df83735b5648,NOT_SET
d763a90a-a6c3-44b5-9ff0-e4f54765b5bf,NOT_SET
d77a7d9d-0ee0-4867-9a87-d0524147f1d4,NOT_SET
d7a1221b-112e-4cf3-81b9-88cc6380583c,NOT_SET
d7c9e289-e4af-4ce6-8cc1-6bdf7f71b72f,NOT_SET
d7f044b0-9ec0-45f4-b7ea-90752b20d8b4,NO_STATUS_ROW
d7f3c597-364e-4f72-9710-b88b709fdf3f,NOT_SET
d847a415-1602-4525-823a-f1b9e6c27d9c,INSTALLED_ACCURATELY
d84890dd-dced-4774-85b7-e29b0c36457d,INSTALLED_ACCURATELY
d84ca09c-8307-41c5-8a86-3e6920fea873,INSTALLED_ACCURATELY
d86f9992-2d34-4c24-b92a-ef9e35dc16f7,INSTALLED_ACCURATELY
d890c6d4-b561-472d-869b-a88845cedb1e,NOT_SET
d8bc11e8-4b48-4069-a622-c6a269cff734,INSTALLED_ACCURATELY
d8c0478b-6c11-47db-a8f1-6a86f77c7246,NOT_SET
d8dd913b-9a66-4d85-8a79-6474d252276a,INSTALLED_ACCURATELY
d8de0514-7d79-4385-9b05-95a47e40fd9a,INSTALLED_ACCURATELY
d8e17cbf-c1cf-4927-86b4-f0f108cdebe4,INSTALLED_ACCURATELY
d8f96d95-d507-4147-8cfb-f43f3228e620,NO_STATUS_ROW
d91c1e9d-a5bf-4f82-baa9-d66ad10aa1e9,NOT_SET
d9227c23-978a-42bf-a8ec-bbec3f70ecab,INSTALLED_ACCURATELY
d9278003-381f-40fb-b856-c9fce2ea5957,NOT_SET
d9307414-0a4d-45af-aabc-dbaba6820285,NOT_SET
d95f08e9-f9cc-4a0f-a435-0f6179271a0f,NO_STATUS_ROW
d98e74ff-397c-49b4-9d56-cc8924c04ebb,NO_STATUS_ROW
d996fc4d-a354-4000-a607-f00ac9a63146,INSTALLED_ACCURATELY
d9ae069c-f707-4783-95fc-92d50118854d,INSTALLED_ACCURATELY
d9b285cc-3701-4037-88f4-2debf2554d00,INSTALLED_ACCURATELY
da4e8b1b-0c79-41bb-821a-410a058d3e57,NOT_SET
da4f0560-7bc4-4db4-a80c-bc152fcc144e,NOT_SET
da5254ba-47b4-4fa5-a6f9-6c9a71e582a5,NO_STATUS_ROW
da80136b-b04a-4ef8-9bfe-22f37fd6513c,NO_STATUS_ROW
da8fa1f7-127c-4c4c-aca0-336eec507a59,INSTALLED_ACCURATELY
da906552-23a4-46e1-9cf4-4761888a4a2e,NOT_SET
dae59856-2b08-4fea-912e-00db5358d0a4,INSTALLED_ACCURATELY
daf705bf-d60b-4e1d-841b-784a7924f94f,INSTALLED_ACCURATELY
db401095-8711-44dd-b44e-e8546d4662f2,NO_STATUS_ROW
db7807d2-27b7-4688-aeb6-ad702026b110,INSTALLED_ACCURATELY
db9be390-c4eb-4aa0-a0e7-c1e42d061dfa,INSTALLED_ACCURATELY
dba8ecd4-57dc-4e5d-a5a2-625467ff9b29,NOT_SET
dbc6defb-177e-41b0-91cc-7c8a90c27cc2,NOT_SET
dbcc515c-f84c-4e1e-9ba3-e09eccd4532c,NOT_SET
dbec9af0-9036-4cf6-8378-13687977756b,NOT_SET
dbfafb13-248f-41d4-af05-7622f58d997a,INSTALLED_ACCURATELY
dc016564-0b69-4b44-9fe7-de1792433a04,NO_STATUS_ROW
dc0585b3-4424-4281-837e-cc2eb96f5207,NO_STATUS_ROW
dc09f6c4-d0ca-409d-aa3d-674b86cdd060,NOT_SET
dc1df59a-d02d-4120-bf95-c1038aeb1bdb,NO_STATUS_ROW
dca90e7d-e216-477d-8460-cc8b9bd58233,NOT_SET
dcaa8b3b-b515-4044-8d1f-bc1e6e449f09,INSTALLED_ACCURATELY
dcdbcec5-1bf4-43d4-80f4-ed8b49978330,NO_STATUS_ROW
dcf73957-31d6-46e9-a5ac-db79f7bf3e44,NO_STATUS_ROW
dd204371-7dc9-4531-89f9-38dc720dad96,NOT_SET
dd516bee-f7d4-4307-bf4f-0b3302c64da1,NO_STATUS_ROW
dd6223f9-6d9c-4ef7-9b7f-ec24155ad60f,NOT_SET
dd7df845-4841-4b04-b733-0eeb7b8d8cbc,NOT_SET
ddb6cf25-bc8d-432c-9b21-edcf8fb18d29,INSTALLED_ACCURATELY
ddde3e8f-3675-4fa2-8c50-3640a1470180,NO_STATUS_ROW
de073a85-44f6-4009-a853-2a339523755a,INSTALLED_ACCURATELY
de3526f2-2dde-45d4-b20d-6b4ddd0507a8,NOT_SET
de42a0bf-7166-4a78-9cd0-0e74ea5748e4,INSTALLED_ACCURATELY
de71d4db-fac2-46a8-9f1a-9d94de90695f,INSTALLED_ACCURATELY
de96ad09-f8c6-4187-8d49-d919175b7930,INSTALLED_ACCURATELY
de9c9b87-d378-42ab-ad84-8e0b7d2ac210,NO_STATUS_ROW
def6f541-c1e0-47b2-a94b-e69bede1ac00,NO_STATUS_ROW
df346380-461f-4e1f-a2a1-6cb24cd4d622,NOT_SET
df35b275-ffb5-451b-9400-df4b31c2e135,INSTALLED_ACCURATELY
df4004cf-2843-4f0b-8dbe-fb0ea8332c0d,INSTALLED_ACCURATELY
df7627ad-8b27-43d0-bde4-66f6bd716369,NO_STATUS_ROW
dfa3f536-6ba5-431d-bd3e-b1a733086112,NOT_SET
dfa603b2-c473-444f-902e-b498464e6d72,NO_STATUS_ROW
dfff4d1a-9b4c-4fbd-a4e6-d7f7a7982eef,NO_STATUS_ROW
e01f6832-f153-4d56-bab0-5eab8b63b40e,NOT_SET
e05f4878-212d-44b1-82aa-6565939bc374,NOT_SET
e094d2e1-feea-4775-b46e-1468c6517c83,INSTALLED_ACCURATELY
e0b6edfe-b11b-4865-9b30-1d0a77050155,NO_STATUS_ROW
e0c747b8-d1ba-45fd-ba4e-aa4961499208,INSTALLED_ACCURATELY
e0ea2441-3b41-4d82-a99a-69f480f4f869,INSTALLED_ACCURATELY
e11c014f-c7f6-447c-b28e-8b0cf56c47ad,INSTALLED_ACCURATELY
e15f6066-fdc8-4e1f-913b-81153b31746c,INSTALLED_ACCURATELY
e16f504b-eabd-40d0-adbe-6bdc24d93dc1,NOT_SET
e1814bc0-dd5f-4215-a54a-4bded95e8f66,NO_STATUS_ROW
e18f14b8-469d-4c01-b659-9a68e9559cdd,INSTALLED_ACCURATELY
e19e20b0-e268-403d-97c1-71798d514933,INSTALLED_ACCURATELY
e21a6396-c800-489b-9557-5282f2d1d08b,NOT_SET
e25a5d82-32e9-48b4-867a-bf4f9919de49,INSTALLED_ACCURATELY
e270a557-6ab1-4443-968f-bc04200af951,INSTALLED_ACCURATELY
e27ce11b-33dd-45af-88d2-a3dc6ae50ee2,NOT_SET
e28c936f-3d41-423a-bafc-66f88b901b0b,INSTALLED_ACCURATELY
e2b70ff3-3ebe-4fb9-b280-489c36914a90,INSTALLED_ACCURATELY
e2bf1b08-5b32-43d4-bfc1-f3113b9561a8,INSTALLED_ACCURATELY
e2f6765a-82f7-42f7-a080-2a6c24af1d80,NO_STATUS_ROW
e2ff1f75-410a-41f1-aee5-21bbe6845719,INSTALLED_ACCURATELY
e3095bb9-7ea6-4b5c-af50-c30c8b80d938,NOT_SET
e3185820-8e83-4f94-bb71-2dbe08c73a27,NO_STATUS_ROW
e31d2662-c16b-47fb-b8d0-e9131b6135de,INSTALLED_ACCURATELY
e3335c30-0592-40be-a987-3373540bc70d,INSTALLED_ACCURATELY
e33988a9-70ec-405c-99d3-c8b76fdd081c,NO_STATUS_ROW
e3420736-77e1-4c64-b37f-a9a0ed7775eb,NOT_SET
e36422fa-7ea2-4eb9-9521-f866ba0390f5,INSTALLED_ACCURATELY
e382e2e8-15de-4de1-a972-c5d1f32eeb60,NO_STATUS_ROW
e3bcea8e-6584-48a8-a44e-c668a48435a2,NOT_SET
e3e30deb-31a9-46df-bef1-93d2fd91026e,NO_STATUS_ROW
e3e6bbcf-f56a-4ae0-98c5-a8e24c8873c3,NO_STATUS_ROW
e4088f03-32d3-485b-8bd4-2ea57af3dd64,INSTALLED_ACCURATELY
e444ba14-bc11-4196-9dde-e3995594e4da,INSTALLED_ACCURATELY
e45aad36-401e-4e72-8774-a470aedce37d,INSTALLED_ACCURATELY
e47c0799-324d-474f-9095-844d2aa58e8e,NOT_SET
e488e53a-5712-4601-b981-87b1dfc1f831,NO_STATUS_ROW
e4a57722-18f3-4e9d-9a1b-f17402ed689a,INSTALLED_ACCURATELY
e4e5ee20-88e4-4256-ad97-2a526588bc61,INSTALLED_ACCURATELY
e4e84a71-8e8a-42fc-9767-878cba8b4348,NO_STATUS_ROW
e50032e1-e7b6-4776-ad18-0b8f87c71244,INSTALLED_ACCURATELY
e51aa1ac-9e3c-462a-af3d-7c9094da8195,INSTALLED_ACCURATELY
e55c3d86-8311-4974-a105-2c4305922448,INSTALLED_ACCURATELY
e588a36d-40e2-4dae-9b52-0c8090b91bee,NOT_SET
e5d13c63-2bf1-4db1-8c56-933869616b28,INSTALLED_ACCURATELY
e5f0e025-d6e6-4cff-8b2d-352570e1d29c,INSTALLED_ACCURATELY
e5f4b40b-0b8d-4986-a3db-7af593ff28c2,NO_STATUS_ROW
e61a2aaf-7663-4c25-9d2e-09f37841e739,INSTALLED_ACCURATELY
e63a0061-bf0d-41ed-9a4d-9606e0da59d9,INSTALLED_ACCURATELY
e64daa9c-4412-463e-af20-e6855711ff1c,NOT_SET
e675fbad-f4b4-412b-80ee-388ed315d160,INSTALLED_ACCURATELY
e68f0ed6-6940-4cef-87d5-5f6c2dc321f9,NOT_SET
e6ba0d63-fca1-4b10-b9f9-1cb77e059413,NOT_SET
e6d425d3-b0b8-486c-9174-aadcb0d93129,INSTALLED_ACCURATELY
e6e2068e-f351-4059-bc97-0de13565a069,NOT_SET
e7202c6c-0e56-485a-9340-4f7fddaf9dd5,INSTALLED_ACCURATELY
e735ac15-09f5-4f50-aa75-28c99367c709,NOT_SET
e7448afe-25d2-46ff-a54b-67dfe164f2cb,NOT_SET
e75f76c5-13dd-4066-9721-633b3a179f99,INSTALLED_ACCURATELY
e7b56a0f-d82a-4321-ba2d-3cbc2f32bc84,NO_STATUS_ROW
e7cea5b7-cfe6-47be-b274-0c13b91aa5d7,INSTALLED_ACCURATELY
e8651062-5e5a-4c91-bb23-232019794b0d,NO_STATUS_ROW
e867f7b0-f077-4ed8-a3fc-f6a9a1f701d7,NO_STATUS_ROW
e8790620-4e42-41de-ab12-1d8c446a243b,NOT_SET
e8a26c7d-91de-4916-98e1-1cb4dfdedec6,NOT_SET
e8b7c078-1471-4770-aca7-59f18bbd55c9,NO_STATUS_ROW
e8c14d44-4693-40a6-8d0b-b17ee609eb08,NOT_SET
e8eed1e2-ed51-4e20-9369-52a8a4b96515,NOT_SET
e9175882-ee4b-4522-82a5-094fb569c8b6,NOT_SET
e91c8fbc-cf5d-4f92-aba3-d77982230bd8,NO_STATUS_ROW
e9279962-9c0f-47e3-b896-52099c8a3f61,INSTALLED_ACCURATELY
e971e6c3-ab1d-47c3-8d79-e557b2576d13,NOT_SET
e992bf5b-62a3-4d82-b263-5969d40f3c4d,INSTALLED_ACCURATELY
e9ff3234-3daa-4856-9eb5-cd62b60ba837,NOT_SET
ea0ae659-cbf3-4692-a891-6f257a78402d,INSTALLED_ACCURATELY
ea47cd14-5f88-44bf-92bc-18330076fcfb,NOT_SET
ea4d6a80-9b9c-4eb1-a338-e08bed0b79a7,INSTALLED_ACCURATELY
ea516329-a964-4695-9f02-647fd1489ba2,INSTALLED_ACCURATELY
ea5ed6f9-93df-46dd-8aaa-62158340c71d,INSTALLED_ACCURATELY
ea95925a-20a6-4d88-9ee6-82be87812930,NOT_SET
eaa31f8a-0ff5-42a1-8436-c9dcc1b10ded,INSTALLED_ACCURATELY
eab0f524-1a48-4014-a1e4-203473afaf38,INSTALLED_ACCURATELY
eab47372-a6a0-49c2-912b-72de0afeb466,NOT_SET
eac7e319-9b4b-4d18-b011-aee8eab0634f,NO_STATUS_ROW
eae23542-7290-451e-a658-8621f44929a8,NOT_SET
eaee41dd-880f-405b-b632-251ab8086472,INSTALLED_ACCURATELY
eb047d44-ea52-45ca-ab5b-6d8b8b9a92ec,NO_STATUS_ROW
eb39a21f-44a6-42b3-a016-7ff4dcfa7949,NO_STATUS_ROW
eb4b0b1e-935d-49d0-9c46-b9e8bda0668a,INSTALLED_ACCURATELY
eb4f00a4-d626-40c8-8903-6cc1635270d0,NOT_SET
eb5cdc3f-a519-4954-b3d3-ae4d9564fcd9,INSTALLED_ACCURATELY
eb70cfbc-240b-4b42-912d-efb1f29c7aa0,INSTALLED_ACCURATELY
eb7bfec3-d874-457e-96d3-5d1e67b19545,INSTALLED_ACCURATELY
ebe1bf77-cab4-4c80-9189-2943462a47c7,NO_STATUS_ROW
ebee3c51-3eab-48e6-9aca-b7fbf1e2b4f7,NOT_SET
ec05625a-cea9-46d2-81ab-56796b04d5b4,NOT_SET
ec3d7bc2-9054-42b2-8db5-e4af9c5911dc,NO_STATUS_ROW
ec3e541c-5c37-4744-b12a-555fca70c016,INSTALLED_ACCURATELY
ec4bb1f6-4eb1-4919-aa9c-66479297075a,NOT_SET
ec4eb1c4-cb98-44c2-9e75-c0c4f32af1f1,NO_STATUS_ROW
ec6a6302-9a8d-4c00-8956-db4dc08c1e42,INSTALLED_ACCURATELY
ec832068-89f1-4c46-ae32-31a3b1569e45,NOT_SET
ed003672-af8f-499c-b5f3-3856e7e68191,INSTALLED_ACCURATELY
ed2435ef-3998-44ad-ba9e-01622094e719,INSTALLED_ACCURATELY
ed331fb6-490b-4201-bc22-6ff4db84785a,NOT_SET
ed417b80-3040-46f4-a09e-0f7476907ecb,NOT_SET
ed477801-b51b-49f6-b411-11a9e460b5ea,INSTALLED_ACCURATELY
ed5130e2-624a-4ada-b827-4a03e84857ed,INSTALLED_ACCURATELY
ed661d21-4ffa-43fc-a72a-335f7a358869,NOT_SET
ed80f4c9-3285-4557-90e9-3bda7576485f,NO_STATUS_ROW
ed91967e-67b7-486b-906c-cf8ac78996ba,INSTALLED_ACCURATELY
eda3337b-76b6-4241-9075-c6d18612454f,INSTALLED_ACCURATELY
edabadc7-7309-4c2a-8a81-71895420ea59,INSTALLED_ACCURATELY
edb68585-17a1-4854-9d8c-ccf47914087d,NOT_SET
edbb986c-e973-476f-86c8-c5e560294b8a,INSTALLED_ACCURATELY
edd3a2a6-f1d3-49c9-b241-7ff7bc146e14,INSTALLED_ACCURATELY
eddeb996-0633-4819-a14b-f0c66e77a432,NOT_SET
ede73547-67c4-4c9d-bd9b-15410426807a,NOT_SET
ee501f23-edeb-479d-a64b-68c64f245b02,INSTALLED_ACCURATELY
ee5fa1e9-be45-4d75-b15e-5c2c28685ebd,NO_STATUS_ROW
ee60f95f-6a46-46b4-af4d-d780cfa46c00,INSTALLED_ACCURATELY
ee8b5386-7aee-4922-a37f-26e6f908c1ce,NO_STATUS_ROW
eee8b774-445a-466c-9d21-ceb784ca5cfa,NOT_SET
ef03a279-434c-43c6-9502-fa3dd435f7cd,NOT_SET
ef2c3e72-fef3-44ee-8b2e-6af7eaf3ee8f,NOT_SET
ef2e5bf5-e27f-40f2-950c-4faffb25b263,INSTALLED_ACCURATELY
ef3a926d-b772-4550-aa8f-5994496181aa,NO_STATUS_ROW
ef5cc86a-c070-4085-8bc7-dcb8bdc6c0c2,NO_STATUS_ROW
ef6401bc-1ebd-4d14-ba9a-1cbc458f0a68,INSTALLED_ACCURATELY
ef649475-d0c3-4977-bea0-114be47dd393,INSTALLED_ACCURATELY
ef6d8bf8-20c9-4a9c-9803-727dad253f79,NOT_SET
ef77fd98-2dd6-4f1c-b3d2-d4e8c64cc5af,INSTALLED_ACCURATELY
efa32ccc-4323-46e4-b758-3dc0aa9b5de8,NOT_SET
efb4b0d1-e18e-422d-ae34-b12e802b0a86,INSTALLED_ACCURATELY
efbc9306-1b48-44b9-8156-18ef7f12315c,INSTALLED_ACCURATELY
efc0855c-b1cf-4698-bc14-e78dc5e77251,NOT_SET
efd3fdd1-ef2b-46b8-8cbb-c50219ba3ef5,NOT_SET
f0219b98-d64e-425c-96ee-270118dc4bb0,NOT_SET
f02aff0d-0f61-43dc-99b7-104384d2ea48,INSTALLED_ACCURATELY
f0573370-ee43-48b5-819c-b587b9703787,INSTALLED_ACCURATELY
f07a0d43-6c1a-494a-9cbb-73bde6ab9aa5,NOT_SET
f08435e7-84fc-48a0-a874-5769582e0cc5,NOT_SET
f0963214-e5d7-40bc-bc43-10b6848f18e7,NOT_SET
f09a2d9b-602a-456e-8421-e25370dd91b7,INSTALLED_ACCURATELY
f0ef7bf1-de19-4572-aaff-1098b2bde2ed,INSTALLED_ACCURATELY
f1366f6c-b36d-414e-8158-488ee87bb2c2,NOT_SET
f17d0ad0-65e1-4b00-9952-de3287eff43e,NO_STATUS_ROW
f1873595-ed97-455f-b39d-7afc5e2ed068,NOT_SET
f18d65d7-2f65-4ecb-be0b-038aeab613d7,NOT_SET
f1c12d33-b656-4ab0-b7d8-972524e4c630,NOT_SET
f1e785fc-1eea-4f2d-9fc6-0dc82b33abd0,NO_STATUS_ROW
f1f17c29-932a-4532-953c-8fecf6848913,INSTALLED_ACCURATELY
f2188dc0-0c06-4f28-bf33-822dbc0888f3,NO_STATUS_ROW
f22eabd6-f25a-4077-9e02-a96a1759fb13,NO_STATUS_ROW
f235de86-3b4b-455a-8f18-7e85e760ce02,INSTALLED_ACCURATELY
f2372824-49dd-4d0d-8065-e7b78bb36dc8,NO_STATUS_ROW
f24230f1-f9ac-4207-b6f1-e60bc499b79e,NOT_SET
f2668d36-3cc9-476b-9cf1-c9bd69edfa15,NOT_SET
f27dd53f-eb1a-4c9d-9971-32cccf392c3f,INSTALLED_ACCURATELY
f299f666-b938-4019-9fd9-1a708fa9d9dc,NO_STATUS_ROW
f2aa8d31-44c7-4bac-9f87-b1e4f3f4e3e2,NO_STATUS_ROW
f2b6ce5d-4e35-4721-9f7b-5e5962de2fa9,NOT_SET
f2e4513b-b761-488e-9008-08b380298199,INSTALLED_ACCURATELY
f30c420c-e7e1-4172-b856-b998c5ddfc1b,INSTALLED_ACCURATELY
f34a4657-43f0-4478-85ae-b40ca79a39e9,NOT_SET
f36394a3-582d-44fc-ac00-f76504c76b1a,NOT_SET
f366fc6a-3925-4fe8-a46b-c31f640380d7,NOT_SET
f367bbb0-6d60-4594-a994-82310ee97122,NOT_SET
f3866597-fc01-4983-88dd-e65faacdad72,INSTALLED_ACCURATELY
f3b053e0-7860-497f-8ccd-265b60f2145f,NOT_SET
f3b1b8fa-e527-4d15-8eef-6d028d7f429d,NOT_SET
f3d7d672-033f-47da-b16e-19c2a7d6932f,NOT_SET
f3ec911c-fb4d-48ea-9036-fc5d41e1e4b9,NOT_SET
f415aed0-1c3c-4514-b3de-75ea71347392,NO_STATUS_ROW
f461391f-7d69-4d86-99f0-7720bbd6278c,NOT_SET
f480218f-e8bf-49fe-bee9-fe87e6ad254b,INSTALLED_ACCURATELY
f4933f6b-931e-4334-a4fb-097bb8c62c0b,NOT_SET
f4cbb3fe-3d1e-48a6-adc8-55629fe03695,NO_STATUS_ROW
f4f5c3fa-aea7-46fe-8d7e-0e589166ddca,NOT_SET
f51ae519-a6d3-46a7-9a9c-c799ca5cf0ff,NO_STATUS_ROW
f5280a66-f989-4112-829e-90f26005c43c,NO_STATUS_ROW
f567e175-3ab9-4477-a771-6d256f28186c,NOT_SET
f575b00c-4a7f-4b9e-aebc-10d3121292bd,NOT_SET
f5a71033-471f-4eef-9649-1ad23eac4949,INSTALLED_ACCURATELY
f5b3495f-2584-45b7-9151-174afd1d0bb0,NO_STATUS_ROW
f5d1f1bc-f719-42fb-b935-9dee61009d27,NO_STATUS_ROW
f5d77152-6243-43ce-bc01-4e4c710f6a92,NOT_SET
f5d968a7-4f99-4051-aa72-ba169242ba5b,NOT_SET
f61658da-dfba-401c-b9d5-4602bda07aa8,INSTALLED_ACCURATELY
f62de153-545c-479e-9045-c86ecb6b99d7,INSTALLED_ACCURATELY
f65f321b-cb79-4761-a412-d9e23001d855,INSTALLED_ACCURATELY
f6862af6-8b08-4ba1-a854-0dfd67596cb3,INSTALLED_ACCURATELY
f6cf7132-d91f-44cc-82d0-994d8c8c831a,NOT_SET
f6d911bc-0a82-4cb8-a6d2-01ab02cd2e85,NO_STATUS_ROW
f6ed3139-66bc-4885-a4c3-0749737e1ae6,INSTALLED_ACCURATELY
f6fd8c3f-fc61-41c4-8909-7857714ee3f3,INSTALLED_ACCURATELY
f74d7fd8-c0dd-48ea-9f3e-be28a1cc8ca0,NOT_SET
f75a16d3-57de-4160-b356-029d1b98c3ec,INSTALLED_ACCURATELY
f7651e6d-33da-4276-ad57-537e604f434e,NOT_SET
f771db28-bdac-4522-9506-5de0527d1757,INSTALLED_ACCURATELY
f77617ff-bb88-4b87-b3f3-be034c48e286,INSTALLED_ACCURATELY
f78aae59-2a80-4134-8622-90ad99605eee,NO_STATUS_ROW
f7946a6d-9225-4675-97ea-ae12d184f366,INSTALLED_ACCURATELY
f799b3f9-52e0-4cf8-af4a-d15df387e07b,INSTALLED_ACCURATELY
f7aea4de-fd38-4faa-9e76-36dc7350ae80,NO_STATUS_ROW
f7c40f61-b1b9-4a05-b86b-49ae45c71356,INSTALLED_ACCURATELY
f7e8a653-0255-4e84-8534-d65cedb1b677,NO_STATUS_ROW
f7ea440d-304e-4970-84c5-d7b3812c143d,NO_STATUS_ROW
f81709b3-898b-42ac-aaa7-d5f5f0158f75,NOT_SET
f8277913-9585-4b21-a0c5-2edaa8261879,INSTALLED_ACCURATELY
f84c01ba-0db0-4270-9cae-6c557d6b752c,NOT_SET
f87bd43e-416c-479d-bad6-42226d7f90f9,INSTALLED_ACCURATELY
f889f71e-33af-441f-a070-c3f42b87fb96,NOT_SET
f8971796-7c51-428b-bb19-b7af5da4d3c1,INSTALLED_ACCURATELY
f8a1a854-fd01-48b2-8af7-cc17dd6ef012,NOT_SET
f8d5844d-09a8-4560-852e-758fc8bd512e,NO_STATUS_ROW
f8e8d812-5854-431a-9450-01de72b1146a,INSTALLED_ACCURATELY
f9017cea-270c-4165-803c-bf1827efbc4b,NOT_SET
f926cccb-9b30-4c44-bfe5-bfd097bd967a,INSTALLED_ACCURATELY
f92a45e7-c279-41a4-bcf7-3abf344bc848,INSTALLED_ACCURATELY
f94a2450-3922-40d4-a33a-898344f83d61,NO_STATUS_ROW
f95cd00d-0454-428a-b10a-b9d72d53d714,INSTALLED_ACCURATELY
f97a2611-c3ed-4178-bc4e-c5c6c691f1d1,INSTALLED_ACCURATELY
f9f16a46-ce03-4166-ac86-93f3fced848f,NOT_SET
f9f7cecc-c555-4772-9426-4fa2983e3e80,INSTALLED_ACCURATELY
fa066a2e-7474-4a39-ac8e-c753025d3d3c,NOT_SET
fa0863ff-df69-4507-9586-ffbb719eb472,INSTALLED_ACCURATELY
fa5b974a-72fa-47ab-ae00-070dfc16a1b8,INSTALLED_ACCURATELY
fa7083f5-9954-4a48-a86a-30c3abf729a0,NOT_SET
fa8d0949-c20a-4a26-aee6-f4955ad3ab61,INSTALLED_ACCURATELY
fa9bc087-b2c5-4126-b738-c60a34c9ed16,NOT_SET
faac9c88-f54a-44f3-a6e3-907abf4d1500,INSTALLED_ACCURATELY
faaea3f0-bd60-4768-b76e-882bd84a4628,INSTALLED_ACCURATELY
facd8315-8e11-4a96-b88a-37e8a237470e,INSTALLED_ACCURATELY
faf15215-3eb8-4f2e-b66d-d191f61c48ec,NO_STATUS_ROW
fb03ab4f-a97c-46c4-bc37-2e698e3ac4c4,INSTALLED_ACCURATELY
fb06cf43-bc31-457c-92ec-a99fdf01a8ec,INSTALLED_ACCURATELY
fb0f35cb-6438-4a5e-896b-ac11b2405942,NOT_SET
fb2a28bf-da97-4cc8-b113-847e06c115b9,NOT_SET
fb4c6025-9968-40ce-bc3e-9cd9da5e8c2c,NO_STATUS_ROW
fb68ae87-5b81-4621-8946-df809e023c78,INSTALLED_ACCURATELY
fb71a72e-b10e-4bdd-a455-9579efac0250,INSTALLED_ACCURATELY
fb8324e9-cf4b-4ace-9247-e07da8ddae19,INSTALLED_ACCURATELY
fba6eec1-2fae-4da9-bfe5-ef95edc31d64,NO_STATUS_ROW
fc270eeb-4be2-4838-827d-686da09c5087,INSTALLED_ACCURATELY
fc48d545-9643-40ac-88a3-62777e51e1d1,NOT_SET
fc4cf2cb-82b3-4b6e-b845-2b7d90d510d3,NO_STATUS_ROW
fc52b9e0-5aab-4ae1-8a4b-7394c6126524,INSTALLED_ACCURATELY
fc7ad247-f266-4272-9f0b-4e01d370d07f,INSTALLED_ACCURATELY
fc8e9caf-4e56-4262-a7f8-02e98d9b7940,INSTALLED_ACCURATELY
fc90e927-eb47-4004-8ca4-24f4b048f5a5,NO_STATUS_ROW
fcc15a4e-9ef1-49c2-adaa-6d24c2b48290,INSTALLED_ACCURATELY
fce4e133-d99d-4934-ac49-1dde686e3a8c,NOT_SET
fcef2f90-9366-4bf4-aea6-f070b6cf9819,NOT_SET
fd0e0453-c925-4787-9bba-e0a24e55f23d,NOT_SET
fd43da05-b75b-4274-9e03-97b4585ba879,INSTALLED_ACCURATELY
fd4d08b9-ab6a-414b-b8c3-c1f4ca907868,INSTALLED_ACCURATELY
fd64b177-4099-46e7-87bc-a51eecce48e9,INSTALLED_ACCURATELY
fd8262b6-6127-499b-9f3c-0b237c6d0c98,INSTALLED_ACCURATELY
fd878cf9-07e6-42ed-a247-141f5c871982,INSTALLED_ACCURATELY
fd8d1ad9-31df-448d-90e3-f97601703f28,NOT_SET
fd97a9b5-d6e5-4e1f-ad57-1e263b3a3e24,INSTALLED_ACCURATELY
fda72d33-baaa-4a4b-a168-ca05d62f69d0,INSTALLED_ACCURATELY
fdebcc82-4dd4-40bd-b656-9bdc42d1adfd,INSTALLED_ACCURATELY
fe1481ae-a459-44c7-898c-fb774c86eaad,NOT_SET
fe54a8a3-0732-4662-98e4-ee1de6f361ae,INSTALLED_ACCURATELY
fe78a6eb-720b-4296-b210-8263b09081a0,INSTALLED_ACCURATELY
fe94b7ae-ccf8-4750-b110-b3565a70265c,INSTALLED_ACCURATELY
fe9af03d-f69a-43d9-888f-41c6f824ce63,NOT_SET
fe9f6ed1-7e87-4be9-86b8-157466b094e8,NO_STATUS_ROW
fe9f7690-9cf2-45e5-978f-ca38e9d79fc7,NOT_SET
feb6f8b7-5f98-44fa-9275-9dcda1b5caad,INSTALLED_ACCURATELY
fecb6b13-684c-46df-88c7-3c2dabaad09b,NO_STATUS_ROW
ff23499b-2483-4601-86c5-123097e77a79,NOT_SET
ff2d1943-c2f7-4d73-b546-8209cd70e2b9,INSTALLED_ACCURATELY
ff41a071-4872-4c34-9a6e-f4fae65651ee,NO_STATUS_ROW
ff69adbc-d2b3-4e51-8538-eced4d7733bb,NOT_SET
ff7317ea-9c7f-4764-bc77-ecd396c0d0e7,INSTALLED_ACCURATELY
ff94b2fb-640a-4e74-b2cb-55346ba62e07,NOT_SET
ffc76bae-9fed-42c5-819d-a680ed868251,INSTALLED_ACCURATELY
fffebcf0-dc63-4fc5-aac6-27067274a770,NOT_SET
