modelElementId,currentActivity_userActivityId,currentActivityId,previousActivity_userActivityId,previousActivityId,movedAtUtc
001b60ff-91ab-4514-9f56-96a21d111929,CY-1300,9136f5b1-735c-47de-9fd8-00c325acfdbd,CY-1250,eb5a58bf-306e-4501-ad5e-2633599d2f28,2026-09-01T15:55-16:00Z
00285cab-d799-4e8f-9528-3b04604f13ce,CY-1300,9136f5b1-735c-47de-9fd8-00c325acfdbd,CY-1250,eb5a58bf-306e-4501-ad5e-2633599d2f28,2026-09-01T15:55-16:00Z
00ea87d7-549b-4521-b896-62c6142652ab,CY-1300,9136f5b1-735c-47de-9fd8-00c325acfdbd,CY-1250,eb5a58bf-306e-4501-ad5e-2633599d2f28,2026-09-01T15:55-16:00Z
010e331f-a795-4579-99cb-0f6b0b56b15f,CY-1300,9136f5b1-735c-47de-9fd8-00c325acfdbd,CY-1250,eb5a58bf-306e-4501-ad5e-2633599d2f28,2026-09-01T15:55-16:00Z
026392d3-377a-4b71-83c9-e35d796c3245,CY-1300,9136f5b1-735c-47de-9fd8-00c325acfdbd,CY-1250,eb5a58bf-306e-4501-ad5e-2633599d2f28,2026-09-01T15:55-16:00Z
026ea8d9-4af8-4d8a-a551-a785675b6237,CY-1300,9136f5b1-735c-47de-9fd8-00c325acfdbd,CY-1250,eb5a58bf-306e-4501-ad5e-2633599d2f28,2026-09-01T15:55-16:00Z
028cb189-9039-4d55-bc57-f9557797b81d,CY-1300,9136f5b1-735c-47de-9fd8-00c325acfdbd,CY-1250,eb5a58bf-306e-4501-ad5e-2633599d2f28,2026-09-01T15:55-16:00Z
02f4d56d-9973-4041-adff-aa98a28f7de3,CY-1300,9136f5b1-735c-47de-9fd8-00c325acfdbd,CY-1250,eb5a58bf-306e-4501-ad5e-2633599d2f28,2026-09-01T15:55-16:00Z
02f85172-6f2f-4878-a240-23e4105c1f68,CY-1300,9136f5b1-735c-47de-9fd8-00c325acfdbd,CY-1250,eb5a58bf-306e-4501-ad5e-2633599d2f28,2026-09-01T15:55-16:00Z
0372991a-cdcc-4806-82f3-099d25957c58,CY-1300,9136f5b1-735c-47de-9fd8-00c325acfdbd,CY-1250,eb5a58bf-306e-4501-ad5e-2633599d2f28,2026-09-01T15:55-16:00Z
03ab1c6f-fb30-4742-aa6c-d27973be71e0,CY-1300,9136f5b1-735c-47de-9fd8-00c325acfdbd,CY-1250,eb5a58bf-306e-4501-ad5e-2633599d2f28,2026-09-01T15:55-16:00Z
04267f86-9c43-4d63-b3fb-33780190b54b,CY-1300,9136f5b1-735c-47de-9fd8-00c325acfdbd,CY-1250,eb5a58bf-306e-4501-ad5e-2633599d2f28,2026-09-01T15:55-16:00Z
044eccf6-ec83-4693-9133-2e7ac9d50a1a,CY-1300,9136f5b1-735c-47de-9fd8-00c325acfdbd,CY-1250,eb5a58bf-306e-4501-ad5e-2633599d2f28,2026-09-01T15:55-16:00Z
0463559d-f3fe-4331-97f1-7ee0d636a16c,CY-1300,9136f5b1-735c-47de-9fd8-00c325acfdbd,CY-1250,eb5a58bf-306e-4501-ad5e-2633599d2f28,2026-09-01T15:55-16:00Z
048b5986-49e8-4d5c-8bf1-ce45a226d34b,CY-1300,9136f5b1-735c-47de-9fd8-00c325acfdbd,CY-1250,eb5a58bf-306e-4501-ad5e-2633599d2f28,2026-09-01T15:55-16:00Z
04fb0238-76a8-49f8-bc4d-0e7972df588d,CY-1300,9136f5b1-735c-47de-9fd8-00c325acfdbd,CY-1250,eb5a58bf-306e-4501-ad5e-2633599d2f28,2026-09-01T15:55-16:00Z
058e44de-f57b-4c27-a83b-8ec68440d4a1,CY-1300,9136f5b1-735c-47de-9fd8-00c325acfdbd,CY-1250,eb5a58bf-306e-4501-ad5e-2633599d2f28,2026-09-01T15:55-16:00Z
05bc0903-e38a-43cc-8a91-223167604ddf,CY-1300,9136f5b1-735c-47de-9fd8-00c325acfdbd,CY-1250,eb5a58bf-306e-4501-ad5e-2633599d2f28,2026-09-01T15:55-16:00Z
05d89f1e-5e59-41cc-8c71-9a63c73b4e2e,CY-1300,9136f5b1-735c-47de-9fd8-00c325acfdbd,CY-1250,eb5a58bf-306e-4501-ad5e-2633599d2f28,2026-09-01T15:55-16:00Z
06760a09-7ae1-42dc-8efc-27e6b8a960cd,CY-1300,9136f5b1-735c-47de-9fd8-00c325acfdbd,CY-1250,eb5a58bf-306e-4501-ad5e-2633599d2f28,2026-09-01T15:55-16:00Z
0732b215-819a-4b84-8df0-e78639b0d2a9,CY-1300,9136f5b1-735c-47de-9fd8-00c325acfdbd,CY-1250,eb5a58bf-306e-4501-ad5e-2633599d2f28,2026-09-01T15:55-16:00Z
0746eb83-8e9b-43e5-9030-8a07b11a9e25,CY-1300,9136f5b1-735c-47de-9fd8-00c325acfdbd,CY-1250,eb5a58bf-306e-4501-ad5e-2633599d2f28,2026-09-01T15:55-16:00Z
07c35f21-a83d-419e-bd69-c4fd489d4e1a,CY-1300,9136f5b1-735c-47de-9fd8-00c325acfdbd,CY-1250,eb5a58bf-306e-4501-ad5e-2633599d2f28,2026-09-01T15:55-16:00Z
07cd6fd8-66c7-4e6b-b5ef-4ef094b017dd,CY-1300,9136f5b1-735c-47de-9fd8-00c325acfdbd,CY-1250,eb5a58bf-306e-4501-ad5e-2633599d2f28,2026-09-01T15:55-16:00Z
07d00925-0667-4006-950a-1483624477a7,CY-1300,9136f5b1-735c-47de-9fd8-00c325acfdbd,CY-1250,eb5a58bf-306e-4501-ad5e-2633599d2f28,2026-09-01T15:55-16:00Z
08023f7d-e4cc-450e-9206-7e148a8448da,CY-1300,9136f5b1-735c-47de-9fd8-00c325acfdbd,CY-1250,eb5a58bf-306e-4501-ad5e-2633599d2f28,2026-09-01T15:55-16:00Z
080650ca-7f52-4019-88d9-e581ac699d8e,CY-1300,9136f5b1-735c-47de-9fd8-00c325acfdbd,CY-1250,eb5a58bf-306e-4501-ad5e-2633599d2f28,2026-09-01T15:55-16:00Z
08389d68-1e2c-47cc-9bba-c2a07f9fa595,CY-1300,9136f5b1-735c-47de-9fd8-00c325acfdbd,CY-1250,eb5a58bf-306e-4501-ad5e-2633599d2f28,2026-09-01T15:55-16:00Z
085c7976-6e83-4fed-8957-2256454a2588,CY-1300,9136f5b1-735c-47de-9fd8-00c325acfdbd,CY-1250,eb5a58bf-306e-4501-ad5e-2633599d2f28,2026-09-01T15:55-16:00Z
08726db0-24cb-4012-a58e-5c2160237fc0,CY-1300,9136f5b1-735c-47de-9fd8-00c325acfdbd,CY-1250,eb5a58bf-306e-4501-ad5e-2633599d2f28,2026-09-01T15:55-16:00Z
088793c4-d14d-4c7c-bfb3-9175226a528e,CY-1300,9136f5b1-735c-47de-9fd8-00c325acfdbd,CY-1250,eb5a58bf-306e-4501-ad5e-2633599d2f28,2026-09-01T15:55-16:00Z
089fe524-abfb-455e-9458-567bdc183665,CY-1300,9136f5b1-735c-47de-9fd8-00c325acfdbd,CY-1250,eb5a58bf-306e-4501-ad5e-2633599d2f28,2026-09-01T15:55-16:00Z
08accb87-2624-4350-97ed-d2858cc8c230,CY-1300,9136f5b1-735c-47de-9fd8-00c325acfdbd,CY-1250,eb5a58bf-306e-4501-ad5e-2633599d2f28,2026-09-01T15:55-16:00Z
09483c8f-7e17-4f26-bcd7-d2a6212e614d,CY-1300,9136f5b1-735c-47de-9fd8-00c325acfdbd,CY-1250,eb5a58bf-306e-4501-ad5e-2633599d2f28,2026-09-01T15:55-16:00Z
094ad768-cd04-4e92-9fe1-ff2af136269b,CY-1300,9136f5b1-735c-47de-9fd8-00c325acfdbd,CY-1250,eb5a58bf-306e-4501-ad5e-2633599d2f28,2026-09-01T15:55-16:00Z
09754793-232b-4642-8a54-8ee5bda249ce,CY-1300,9136f5b1-735c-47de-9fd8-00c325acfdbd,CY-1250,eb5a58bf-306e-4501-ad5e-2633599d2f28,2026-09-01T15:55-16:00Z
0ab8de9f-9c19-4d44-800f-7ac412539d96,CY-1300,9136f5b1-735c-47de-9fd8-00c325acfdbd,CY-1250,eb5a58bf-306e-4501-ad5e-2633599d2f28,2026-09-01T15:55-16:00Z
0b17ace6-fdbd-43c3-bfb3-b89ce44efe8d,CY-1300,9136f5b1-735c-47de-9fd8-00c325acfdbd,CY-1250,eb5a58bf-306e-4501-ad5e-2633599d2f28,2026-09-01T15:55-16:00Z
0b206cf6-2240-4adb-b0e8-bac1699e6a0b,CY-1300,9136f5b1-735c-47de-9fd8-00c325acfdbd,CY-1250,eb5a58bf-306e-4501-ad5e-2633599d2f28,2026-09-01T15:55-16:00Z
0b27ba6f-132c-40a8-aa2f-cd544107e963,CY-1300,9136f5b1-735c-47de-9fd8-00c325acfdbd,CY-1250,eb5a58bf-306e-4501-ad5e-2633599d2f28,2026-09-01T15:55-16:00Z
0b59845f-ee55-4455-842e-526ba1919db0,CY-1300,9136f5b1-735c-47de-9fd8-00c325acfdbd,CY-1250,eb5a58bf-306e-4501-ad5e-2633599d2f28,2026-09-01T15:55-16:00Z
0b73e7cd-6b9e-46a4-ad30-466443ed539c,CY-1300,9136f5b1-735c-47de-9fd8-00c325acfdbd,CY-1250,eb5a58bf-306e-4501-ad5e-2633599d2f28,2026-09-01T15:55-16:00Z
0b7bb6e3-ee5a-4875-a476-2848f4f94ddb,CY-1300,9136f5b1-735c-47de-9fd8-00c325acfdbd,CY-1250,eb5a58bf-306e-4501-ad5e-2633599d2f28,2026-09-01T15:55-16:00Z
0b7f200e-25d9-43cc-a22b-b1b8b2869f7e,CY-1300,9136f5b1-735c-47de-9fd8-00c325acfdbd,CY-1250,eb5a58bf-306e-4501-ad5e-2633599d2f28,2026-09-01T15:55-16:00Z
0b87d2b1-bae9-4845-a7da-5c18cf5935b6,CY-1300,9136f5b1-735c-47de-9fd8-00c325acfdbd,CY-1250,eb5a58bf-306e-4501-ad5e-2633599d2f28,2026-09-01T15:55-16:00Z
0b9f5f97-d041-4796-8260-c92f4571b796,CY-1300,9136f5b1-735c-47de-9fd8-00c325acfdbd,CY-1250,eb5a58bf-306e-4501-ad5e-2633599d2f28,2026-09-01T15:55-16:00Z
0ba39316-641b-4cd3-b778-8ce03f03a3a3,CY-1300,9136f5b1-735c-47de-9fd8-00c325acfdbd,CY-1250,eb5a58bf-306e-4501-ad5e-2633599d2f28,2026-09-01T15:55-16:00Z
0bfe009e-7026-4182-993a-bdbe2d2d60b7,CY-1300,9136f5b1-735c-47de-9fd8-00c325acfdbd,CY-1250,eb5a58bf-306e-4501-ad5e-2633599d2f28,2026-09-01T15:55-16:00Z
0c0413ac-6cfb-4a36-a8d6-4834c9f9ac39,CY-1300,9136f5b1-735c-47de-9fd8-00c325acfdbd,CY-1250,eb5a58bf-306e-4501-ad5e-2633599d2f28,2026-09-01T15:55-16:00Z
0c1224bf-a510-44c5-be9e-a4e9eea674c4,CY-1300,9136f5b1-735c-47de-9fd8-00c325acfdbd,CY-1250,eb5a58bf-306e-4501-ad5e-2633599d2f28,2026-09-01T15:55-16:00Z
0c337308-9eed-4c07-b6b6-11e491bf59de,CY-1300,9136f5b1-735c-47de-9fd8-00c325acfdbd,CY-1250,eb5a58bf-306e-4501-ad5e-2633599d2f28,2026-09-01T15:55-16:00Z
0c4e8faa-8c7f-4208-bda7-01d9b2652116,CY-1300,9136f5b1-735c-47de-9fd8-00c325acfdbd,CY-1250,eb5a58bf-306e-4501-ad5e-2633599d2f28,2026-09-01T15:55-16:00Z
0c8e0984-9608-4090-82f4-1d7477614cfb,CY-1300,9136f5b1-735c-47de-9fd8-00c325acfdbd,CY-1250,eb5a58bf-306e-4501-ad5e-2633599d2f28,2026-09-01T15:55-16:00Z
0cae8640-578d-4284-bcef-1f595f3a77da,CY-1300,9136f5b1-735c-47de-9fd8-00c325acfdbd,CY-1250,eb5a58bf-306e-4501-ad5e-2633599d2f28,2026-09-01T15:55-16:00Z
0d32a9aa-9799-42ec-817f-6267d6ceb5d4,CY-1300,9136f5b1-735c-47de-9fd8-00c325acfdbd,CY-1250,eb5a58bf-306e-4501-ad5e-2633599d2f28,2026-09-01T15:55-16:00Z
0d3bea87-1d4c-49ea-bac8-c77f03f24314,CY-1300,9136f5b1-735c-47de-9fd8-00c325acfdbd,CY-1250,eb5a58bf-306e-4501-ad5e-2633599d2f28,2026-09-01T15:55-16:00Z
0d9cb183-011d-4370-a388-881fbb3582da,CY-1300,9136f5b1-735c-47de-9fd8-00c325acfdbd,CY-1250,eb5a58bf-306e-4501-ad5e-2633599d2f28,2026-09-01T15:55-16:00Z
0dbd9415-680e-4f78-b9b0-abc05104ddba,CY-1300,9136f5b1-735c-47de-9fd8-00c325acfdbd,CY-1250,eb5a58bf-306e-4501-ad5e-2633599d2f28,2026-09-01T15:55-16:00Z
0e54327d-f0a2-44ed-8773-03c66c59bc75,CY-1300,9136f5b1-735c-47de-9fd8-00c325acfdbd,CY-1250,eb5a58bf-306e-4501-ad5e-2633599d2f28,2026-09-01T15:55-16:00Z
0e8161c7-b0ba-489d-94f3-1e19c4e1eda1,CY-1300,9136f5b1-735c-47de-9fd8-00c325acfdbd,CY-1250,eb5a58bf-306e-4501-ad5e-2633599d2f28,2026-09-01T15:55-16:00Z
0e9ba12b-ee6c-4f05-86a9-d1177bb4f49a,CY-1300,9136f5b1-735c-47de-9fd8-00c325acfdbd,CY-1250,eb5a58bf-306e-4501-ad5e-2633599d2f28,2026-09-01T15:55-16:00Z
0ea95b7e-f060-4425-a29b-3ba81c33b5ee,CY-1300,9136f5b1-735c-47de-9fd8-00c325acfdbd,CY-1250,eb5a58bf-306e-4501-ad5e-2633599d2f28,2026-09-01T15:55-16:00Z
0ed0d49c-8393-47d5-9379-fd5862126ae3,CY-1300,9136f5b1-735c-47de-9fd8-00c325acfdbd,CY-1250,eb5a58bf-306e-4501-ad5e-2633599d2f28,2026-09-01T15:55-16:00Z
0ef20272-2b6a-489c-beef-7711f59fa125,CY-1300,9136f5b1-735c-47de-9fd8-00c325acfdbd,CY-1250,eb5a58bf-306e-4501-ad5e-2633599d2f28,2026-09-01T15:55-16:00Z
0f057457-4ec9-43e1-be4e-9b385cd1fc37,CY-1300,9136f5b1-735c-47de-9fd8-00c325acfdbd,CY-1250,eb5a58bf-306e-4501-ad5e-2633599d2f28,2026-09-01T15:55-16:00Z
0f08984f-6222-4a3f-bdf7-7aeeac7e86c7,CY-1300,9136f5b1-735c-47de-9fd8-00c325acfdbd,CY-1250,eb5a58bf-306e-4501-ad5e-2633599d2f28,2026-09-01T15:55-16:00Z
0f6532ea-001d-424d-895c-7d2512825c39,CY-1300,9136f5b1-735c-47de-9fd8-00c325acfdbd,CY-1250,eb5a58bf-306e-4501-ad5e-2633599d2f28,2026-09-01T15:55-16:00Z
0f83979e-abdd-488e-a069-a751312b9199,CY-1300,9136f5b1-735c-47de-9fd8-00c325acfdbd,CY-1250,eb5a58bf-306e-4501-ad5e-2633599d2f28,2026-09-01T15:55-16:00Z
1018c002-21ff-4551-abc6-976793162a11,CY-1300,9136f5b1-735c-47de-9fd8-00c325acfdbd,CY-1250,eb5a58bf-306e-4501-ad5e-2633599d2f28,2026-09-01T15:55-16:00Z
103c14e3-ed69-4713-8c18-82ba473fecce,CY-1300,9136f5b1-735c-47de-9fd8-00c325acfdbd,CY-1250,eb5a58bf-306e-4501-ad5e-2633599d2f28,2026-09-01T15:55-16:00Z
103d90b3-5c0c-46a5-9c9e-aea0f56d44f7,CY-1300,9136f5b1-735c-47de-9fd8-00c325acfdbd,CY-1250,eb5a58bf-306e-4501-ad5e-2633599d2f28,2026-09-01T15:55-16:00Z
10761a9e-8960-4e57-bd33-679254cc1fbd,CY-1300,9136f5b1-735c-47de-9fd8-00c325acfdbd,CY-1250,eb5a58bf-306e-4501-ad5e-2633599d2f28,2026-09-01T15:55-16:00Z
10adcc0c-3159-47ea-9a68-9f52a0f582f4,CY-1300,9136f5b1-735c-47de-9fd8-00c325acfdbd,CY-1250,eb5a58bf-306e-4501-ad5e-2633599d2f28,2026-09-01T15:55-16:00Z
10f71e26-4fd1-4fb8-b577-372900989db2,CY-1300,9136f5b1-735c-47de-9fd8-00c325acfdbd,CY-1250,eb5a58bf-306e-4501-ad5e-2633599d2f28,2026-09-01T15:55-16:00Z
111eb20a-4d32-4dc8-91e4-a50d4e4ed1ba,CY-1300,9136f5b1-735c-47de-9fd8-00c325acfdbd,CY-1250,eb5a58bf-306e-4501-ad5e-2633599d2f28,2026-09-01T15:55-16:00Z
112f20e3-5ecb-4767-9dd6-7345d89f3b9e,CY-1300,9136f5b1-735c-47de-9fd8-00c325acfdbd,CY-1250,eb5a58bf-306e-4501-ad5e-2633599d2f28,2026-09-01T15:55-16:00Z
113def9c-f872-466b-bc80-332620121cd0,CY-1300,9136f5b1-735c-47de-9fd8-00c325acfdbd,CY-1250,eb5a58bf-306e-4501-ad5e-2633599d2f28,2026-09-01T15:55-16:00Z
119eb839-0790-4f8b-a5a3-b9b7b10a1bb7,CY-1300,9136f5b1-735c-47de-9fd8-00c325acfdbd,CY-1250,eb5a58bf-306e-4501-ad5e-2633599d2f28,2026-09-01T15:55-16:00Z
122b4254-90ff-4b5f-bb25-1d40764aabac,CY-1300,9136f5b1-735c-47de-9fd8-00c325acfdbd,CY-1250,eb5a58bf-306e-4501-ad5e-2633599d2f28,2026-09-01T15:55-16:00Z
124cad92-edeb-431a-8734-13e489c3f48a,CY-1300,9136f5b1-735c-47de-9fd8-00c325acfdbd,CY-1250,eb5a58bf-306e-4501-ad5e-2633599d2f28,2026-09-01T15:55-16:00Z
12d34508-dbcc-49c6-8cc1-a4149c903e7f,CY-1300,9136f5b1-735c-47de-9fd8-00c325acfdbd,CY-1250,eb5a58bf-306e-4501-ad5e-2633599d2f28,2026-09-01T15:55-16:00Z
12d51e36-ac68-4664-98cb-34fbccd3123f,CY-1300,9136f5b1-735c-47de-9fd8-00c325acfdbd,CY-1250,eb5a58bf-306e-4501-ad5e-2633599d2f28,2026-09-01T15:55-16:00Z
1304e12d-f973-42fb-825a-313fc0d49608,CY-1300,9136f5b1-735c-47de-9fd8-00c325acfdbd,CY-1250,eb5a58bf-306e-4501-ad5e-2633599d2f28,2026-09-01T15:55-16:00Z
131520f1-4ec5-4c5e-8756-37c21d4e1a9b,CY-1300,9136f5b1-735c-47de-9fd8-00c325acfdbd,CY-1250,eb5a58bf-306e-4501-ad5e-2633599d2f28,2026-09-01T15:55-16:00Z
1328a6af-e511-4d8f-aa2c-2a9b123374bf,CY-1300,9136f5b1-735c-47de-9fd8-00c325acfdbd,CY-1250,eb5a58bf-306e-4501-ad5e-2633599d2f28,2026-09-01T15:55-16:00Z
134f3ab0-fac3-44fe-b762-d2c7a27e952a,CY-1300,9136f5b1-735c-47de-9fd8-00c325acfdbd,CY-1250,eb5a58bf-306e-4501-ad5e-2633599d2f28,2026-09-01T15:55-16:00Z
138fc0bb-9842-4ddd-ac98-8ba2e99fbe83,CY-1300,9136f5b1-735c-47de-9fd8-00c325acfdbd,CY-1250,eb5a58bf-306e-4501-ad5e-2633599d2f28,2026-09-01T15:55-16:00Z
139f0849-505b-4e89-9152-026af04fcce1,CY-1300,9136f5b1-735c-47de-9fd8-00c325acfdbd,CY-1250,eb5a58bf-306e-4501-ad5e-2633599d2f28,2026-09-01T15:55-16:00Z
13d33e57-5d33-4712-9d21-9389745c2f5c,CY-1300,9136f5b1-735c-47de-9fd8-00c325acfdbd,CY-1250,eb5a58bf-306e-4501-ad5e-2633599d2f28,2026-09-01T15:55-16:00Z
140b8d85-bc0c-4d83-9322-e58e22b61dcb,CY-1300,9136f5b1-735c-47de-9fd8-00c325acfdbd,CY-1250,eb5a58bf-306e-4501-ad5e-2633599d2f28,2026-09-01T15:55-16:00Z
1470d15a-64f9-4078-af28-7b5de997f11f,CY-1300,9136f5b1-735c-47de-9fd8-00c325acfdbd,CY-1250,eb5a58bf-306e-4501-ad5e-2633599d2f28,2026-09-01T15:55-16:00Z
147c50be-43bf-4548-a758-7c0dbf5243f4,CY-1300,9136f5b1-735c-47de-9fd8-00c325acfdbd,CY-1250,eb5a58bf-306e-4501-ad5e-2633599d2f28,2026-09-01T15:55-16:00Z
14886b8a-9d27-4fa9-a403-d5fb8690c646,CY-1300,9136f5b1-735c-47de-9fd8-00c325acfdbd,CY-1250,eb5a58bf-306e-4501-ad5e-2633599d2f28,2026-09-01T15:55-16:00Z
14c0deda-7696-4c90-a530-e759a14986fa,CY-1300,9136f5b1-735c-47de-9fd8-00c325acfdbd,CY-1250,eb5a58bf-306e-4501-ad5e-2633599d2f28,2026-09-01T15:55-16:00Z
14efd920-c0db-46ca-bae1-467006fb7bf4,CY-1300,9136f5b1-735c-47de-9fd8-00c325acfdbd,CY-1250,eb5a58bf-306e-4501-ad5e-2633599d2f28,2026-09-01T15:55-16:00Z
14fe9603-ec5f-4e40-accd-768af2800459,CY-1300,9136f5b1-735c-47de-9fd8-00c325acfdbd,CY-1250,eb5a58bf-306e-4501-ad5e-2633599d2f28,2026-09-01T15:55-16:00Z
153116d8-6a6a-429c-b4e5-c213ba106756,CY-1300,9136f5b1-735c-47de-9fd8-00c325acfdbd,CY-1250,eb5a58bf-306e-4501-ad5e-2633599d2f28,2026-09-01T15:55-16:00Z
15450171-a1c8-4213-af35-16197ba700a9,CY-1300,9136f5b1-735c-47de-9fd8-00c325acfdbd,CY-1250,eb5a58bf-306e-4501-ad5e-2633599d2f28,2026-09-01T15:55-16:00Z
154da9b0-d80e-4084-945b-16b050378c64,CY-1300,9136f5b1-735c-47de-9fd8-00c325acfdbd,CY-1250,eb5a58bf-306e-4501-ad5e-2633599d2f28,2026-09-01T15:55-16:00Z
15880988-2e1d-4fd8-a85a-a227f57b363b,CY-1300,9136f5b1-735c-47de-9fd8-00c325acfdbd,CY-1250,eb5a58bf-306e-4501-ad5e-2633599d2f28,2026-09-01T15:55-16:00Z
15943934-3a52-49f2-8865-af388753c7b5,CY-1300,9136f5b1-735c-47de-9fd8-00c325acfdbd,CY-1250,eb5a58bf-306e-4501-ad5e-2633599d2f28,2026-09-01T15:55-16:00Z
15994566-aa56-4345-8b66-a90ab89a8ee6,CY-1300,9136f5b1-735c-47de-9fd8-00c325acfdbd,CY-1250,eb5a58bf-306e-4501-ad5e-2633599d2f28,2026-09-01T15:55-16:00Z
15c20b7c-ef45-4422-a67f-ee25240f114c,CY-1300,9136f5b1-735c-47de-9fd8-00c325acfdbd,CY-1250,eb5a58bf-306e-4501-ad5e-2633599d2f28,2026-09-01T15:55-16:00Z
15e44511-973c-4992-a8d3-f395e964b207,CY-1300,9136f5b1-735c-47de-9fd8-00c325acfdbd,CY-1250,eb5a58bf-306e-4501-ad5e-2633599d2f28,2026-09-01T15:55-16:00Z
15e6168a-2f5d-4b6d-b42e-9a6fe93b4f7f,CY-1300,9136f5b1-735c-47de-9fd8-00c325acfdbd,CY-1250,eb5a58bf-306e-4501-ad5e-2633599d2f28,2026-09-01T15:55-16:00Z
15f5e1f8-c0d1-4d4d-9fc7-538c129098d4,CY-1300,9136f5b1-735c-47de-9fd8-00c325acfdbd,CY-1250,eb5a58bf-306e-4501-ad5e-2633599d2f28,2026-09-01T15:55-16:00Z
16223dc2-cc5d-418f-b498-cdc12d803a0f,CY-1300,9136f5b1-735c-47de-9fd8-00c325acfdbd,CY-1250,eb5a58bf-306e-4501-ad5e-2633599d2f28,2026-09-01T15:55-16:00Z
167c00fe-c4da-42ff-b351-19a82f469320,CY-1300,9136f5b1-735c-47de-9fd8-00c325acfdbd,CY-1250,eb5a58bf-306e-4501-ad5e-2633599d2f28,2026-09-01T15:55-16:00Z
16c19cc2-8350-4618-a44a-a3528b26dcba,CY-1300,9136f5b1-735c-47de-9fd8-00c325acfdbd,CY-1250,eb5a58bf-306e-4501-ad5e-2633599d2f28,2026-09-01T15:55-16:00Z
171b152f-9269-4b7e-a309-a289cca8ce82,CY-1300,9136f5b1-735c-47de-9fd8-00c325acfdbd,CY-1250,eb5a58bf-306e-4501-ad5e-2633599d2f28,2026-09-01T15:55-16:00Z
17557a7c-3447-4482-8b7c-e1d836890ff4,CY-1300,9136f5b1-735c-47de-9fd8-00c325acfdbd,CY-1250,eb5a58bf-306e-4501-ad5e-2633599d2f28,2026-09-01T15:55-16:00Z
1763efb6-f9d2-4b56-8ae5-66d97c9bfcc5,CY-1300,9136f5b1-735c-47de-9fd8-00c325acfdbd,CY-1250,eb5a58bf-306e-4501-ad5e-2633599d2f28,2026-09-01T15:55-16:00Z
17a23237-69fb-407f-8fbb-8309c70919f9,CY-1300,9136f5b1-735c-47de-9fd8-00c325acfdbd,CY-1250,eb5a58bf-306e-4501-ad5e-2633599d2f28,2026-09-01T15:55-16:00Z
17a54a56-54e4-4bbd-a33a-d93cd78882ca,CY-1300,9136f5b1-735c-47de-9fd8-00c325acfdbd,CY-1250,eb5a58bf-306e-4501-ad5e-2633599d2f28,2026-09-01T15:55-16:00Z
17e12622-a0c6-454d-b82b-aa945ce3b1cf,CY-1300,9136f5b1-735c-47de-9fd8-00c325acfdbd,CY-1250,eb5a58bf-306e-4501-ad5e-2633599d2f28,2026-09-01T15:55-16:00Z
182c37af-6867-4779-904e-6648ce985143,CY-1300,9136f5b1-735c-47de-9fd8-00c325acfdbd,CY-1250,eb5a58bf-306e-4501-ad5e-2633599d2f28,2026-09-01T15:55-16:00Z
18305c6f-0042-4187-a1c2-134d00734517,CY-1300,9136f5b1-735c-47de-9fd8-00c325acfdbd,CY-1250,eb5a58bf-306e-4501-ad5e-2633599d2f28,2026-09-01T15:55-16:00Z
18bb6332-1a5b-4128-a147-21c983a48169,CY-1300,9136f5b1-735c-47de-9fd8-00c325acfdbd,CY-1250,eb5a58bf-306e-4501-ad5e-2633599d2f28,2026-09-01T15:55-16:00Z
18bc4537-ccb6-496c-a8c5-cc0a0aa9ba9b,CY-1300,9136f5b1-735c-47de-9fd8-00c325acfdbd,CY-1250,eb5a58bf-306e-4501-ad5e-2633599d2f28,2026-09-01T15:55-16:00Z
18f224f3-bb99-4283-a662-841e309c3810,CY-1300,9136f5b1-735c-47de-9fd8-00c325acfdbd,CY-1250,eb5a58bf-306e-4501-ad5e-2633599d2f28,2026-09-01T15:55-16:00Z
195b75c0-5a49-4b4f-a42e-5649285445de,CY-1300,9136f5b1-735c-47de-9fd8-00c325acfdbd,CY-1250,eb5a58bf-306e-4501-ad5e-2633599d2f28,2026-09-01T15:55-16:00Z
19d0f758-0cd9-4e4c-afa4-d576d38d5bb7,CY-1300,9136f5b1-735c-47de-9fd8-00c325acfdbd,CY-1250,eb5a58bf-306e-4501-ad5e-2633599d2f28,2026-09-01T15:55-16:00Z
19fb09c4-83f2-440d-98ec-3400ba998f4d,CY-1300,9136f5b1-735c-47de-9fd8-00c325acfdbd,CY-1250,eb5a58bf-306e-4501-ad5e-2633599d2f28,2026-09-01T15:55-16:00Z
1aa6e38a-3aaa-4703-a711-60ba7eda1ab5,CY-1300,9136f5b1-735c-47de-9fd8-00c325acfdbd,CY-1250,eb5a58bf-306e-4501-ad5e-2633599d2f28,2026-09-01T15:55-16:00Z
1b5fa757-40e7-47c1-9ea3-2dc4158ed671,CY-1300,9136f5b1-735c-47de-9fd8-00c325acfdbd,CY-1250,eb5a58bf-306e-4501-ad5e-2633599d2f28,2026-09-01T15:55-16:00Z
1b8512cf-b383-41b3-9ec3-8d0bcdd5b920,CY-1300,9136f5b1-735c-47de-9fd8-00c325acfdbd,CY-1250,eb5a58bf-306e-4501-ad5e-2633599d2f28,2026-09-01T15:55-16:00Z
1bc184bd-3a1c-4a17-99e2-b892e1bafd83,CY-1300,9136f5b1-735c-47de-9fd8-00c325acfdbd,CY-1250,eb5a58bf-306e-4501-ad5e-2633599d2f28,2026-09-01T15:55-16:00Z
1c6b1b6d-2d15-4774-b9e8-717e9f1200f7,CY-1300,9136f5b1-735c-47de-9fd8-00c325acfdbd,CY-1250,eb5a58bf-306e-4501-ad5e-2633599d2f28,2026-09-01T15:55-16:00Z
1cd053d1-01eb-41e3-a3ae-2fabb972894b,CY-1300,9136f5b1-735c-47de-9fd8-00c325acfdbd,CY-1250,eb5a58bf-306e-4501-ad5e-2633599d2f28,2026-09-01T15:55-16:00Z
1d2d10be-b338-4826-bfdd-c1a8e667f359,CY-1300,9136f5b1-735c-47de-9fd8-00c325acfdbd,CY-1250,eb5a58bf-306e-4501-ad5e-2633599d2f28,2026-09-01T15:55-16:00Z
1d30b53d-a91e-435e-af09-03640d83273b,CY-1300,9136f5b1-735c-47de-9fd8-00c325acfdbd,CY-1250,eb5a58bf-306e-4501-ad5e-2633599d2f28,2026-09-01T15:55-16:00Z
1d5258ce-245e-4a06-b145-2345173837b6,CY-1300,9136f5b1-735c-47de-9fd8-00c325acfdbd,CY-1250,eb5a58bf-306e-4501-ad5e-2633599d2f28,2026-09-01T15:55-16:00Z
1d874542-58f2-4095-84dd-f25f101c239b,CY-1300,9136f5b1-735c-47de-9fd8-00c325acfdbd,CY-1250,eb5a58bf-306e-4501-ad5e-2633599d2f28,2026-09-01T15:55-16:00Z
1dc779ac-b31f-4f48-8aa8-04fbe9413f45,CY-1300,9136f5b1-735c-47de-9fd8-00c325acfdbd,CY-1250,eb5a58bf-306e-4501-ad5e-2633599d2f28,2026-09-01T15:55-16:00Z
1e2460e2-2c40-443e-9343-531057a5964f,CY-1300,9136f5b1-735c-47de-9fd8-00c325acfdbd,CY-1250,eb5a58bf-306e-4501-ad5e-2633599d2f28,2026-09-01T15:55-16:00Z
1f601c04-71a8-40c9-a6e1-4d98af849e6d,CY-1300,9136f5b1-735c-47de-9fd8-00c325acfdbd,CY-1250,eb5a58bf-306e-4501-ad5e-2633599d2f28,2026-09-01T15:55-16:00Z
1f7fe415-cd79-483f-8524-f60cd8ed8fff,CY-1300,9136f5b1-735c-47de-9fd8-00c325acfdbd,CY-1250,eb5a58bf-306e-4501-ad5e-2633599d2f28,2026-09-01T15:55-16:00Z
1f99479d-fbe8-4f2d-aa33-52d9aef73ad1,CY-1300,9136f5b1-735c-47de-9fd8-00c325acfdbd,CY-1250,eb5a58bf-306e-4501-ad5e-2633599d2f28,2026-09-01T15:55-16:00Z
1f9d9195-b4e8-4c8d-a430-05f7e62d38a1,CY-1300,9136f5b1-735c-47de-9fd8-00c325acfdbd,CY-1250,eb5a58bf-306e-4501-ad5e-2633599d2f28,2026-09-01T15:55-16:00Z
1fd3156e-8ea4-4962-8f7f-9caeda094c6c,CY-1300,9136f5b1-735c-47de-9fd8-00c325acfdbd,CY-1250,eb5a58bf-306e-4501-ad5e-2633599d2f28,2026-09-01T15:55-16:00Z
1ffa227b-6111-40ef-8c51-fcc723b1eade,CY-1300,9136f5b1-735c-47de-9fd8-00c325acfdbd,CY-1250,eb5a58bf-306e-4501-ad5e-2633599d2f28,2026-09-01T15:55-16:00Z
2093cbdb-6032-4adf-85ff-490f0ce656d7,CY-1300,9136f5b1-735c-47de-9fd8-00c325acfdbd,CY-1250,eb5a58bf-306e-4501-ad5e-2633599d2f28,2026-09-01T15:55-16:00Z
20a31beb-af85-4a2e-b997-e8d1b643112b,CY-1300,9136f5b1-735c-47de-9fd8-00c325acfdbd,CY-1250,eb5a58bf-306e-4501-ad5e-2633599d2f28,2026-09-01T15:55-16:00Z
20bc5ae2-0242-4755-93ab-8a4bb3c3bc0b,CY-1300,9136f5b1-735c-47de-9fd8-00c325acfdbd,CY-1250,eb5a58bf-306e-4501-ad5e-2633599d2f28,2026-09-01T15:55-16:00Z
20e9510b-010f-4166-98c9-0625b832a281,CY-1300,9136f5b1-735c-47de-9fd8-00c325acfdbd,CY-1250,eb5a58bf-306e-4501-ad5e-2633599d2f28,2026-09-01T15:55-16:00Z
212a9848-1e81-41c7-ba68-dd217a1946c6,CY-1300,9136f5b1-735c-47de-9fd8-00c325acfdbd,CY-1250,eb5a58bf-306e-4501-ad5e-2633599d2f28,2026-09-01T15:55-16:00Z
218e8e74-37cf-4a3f-be96-f92afcc4120b,CY-1300,9136f5b1-735c-47de-9fd8-00c325acfdbd,CY-1250,eb5a58bf-306e-4501-ad5e-2633599d2f28,2026-09-01T15:55-16:00Z
21c47045-3541-47f3-beba-59be506c1735,CY-1300,9136f5b1-735c-47de-9fd8-00c325acfdbd,CY-1250,eb5a58bf-306e-4501-ad5e-2633599d2f28,2026-09-01T15:55-16:00Z
21c4bbf2-17ec-43b3-a866-5c7909c8e671,CY-1300,9136f5b1-735c-47de-9fd8-00c325acfdbd,CY-1250,eb5a58bf-306e-4501-ad5e-2633599d2f28,2026-09-01T15:55-16:00Z
21f14604-6788-4168-9589-d9927792e4a7,CY-1300,9136f5b1-735c-47de-9fd8-00c325acfdbd,CY-1250,eb5a58bf-306e-4501-ad5e-2633599d2f28,2026-09-01T15:55-16:00Z
222a485c-99a1-4ea3-a8b4-5792ce9d291c,CY-1300,9136f5b1-735c-47de-9fd8-00c325acfdbd,CY-1250,eb5a58bf-306e-4501-ad5e-2633599d2f28,2026-09-01T15:55-16:00Z
225b2d60-6544-41ae-8291-56c794db718a,CY-1300,9136f5b1-735c-47de-9fd8-00c325acfdbd,CY-1250,eb5a58bf-306e-4501-ad5e-2633599d2f28,2026-09-01T15:55-16:00Z
227fff43-a0c1-43aa-b0d5-b30278921588,CY-1300,9136f5b1-735c-47de-9fd8-00c325acfdbd,CY-1250,eb5a58bf-306e-4501-ad5e-2633599d2f28,2026-09-01T15:55-16:00Z
22e70259-9316-4240-8288-ec01a868f719,CY-1300,9136f5b1-735c-47de-9fd8-00c325acfdbd,CY-1250,eb5a58bf-306e-4501-ad5e-2633599d2f28,2026-09-01T15:55-16:00Z
2318d22e-2359-4267-aac1-9b761c8c9471,CY-1300,9136f5b1-735c-47de-9fd8-00c325acfdbd,CY-1250,eb5a58bf-306e-4501-ad5e-2633599d2f28,2026-09-01T15:55-16:00Z
23197d28-8c5d-443c-9a0b-a86cdc21fd35,CY-1300,9136f5b1-735c-47de-9fd8-00c325acfdbd,CY-1250,eb5a58bf-306e-4501-ad5e-2633599d2f28,2026-09-01T15:55-16:00Z
23222267-8d69-4f38-b1ef-33c721516767,CY-1300,9136f5b1-735c-47de-9fd8-00c325acfdbd,CY-1250,eb5a58bf-306e-4501-ad5e-2633599d2f28,2026-09-01T15:55-16:00Z
23927a6e-2f53-47e7-8631-2af9653d1bce,CY-1300,9136f5b1-735c-47de-9fd8-00c325acfdbd,CY-1250,eb5a58bf-306e-4501-ad5e-2633599d2f28,2026-09-01T15:55-16:00Z
23bb5b47-092b-4819-af68-51ecf5e55a16,CY-1300,9136f5b1-735c-47de-9fd8-00c325acfdbd,CY-1250,eb5a58bf-306e-4501-ad5e-2633599d2f28,2026-09-01T15:55-16:00Z
23f275ff-e606-4307-9ff4-2ba36f62e4db,CY-1300,9136f5b1-735c-47de-9fd8-00c325acfdbd,CY-1250,eb5a58bf-306e-4501-ad5e-2633599d2f28,2026-09-01T15:55-16:00Z
242c3721-a502-4d93-b4ef-ff80c468cf6c,CY-1300,9136f5b1-735c-47de-9fd8-00c325acfdbd,CY-1250,eb5a58bf-306e-4501-ad5e-2633599d2f28,2026-09-01T15:55-16:00Z
242e2173-580b-4526-af43-deb57409ea02,CY-1300,9136f5b1-735c-47de-9fd8-00c325acfdbd,CY-1250,eb5a58bf-306e-4501-ad5e-2633599d2f28,2026-09-01T15:55-16:00Z
24e4b04f-b87b-4dd0-a523-0722a1daceed,CY-1300,9136f5b1-735c-47de-9fd8-00c325acfdbd,CY-1250,eb5a58bf-306e-4501-ad5e-2633599d2f28,2026-09-01T15:55-16:00Z
2505d0f5-cae5-4ced-90f7-1df0ae9e232d,CY-1300,9136f5b1-735c-47de-9fd8-00c325acfdbd,CY-1250,eb5a58bf-306e-4501-ad5e-2633599d2f28,2026-09-01T15:55-16:00Z
2588c255-066d-4b10-9876-4dbf44b6a2c5,CY-1300,9136f5b1-735c-47de-9fd8-00c325acfdbd,CY-1250,eb5a58bf-306e-4501-ad5e-2633599d2f28,2026-09-01T15:55-16:00Z
25f3b08b-561f-4899-9df6-22eb1928cb4d,CY-1300,9136f5b1-735c-47de-9fd8-00c325acfdbd,CY-1250,eb5a58bf-306e-4501-ad5e-2633599d2f28,2026-09-01T15:55-16:00Z
25fbb7c5-ab6a-40bd-a404-6cbd1e378821,CY-1300,9136f5b1-735c-47de-9fd8-00c325acfdbd,CY-1250,eb5a58bf-306e-4501-ad5e-2633599d2f28,2026-09-01T15:55-16:00Z
264fd658-6d0a-47be-89e0-d5900d90df8b,CY-1300,9136f5b1-735c-47de-9fd8-00c325acfdbd,CY-1250,eb5a58bf-306e-4501-ad5e-2633599d2f28,2026-09-01T15:55-16:00Z
26522c1f-2dfc-4a70-9b1b-0c5a2da3093e,CY-1300,9136f5b1-735c-47de-9fd8-00c325acfdbd,CY-1250,eb5a58bf-306e-4501-ad5e-2633599d2f28,2026-09-01T15:55-16:00Z
267636e3-e786-437f-bb93-9e2aa69fcf04,CY-1300,9136f5b1-735c-47de-9fd8-00c325acfdbd,CY-1250,eb5a58bf-306e-4501-ad5e-2633599d2f28,2026-09-01T15:55-16:00Z
26768f94-d3b5-4807-85cb-2b1f7de0ac47,CY-1300,9136f5b1-735c-47de-9fd8-00c325acfdbd,CY-1250,eb5a58bf-306e-4501-ad5e-2633599d2f28,2026-09-01T15:55-16:00Z
2686e909-0a04-4a2a-acc5-aca6ab653273,CY-1300,9136f5b1-735c-47de-9fd8-00c325acfdbd,CY-1250,eb5a58bf-306e-4501-ad5e-2633599d2f28,2026-09-01T15:55-16:00Z
26dc7f34-9087-475f-9caa-144769d4b6eb,CY-1300,9136f5b1-735c-47de-9fd8-00c325acfdbd,CY-1250,eb5a58bf-306e-4501-ad5e-2633599d2f28,2026-09-01T15:55-16:00Z
26dea20e-c947-4872-8c1b-d781eacbdc19,CY-1300,9136f5b1-735c-47de-9fd8-00c325acfdbd,CY-1250,eb5a58bf-306e-4501-ad5e-2633599d2f28,2026-09-01T15:55-16:00Z
271071c3-4bfc-4454-9100-db060550832d,CY-1300,9136f5b1-735c-47de-9fd8-00c325acfdbd,CY-1250,eb5a58bf-306e-4501-ad5e-2633599d2f28,2026-09-01T15:55-16:00Z
27385e35-e3fc-4721-a09c-af53e6219ea3,CY-1300,9136f5b1-735c-47de-9fd8-00c325acfdbd,CY-1250,eb5a58bf-306e-4501-ad5e-2633599d2f28,2026-09-01T15:55-16:00Z
27624b02-5ed6-4094-8fbf-67540bec956a,CY-1300,9136f5b1-735c-47de-9fd8-00c325acfdbd,CY-1250,eb5a58bf-306e-4501-ad5e-2633599d2f28,2026-09-01T15:55-16:00Z
28370da0-468a-4112-80e8-1f2efc642de3,CY-1300,9136f5b1-735c-47de-9fd8-00c325acfdbd,CY-1250,eb5a58bf-306e-4501-ad5e-2633599d2f28,2026-09-01T15:55-16:00Z
285b514b-65ca-47e4-85e0-d27dde3ed8b0,CY-1300,9136f5b1-735c-47de-9fd8-00c325acfdbd,CY-1250,eb5a58bf-306e-4501-ad5e-2633599d2f28,2026-09-01T15:55-16:00Z
28fa70a5-ed6c-4b9a-b4eb-51ed44f82d27,CY-1300,9136f5b1-735c-47de-9fd8-00c325acfdbd,CY-1250,eb5a58bf-306e-4501-ad5e-2633599d2f28,2026-09-01T15:55-16:00Z
2928f2b2-1348-4753-9ddd-d18156939b12,CY-1300,9136f5b1-735c-47de-9fd8-00c325acfdbd,CY-1250,eb5a58bf-306e-4501-ad5e-2633599d2f28,2026-09-01T15:55-16:00Z
296bbdfc-2e34-41e6-b732-9d7008117f6a,CY-1300,9136f5b1-735c-47de-9fd8-00c325acfdbd,CY-1250,eb5a58bf-306e-4501-ad5e-2633599d2f28,2026-09-01T15:55-16:00Z
297daea3-3e91-4726-b27d-63b596c9a12b,CY-1300,9136f5b1-735c-47de-9fd8-00c325acfdbd,CY-1250,eb5a58bf-306e-4501-ad5e-2633599d2f28,2026-09-01T15:55-16:00Z
2996bef8-0ac1-4045-9d67-5cd2c3928a68,CY-1300,9136f5b1-735c-47de-9fd8-00c325acfdbd,CY-1250,eb5a58bf-306e-4501-ad5e-2633599d2f28,2026-09-01T15:55-16:00Z
29d62232-fc99-45c4-88d2-fb9b68dfe150,CY-1300,9136f5b1-735c-47de-9fd8-00c325acfdbd,CY-1250,eb5a58bf-306e-4501-ad5e-2633599d2f28,2026-09-01T15:55-16:00Z
29e26dd1-5c82-4816-ba4f-ff6ca52e1056,CY-1300,9136f5b1-735c-47de-9fd8-00c325acfdbd,CY-1250,eb5a58bf-306e-4501-ad5e-2633599d2f28,2026-09-01T15:55-16:00Z
29f7e39e-b677-4bb0-a2a0-e18e3a74921b,CY-1300,9136f5b1-735c-47de-9fd8-00c325acfdbd,CY-1250,eb5a58bf-306e-4501-ad5e-2633599d2f28,2026-09-01T15:55-16:00Z
2a198f3f-e42b-4a2a-a7d6-cde470f71180,CY-1300,9136f5b1-735c-47de-9fd8-00c325acfdbd,CY-1250,eb5a58bf-306e-4501-ad5e-2633599d2f28,2026-09-01T15:55-16:00Z
2a869e52-b045-4283-9826-ae67ab9b14b7,CY-1300,9136f5b1-735c-47de-9fd8-00c325acfdbd,CY-1250,eb5a58bf-306e-4501-ad5e-2633599d2f28,2026-09-01T15:55-16:00Z
2abeec95-d180-470e-8e17-5398923aa9b9,CY-1300,9136f5b1-735c-47de-9fd8-00c325acfdbd,CY-1250,eb5a58bf-306e-4501-ad5e-2633599d2f28,2026-09-01T15:55-16:00Z
2ac3699d-e1f8-4082-bcae-1bbc12079877,CY-1300,9136f5b1-735c-47de-9fd8-00c325acfdbd,CY-1250,eb5a58bf-306e-4501-ad5e-2633599d2f28,2026-09-01T15:55-16:00Z
2b1cd7a7-c36c-44ca-b022-cc76ba0aa8ac,CY-1300,9136f5b1-735c-47de-9fd8-00c325acfdbd,CY-1250,eb5a58bf-306e-4501-ad5e-2633599d2f28,2026-09-01T15:55-16:00Z
2b53eb80-c169-4ae0-96b4-d8672d962689,CY-1300,9136f5b1-735c-47de-9fd8-00c325acfdbd,CY-1250,eb5a58bf-306e-4501-ad5e-2633599d2f28,2026-09-01T15:55-16:00Z
2bcb46f1-47d6-4ab7-85b0-4bcd3c2105ed,CY-1300,9136f5b1-735c-47de-9fd8-00c325acfdbd,CY-1250,eb5a58bf-306e-4501-ad5e-2633599d2f28,2026-09-01T15:55-16:00Z
2c71432a-2b4a-4756-b37f-acc11212b4c6,CY-1300,9136f5b1-735c-47de-9fd8-00c325acfdbd,CY-1250,eb5a58bf-306e-4501-ad5e-2633599d2f28,2026-09-01T15:55-16:00Z
2c7a0f7c-8290-40eb-a9f6-bbd11c2a2cd3,CY-1300,9136f5b1-735c-47de-9fd8-00c325acfdbd,CY-1250,eb5a58bf-306e-4501-ad5e-2633599d2f28,2026-09-01T15:55-16:00Z
2c977615-98e0-4138-a453-6e500e41cfd3,CY-1300,9136f5b1-735c-47de-9fd8-00c325acfdbd,CY-1250,eb5a58bf-306e-4501-ad5e-2633599d2f28,2026-09-01T15:55-16:00Z
2cf17901-e560-476f-a9df-4e1d610edaa8,CY-1300,9136f5b1-735c-47de-9fd8-00c325acfdbd,CY-1250,eb5a58bf-306e-4501-ad5e-2633599d2f28,2026-09-01T15:55-16:00Z
2d1648fc-a986-495a-a2e9-bbeaf352f9c6,CY-1300,9136f5b1-735c-47de-9fd8-00c325acfdbd,CY-1250,eb5a58bf-306e-4501-ad5e-2633599d2f28,2026-09-01T15:55-16:00Z
2d177ccb-288f-42c4-a4a9-4bcafc8a771d,CY-1300,9136f5b1-735c-47de-9fd8-00c325acfdbd,CY-1250,eb5a58bf-306e-4501-ad5e-2633599d2f28,2026-09-01T15:55-16:00Z
2d6655c8-d39f-4e0f-ad12-5cdaf53496a0,CY-1300,9136f5b1-735c-47de-9fd8-00c325acfdbd,CY-1250,eb5a58bf-306e-4501-ad5e-2633599d2f28,2026-09-01T15:55-16:00Z
2d687318-9bb5-4190-9286-e2f8e032a5f4,CY-1300,9136f5b1-735c-47de-9fd8-00c325acfdbd,CY-1250,eb5a58bf-306e-4501-ad5e-2633599d2f28,2026-09-01T15:55-16:00Z
2d6cd8fe-670e-4844-b158-7060eb2806c9,CY-1300,9136f5b1-735c-47de-9fd8-00c325acfdbd,CY-1250,eb5a58bf-306e-4501-ad5e-2633599d2f28,2026-09-01T15:55-16:00Z
2dbeaf61-43e5-4a24-8fee-e44e0742807b,CY-1300,9136f5b1-735c-47de-9fd8-00c325acfdbd,CY-1250,eb5a58bf-306e-4501-ad5e-2633599d2f28,2026-09-01T15:55-16:00Z
2df1c76d-70dd-4a11-aea8-31bdc21fe626,CY-1300,9136f5b1-735c-47de-9fd8-00c325acfdbd,CY-1250,eb5a58bf-306e-4501-ad5e-2633599d2f28,2026-09-01T15:55-16:00Z
2e5e234d-0e6a-4c2c-8576-fb176dc98441,CY-1300,9136f5b1-735c-47de-9fd8-00c325acfdbd,CY-1250,eb5a58bf-306e-4501-ad5e-2633599d2f28,2026-09-01T15:55-16:00Z
2e6bb833-2b48-4900-bf89-9c87d517a1ca,CY-1300,9136f5b1-735c-47de-9fd8-00c325acfdbd,CY-1250,eb5a58bf-306e-4501-ad5e-2633599d2f28,2026-09-01T15:55-16:00Z
2ebf9fd7-63a8-43c6-b8c0-8b4308490c16,CY-1300,9136f5b1-735c-47de-9fd8-00c325acfdbd,CY-1250,eb5a58bf-306e-4501-ad5e-2633599d2f28,2026-09-01T15:55-16:00Z
2ee6dd9f-b43d-4021-a961-8bd685127045,CY-1300,9136f5b1-735c-47de-9fd8-00c325acfdbd,CY-1250,eb5a58bf-306e-4501-ad5e-2633599d2f28,2026-09-01T15:55-16:00Z
2f1d8381-64a1-4793-b6fc-3b74146e6715,CY-1300,9136f5b1-735c-47de-9fd8-00c325acfdbd,CY-1250,eb5a58bf-306e-4501-ad5e-2633599d2f28,2026-09-01T15:55-16:00Z
2f8b68b4-31ac-48f4-8087-167656f030a5,CY-1300,9136f5b1-735c-47de-9fd8-00c325acfdbd,CY-1250,eb5a58bf-306e-4501-ad5e-2633599d2f28,2026-09-01T15:55-16:00Z
2fa9f2aa-f4d2-4b34-9c63-e46d325e0175,CY-1300,9136f5b1-735c-47de-9fd8-00c325acfdbd,CY-1250,eb5a58bf-306e-4501-ad5e-2633599d2f28,2026-09-01T15:55-16:00Z
30778ea7-a7eb-48f3-b205-bac45f859f61,CY-1300,9136f5b1-735c-47de-9fd8-00c325acfdbd,CY-1250,eb5a58bf-306e-4501-ad5e-2633599d2f28,2026-09-01T15:55-16:00Z
308632c2-0588-499e-97a3-5ef6905e0949,CY-1300,9136f5b1-735c-47de-9fd8-00c325acfdbd,CY-1250,eb5a58bf-306e-4501-ad5e-2633599d2f28,2026-09-01T15:55-16:00Z
3141ece0-e326-4724-b32e-afb96cef923d,CY-1300,9136f5b1-735c-47de-9fd8-00c325acfdbd,CY-1250,eb5a58bf-306e-4501-ad5e-2633599d2f28,2026-09-01T15:55-16:00Z
314840e1-6468-48fe-a19c-1eb7392fb764,CY-1300,9136f5b1-735c-47de-9fd8-00c325acfdbd,CY-1250,eb5a58bf-306e-4501-ad5e-2633599d2f28,2026-09-01T15:55-16:00Z
31662963-902b-4180-a784-075db9da0a54,CY-1300,9136f5b1-735c-47de-9fd8-00c325acfdbd,CY-1250,eb5a58bf-306e-4501-ad5e-2633599d2f28,2026-09-01T15:55-16:00Z
316b0262-9c4b-4525-b49d-92d2ba24535d,CY-1300,9136f5b1-735c-47de-9fd8-00c325acfdbd,CY-1250,eb5a58bf-306e-4501-ad5e-2633599d2f28,2026-09-01T15:55-16:00Z
31a69fd5-915d-4a25-8f01-0b58c4d58694,CY-1300,9136f5b1-735c-47de-9fd8-00c325acfdbd,CY-1250,eb5a58bf-306e-4501-ad5e-2633599d2f28,2026-09-01T15:55-16:00Z
32610d9c-1f0b-40a6-9af5-510a42b5a3fc,CY-1300,9136f5b1-735c-47de-9fd8-00c325acfdbd,CY-1250,eb5a58bf-306e-4501-ad5e-2633599d2f28,2026-09-01T15:55-16:00Z
32d37a46-4880-4108-8bbf-7b736fd8fccd,CY-1300,9136f5b1-735c-47de-9fd8-00c325acfdbd,CY-1250,eb5a58bf-306e-4501-ad5e-2633599d2f28,2026-09-01T15:55-16:00Z
32f6a11e-d217-46d0-b16b-72a2fcc758f5,CY-1300,9136f5b1-735c-47de-9fd8-00c325acfdbd,CY-1250,eb5a58bf-306e-4501-ad5e-2633599d2f28,2026-09-01T15:55-16:00Z
338b0e4c-2650-4c2c-b3cd-6ad0ab0a57ee,CY-1300,9136f5b1-735c-47de-9fd8-00c325acfdbd,CY-1250,eb5a58bf-306e-4501-ad5e-2633599d2f28,2026-09-01T15:55-16:00Z
3465e777-2727-4af0-9993-e2e2e3a09c02,CY-1300,9136f5b1-735c-47de-9fd8-00c325acfdbd,CY-1250,eb5a58bf-306e-4501-ad5e-2633599d2f28,2026-09-01T15:55-16:00Z
3466e96a-4fd4-4bc8-8563-47bed5770ce9,CY-1300,9136f5b1-735c-47de-9fd8-00c325acfdbd,CY-1250,eb5a58bf-306e-4501-ad5e-2633599d2f28,2026-09-01T15:55-16:00Z
347b7214-fed8-40b9-9406-590e9e215093,CY-1300,9136f5b1-735c-47de-9fd8-00c325acfdbd,CY-1250,eb5a58bf-306e-4501-ad5e-2633599d2f28,2026-09-01T15:55-16:00Z
34b9bedc-42cf-4439-91f1-5a86828b59b4,CY-1300,9136f5b1-735c-47de-9fd8-00c325acfdbd,CY-1250,eb5a58bf-306e-4501-ad5e-2633599d2f28,2026-09-01T15:55-16:00Z
35267359-9095-469e-8257-91e8b243d2ce,CY-1300,9136f5b1-735c-47de-9fd8-00c325acfdbd,CY-1250,eb5a58bf-306e-4501-ad5e-2633599d2f28,2026-09-01T15:55-16:00Z
36177466-d128-429e-8730-fdeb807070e2,CY-1300,9136f5b1-735c-47de-9fd8-00c325acfdbd,CY-1250,eb5a58bf-306e-4501-ad5e-2633599d2f28,2026-09-01T15:55-16:00Z
368ce62c-4f56-4cd0-938a-4d041d06d1ad,CY-1300,9136f5b1-735c-47de-9fd8-00c325acfdbd,CY-1250,eb5a58bf-306e-4501-ad5e-2633599d2f28,2026-09-01T15:55-16:00Z
369e6b4f-0a6a-45ad-919e-f87b85f39e41,CY-1300,9136f5b1-735c-47de-9fd8-00c325acfdbd,CY-1250,eb5a58bf-306e-4501-ad5e-2633599d2f28,2026-09-01T15:55-16:00Z
36f1de78-7912-4be1-9efe-1d59dfda9f42,CY-1300,9136f5b1-735c-47de-9fd8-00c325acfdbd,CY-1250,eb5a58bf-306e-4501-ad5e-2633599d2f28,2026-09-01T15:55-16:00Z
370d89b4-42d0-461f-b58a-e6035a9be44f,CY-1300,9136f5b1-735c-47de-9fd8-00c325acfdbd,CY-1250,eb5a58bf-306e-4501-ad5e-2633599d2f28,2026-09-01T15:55-16:00Z
3725ea81-c4b3-4305-9a8a-cf0b26e9d573,CY-1300,9136f5b1-735c-47de-9fd8-00c325acfdbd,CY-1250,eb5a58bf-306e-4501-ad5e-2633599d2f28,2026-09-01T15:55-16:00Z
3746b06b-914f-4c2b-a5b5-a437cce93e7b,CY-1300,9136f5b1-735c-47de-9fd8-00c325acfdbd,CY-1250,eb5a58bf-306e-4501-ad5e-2633599d2f28,2026-09-01T15:55-16:00Z
374ff495-8c4a-4e77-9107-ed0672b9ee8c,CY-1300,9136f5b1-735c-47de-9fd8-00c325acfdbd,CY-1250,eb5a58bf-306e-4501-ad5e-2633599d2f28,2026-09-01T15:55-16:00Z
3752229d-c520-4580-aa5d-d1e4012d57ca,CY-1300,9136f5b1-735c-47de-9fd8-00c325acfdbd,CY-1250,eb5a58bf-306e-4501-ad5e-2633599d2f28,2026-09-01T15:55-16:00Z
377d0c5a-2d25-44e5-9aca-de231ea0a364,CY-1300,9136f5b1-735c-47de-9fd8-00c325acfdbd,CY-1250,eb5a58bf-306e-4501-ad5e-2633599d2f28,2026-09-01T15:55-16:00Z
3810b6c1-e493-4f72-9931-98f6e5b68cc6,CY-1300,9136f5b1-735c-47de-9fd8-00c325acfdbd,CY-1250,eb5a58bf-306e-4501-ad5e-2633599d2f28,2026-09-01T15:55-16:00Z
382d926e-642d-4e88-a047-99b7d60d3126,CY-1300,9136f5b1-735c-47de-9fd8-00c325acfdbd,CY-1250,eb5a58bf-306e-4501-ad5e-2633599d2f28,2026-09-01T15:55-16:00Z
3874e629-ac0a-46f8-8579-650ba5fbe307,CY-1300,9136f5b1-735c-47de-9fd8-00c325acfdbd,CY-1250,eb5a58bf-306e-4501-ad5e-2633599d2f28,2026-09-01T15:55-16:00Z
388beef5-a5ff-4c2e-b895-022d762ed591,CY-1300,9136f5b1-735c-47de-9fd8-00c325acfdbd,CY-1250,eb5a58bf-306e-4501-ad5e-2633599d2f28,2026-09-01T15:55-16:00Z
38935034-8f7e-402e-940d-2ef750f13893,CY-1300,9136f5b1-735c-47de-9fd8-00c325acfdbd,CY-1250,eb5a58bf-306e-4501-ad5e-2633599d2f28,2026-09-01T15:55-16:00Z
38cacf13-2641-4b93-ac13-6f2b1243d874,CY-1300,9136f5b1-735c-47de-9fd8-00c325acfdbd,CY-1250,eb5a58bf-306e-4501-ad5e-2633599d2f28,2026-09-01T15:55-16:00Z
3915c358-fa41-49d4-93fc-779e681c718c,CY-1300,9136f5b1-735c-47de-9fd8-00c325acfdbd,CY-1250,eb5a58bf-306e-4501-ad5e-2633599d2f28,2026-09-01T15:55-16:00Z
392f4ef7-2170-49a1-96c0-0ca15f3eaf15,CY-1300,9136f5b1-735c-47de-9fd8-00c325acfdbd,CY-1250,eb5a58bf-306e-4501-ad5e-2633599d2f28,2026-09-01T15:55-16:00Z
39feb638-72dd-48e9-b1a9-71860e172724,CY-1300,9136f5b1-735c-47de-9fd8-00c325acfdbd,CY-1250,eb5a58bf-306e-4501-ad5e-2633599d2f28,2026-09-01T15:55-16:00Z
3a01fd55-5f39-4ebd-b2b2-4619bc7cc047,CY-1300,9136f5b1-735c-47de-9fd8-00c325acfdbd,CY-1250,eb5a58bf-306e-4501-ad5e-2633599d2f28,2026-09-01T15:55-16:00Z
3a368cfe-05ad-424e-b0e0-adb641c3c725,CY-1300,9136f5b1-735c-47de-9fd8-00c325acfdbd,CY-1250,eb5a58bf-306e-4501-ad5e-2633599d2f28,2026-09-01T15:55-16:00Z
3a97caec-a4d3-4375-9a09-d7cc701b7f7a,CY-1300,9136f5b1-735c-47de-9fd8-00c325acfdbd,CY-1250,eb5a58bf-306e-4501-ad5e-2633599d2f28,2026-09-01T15:55-16:00Z
3abee530-d87d-43dc-9e07-916579d951bd,CY-1300,9136f5b1-735c-47de-9fd8-00c325acfdbd,CY-1250,eb5a58bf-306e-4501-ad5e-2633599d2f28,2026-09-01T15:55-16:00Z
3ac280ea-f628-453d-b5a0-182015c9815d,CY-1300,9136f5b1-735c-47de-9fd8-00c325acfdbd,CY-1250,eb5a58bf-306e-4501-ad5e-2633599d2f28,2026-09-01T15:55-16:00Z
3ad69a52-f8a2-43a2-ac15-4fafe379ebb7,CY-1300,9136f5b1-735c-47de-9fd8-00c325acfdbd,CY-1250,eb5a58bf-306e-4501-ad5e-2633599d2f28,2026-09-01T15:55-16:00Z
3b292bec-13b7-49ab-becc-6884f0583e3f,CY-1300,9136f5b1-735c-47de-9fd8-00c325acfdbd,CY-1250,eb5a58bf-306e-4501-ad5e-2633599d2f28,2026-09-01T15:55-16:00Z
3b44598a-88b2-40e1-8dbf-e3ccb9e419e6,CY-1300,9136f5b1-735c-47de-9fd8-00c325acfdbd,CY-1250,eb5a58bf-306e-4501-ad5e-2633599d2f28,2026-09-01T15:55-16:00Z
3b8d4961-cee5-4d20-8d50-0c77f3a801be,CY-1300,9136f5b1-735c-47de-9fd8-00c325acfdbd,CY-1250,eb5a58bf-306e-4501-ad5e-2633599d2f28,2026-09-01T15:55-16:00Z
3ba822b1-970d-49d0-a0db-0e627e865ae9,CY-1300,9136f5b1-735c-47de-9fd8-00c325acfdbd,CY-1250,eb5a58bf-306e-4501-ad5e-2633599d2f28,2026-09-01T15:55-16:00Z
3bb34525-eaaa-4e64-b02a-cc8efda75563,CY-1300,9136f5b1-735c-47de-9fd8-00c325acfdbd,CY-1250,eb5a58bf-306e-4501-ad5e-2633599d2f28,2026-09-01T15:55-16:00Z
3bedeec4-5de7-4dd2-b688-04ebd11c4a72,CY-1300,9136f5b1-735c-47de-9fd8-00c325acfdbd,CY-1250,eb5a58bf-306e-4501-ad5e-2633599d2f28,2026-09-01T15:55-16:00Z
3cec7497-d75e-441d-a54d-49bf8258adc9,CY-1300,9136f5b1-735c-47de-9fd8-00c325acfdbd,CY-1250,eb5a58bf-306e-4501-ad5e-2633599d2f28,2026-09-01T15:55-16:00Z
3d0b2ed1-4053-49e6-80a7-cf6fc2ed178b,CY-1300,9136f5b1-735c-47de-9fd8-00c325acfdbd,CY-1250,eb5a58bf-306e-4501-ad5e-2633599d2f28,2026-09-01T15:55-16:00Z
3d3739c3-bf45-4c33-8a58-f710adca5e92,CY-1300,9136f5b1-735c-47de-9fd8-00c325acfdbd,CY-1250,eb5a58bf-306e-4501-ad5e-2633599d2f28,2026-09-01T15:55-16:00Z
3d43d4b6-7e03-465f-afa8-e9c82ed4c037,CY-1300,9136f5b1-735c-47de-9fd8-00c325acfdbd,CY-1250,eb5a58bf-306e-4501-ad5e-2633599d2f28,2026-09-01T15:55-16:00Z
3d750881-d3b1-4470-bf34-bd9e614a52ce,CY-1300,9136f5b1-735c-47de-9fd8-00c325acfdbd,CY-1250,eb5a58bf-306e-4501-ad5e-2633599d2f28,2026-09-01T15:55-16:00Z
3db12ce4-2a8c-4a23-af49-308989740f58,CY-1300,9136f5b1-735c-47de-9fd8-00c325acfdbd,CY-1250,eb5a58bf-306e-4501-ad5e-2633599d2f28,2026-09-01T15:55-16:00Z
3e067a8d-4739-4439-a013-eddf4a135b12,CY-1300,9136f5b1-735c-47de-9fd8-00c325acfdbd,CY-1250,eb5a58bf-306e-4501-ad5e-2633599d2f28,2026-09-01T15:55-16:00Z
3e1917bf-c27c-4b11-8a46-ead9aa21b31a,CY-1300,9136f5b1-735c-47de-9fd8-00c325acfdbd,CY-1250,eb5a58bf-306e-4501-ad5e-2633599d2f28,2026-09-01T15:55-16:00Z
3e40a1ca-a3fe-4ac5-91ee-434b849744c0,CY-1300,9136f5b1-735c-47de-9fd8-00c325acfdbd,CY-1250,eb5a58bf-306e-4501-ad5e-2633599d2f28,2026-09-01T15:55-16:00Z
3e9b46bb-89ae-4753-86e0-5c1d8fd5e421,CY-1300,9136f5b1-735c-47de-9fd8-00c325acfdbd,CY-1250,eb5a58bf-306e-4501-ad5e-2633599d2f28,2026-09-01T15:55-16:00Z
3eae61a0-87a4-475e-81c5-8c1f54f8aea8,CY-1300,9136f5b1-735c-47de-9fd8-00c325acfdbd,CY-1250,eb5a58bf-306e-4501-ad5e-2633599d2f28,2026-09-01T15:55-16:00Z
3ece15d5-ac4f-4409-8e78-741f2827fb16,CY-1300,9136f5b1-735c-47de-9fd8-00c325acfdbd,CY-1250,eb5a58bf-306e-4501-ad5e-2633599d2f28,2026-09-01T15:55-16:00Z
3ed0a181-d4c6-464b-b8b7-54adbcefa890,CY-1300,9136f5b1-735c-47de-9fd8-00c325acfdbd,CY-1250,eb5a58bf-306e-4501-ad5e-2633599d2f28,2026-09-01T15:55-16:00Z
3f0d2cf6-da96-4db0-b966-f2d9d6644e57,CY-1300,9136f5b1-735c-47de-9fd8-00c325acfdbd,CY-1250,eb5a58bf-306e-4501-ad5e-2633599d2f28,2026-09-01T15:55-16:00Z
3f1d88f4-c15f-4c10-8c8b-19878b1f1f92,CY-1300,9136f5b1-735c-47de-9fd8-00c325acfdbd,CY-1250,eb5a58bf-306e-4501-ad5e-2633599d2f28,2026-09-01T15:55-16:00Z
3f2db59c-ade9-4600-9362-0a3f530ce97d,CY-1300,9136f5b1-735c-47de-9fd8-00c325acfdbd,CY-1250,eb5a58bf-306e-4501-ad5e-2633599d2f28,2026-09-01T15:55-16:00Z
3f6e22e2-e8e4-4a0f-8451-694e778f6234,CY-1300,9136f5b1-735c-47de-9fd8-00c325acfdbd,CY-1250,eb5a58bf-306e-4501-ad5e-2633599d2f28,2026-09-01T15:55-16:00Z
3f896ab1-da7f-46ca-be31-1118733dd094,CY-1300,9136f5b1-735c-47de-9fd8-00c325acfdbd,CY-1250,eb5a58bf-306e-4501-ad5e-2633599d2f28,2026-09-01T15:55-16:00Z
3fbd9f30-5e1c-4678-9968-8a34cd503948,CY-1300,9136f5b1-735c-47de-9fd8-00c325acfdbd,CY-1250,eb5a58bf-306e-4501-ad5e-2633599d2f28,2026-09-01T15:55-16:00Z
3fe1ab74-aeef-4dba-80d1-b97b5c23e8b4,CY-1300,9136f5b1-735c-47de-9fd8-00c325acfdbd,CY-1250,eb5a58bf-306e-4501-ad5e-2633599d2f28,2026-09-01T15:55-16:00Z
4024da9a-f9ed-4d59-af95-862ec0087a74,CY-1300,9136f5b1-735c-47de-9fd8-00c325acfdbd,CY-1250,eb5a58bf-306e-4501-ad5e-2633599d2f28,2026-09-01T15:55-16:00Z
403426a7-c465-48f2-9510-5f302e5ed076,CY-1300,9136f5b1-735c-47de-9fd8-00c325acfdbd,CY-1250,eb5a58bf-306e-4501-ad5e-2633599d2f28,2026-09-01T15:55-16:00Z
4078dc72-9de7-41b5-a758-706635353387,CY-1300,9136f5b1-735c-47de-9fd8-00c325acfdbd,CY-1250,eb5a58bf-306e-4501-ad5e-2633599d2f28,2026-09-01T15:55-16:00Z
40c850af-573e-4a63-b476-94158998e3c3,CY-1300,9136f5b1-735c-47de-9fd8-00c325acfdbd,CY-1250,eb5a58bf-306e-4501-ad5e-2633599d2f28,2026-09-01T15:55-16:00Z
40edeaae-2f46-4a33-8596-d8a637679fd4,CY-1300,9136f5b1-735c-47de-9fd8-00c325acfdbd,CY-1250,eb5a58bf-306e-4501-ad5e-2633599d2f28,2026-09-01T15:55-16:00Z
4146c46c-0adb-4327-973c-15c6766cf7b1,CY-1300,9136f5b1-735c-47de-9fd8-00c325acfdbd,CY-1250,eb5a58bf-306e-4501-ad5e-2633599d2f28,2026-09-01T15:55-16:00Z
414cff39-f574-45a4-a24c-85b89e710038,CY-1300,9136f5b1-735c-47de-9fd8-00c325acfdbd,CY-1250,eb5a58bf-306e-4501-ad5e-2633599d2f28,2026-09-01T15:55-16:00Z
416ac094-c206-4baa-80f4-da498b17d08e,CY-1300,9136f5b1-735c-47de-9fd8-00c325acfdbd,CY-1250,eb5a58bf-306e-4501-ad5e-2633599d2f28,2026-09-01T15:55-16:00Z
4193b714-56f5-4bde-a290-9db0d18fa78f,CY-1300,9136f5b1-735c-47de-9fd8-00c325acfdbd,CY-1250,eb5a58bf-306e-4501-ad5e-2633599d2f28,2026-09-01T15:55-16:00Z
41b5d455-9526-4697-9653-3b0f264c5fd0,CY-1300,9136f5b1-735c-47de-9fd8-00c325acfdbd,CY-1250,eb5a58bf-306e-4501-ad5e-2633599d2f28,2026-09-01T15:55-16:00Z
4259d999-d19a-4f4d-ac6c-d016d0ee26b4,CY-1300,9136f5b1-735c-47de-9fd8-00c325acfdbd,CY-1250,eb5a58bf-306e-4501-ad5e-2633599d2f28,2026-09-01T15:55-16:00Z
42a108cb-0834-42ce-8beb-bdd36b4eb854,CY-1300,9136f5b1-735c-47de-9fd8-00c325acfdbd,CY-1250,eb5a58bf-306e-4501-ad5e-2633599d2f28,2026-09-01T15:55-16:00Z
42a25a0c-d1cf-46df-a770-7197e98665f1,CY-1300,9136f5b1-735c-47de-9fd8-00c325acfdbd,CY-1250,eb5a58bf-306e-4501-ad5e-2633599d2f28,2026-09-01T15:55-16:00Z
42f41d55-e010-40ab-8f9a-aa13cc6d151e,CY-1300,9136f5b1-735c-47de-9fd8-00c325acfdbd,CY-1250,eb5a58bf-306e-4501-ad5e-2633599d2f28,2026-09-01T15:55-16:00Z
43273b5e-0e90-44ac-a466-0fafb6ed2afd,CY-1300,9136f5b1-735c-47de-9fd8-00c325acfdbd,CY-1250,eb5a58bf-306e-4501-ad5e-2633599d2f28,2026-09-01T15:55-16:00Z
43c7b0ad-5977-41a6-b41a-770a3b6b6db5,CY-1300,9136f5b1-735c-47de-9fd8-00c325acfdbd,CY-1250,eb5a58bf-306e-4501-ad5e-2633599d2f28,2026-09-01T15:55-16:00Z
43feb97c-36de-4839-9363-1fd52a5a7d9b,CY-1300,9136f5b1-735c-47de-9fd8-00c325acfdbd,CY-1250,eb5a58bf-306e-4501-ad5e-2633599d2f28,2026-09-01T15:55-16:00Z
44019ac4-810e-4458-84bc-a40d31049584,CY-1300,9136f5b1-735c-47de-9fd8-00c325acfdbd,CY-1250,eb5a58bf-306e-4501-ad5e-2633599d2f28,2026-09-01T15:55-16:00Z
443da45f-cdbe-41c5-8c2f-77dd41e87aa7,CY-1300,9136f5b1-735c-47de-9fd8-00c325acfdbd,CY-1250,eb5a58bf-306e-4501-ad5e-2633599d2f28,2026-09-01T15:55-16:00Z
4479f83b-37bf-4ccc-9bac-f6d766e2c567,CY-1300,9136f5b1-735c-47de-9fd8-00c325acfdbd,CY-1250,eb5a58bf-306e-4501-ad5e-2633599d2f28,2026-09-01T15:55-16:00Z
447c2187-2dbf-4c6b-be04-11e3dbcd851b,CY-1300,9136f5b1-735c-47de-9fd8-00c325acfdbd,CY-1250,eb5a58bf-306e-4501-ad5e-2633599d2f28,2026-09-01T15:55-16:00Z
44b9e813-8311-4b29-ae91-e3c5ee30b970,CY-1300,9136f5b1-735c-47de-9fd8-00c325acfdbd,CY-1250,eb5a58bf-306e-4501-ad5e-2633599d2f28,2026-09-01T15:55-16:00Z
45593ecd-2b41-4c8e-8665-6dc21323952a,CY-1300,9136f5b1-735c-47de-9fd8-00c325acfdbd,CY-1250,eb5a58bf-306e-4501-ad5e-2633599d2f28,2026-09-01T15:55-16:00Z
455ffdb6-c8ce-45ac-8f8c-1fd1575e6675,CY-1300,9136f5b1-735c-47de-9fd8-00c325acfdbd,CY-1250,eb5a58bf-306e-4501-ad5e-2633599d2f28,2026-09-01T15:55-16:00Z
45754968-bb5f-49db-8f4f-0a1a00b8c345,CY-1300,9136f5b1-735c-47de-9fd8-00c325acfdbd,CY-1250,eb5a58bf-306e-4501-ad5e-2633599d2f28,2026-09-01T15:55-16:00Z
4584f31e-244b-47ff-9f47-b80cef5bb576,CY-1300,9136f5b1-735c-47de-9fd8-00c325acfdbd,CY-1250,eb5a58bf-306e-4501-ad5e-2633599d2f28,2026-09-01T15:55-16:00Z
45c19bd6-9bd7-447a-baed-1eb1ed54d03f,CY-1300,9136f5b1-735c-47de-9fd8-00c325acfdbd,CY-1250,eb5a58bf-306e-4501-ad5e-2633599d2f28,2026-09-01T15:55-16:00Z
45c398df-9468-499d-b998-23f32f96cf07,CY-1300,9136f5b1-735c-47de-9fd8-00c325acfdbd,CY-1250,eb5a58bf-306e-4501-ad5e-2633599d2f28,2026-09-01T15:55-16:00Z
45dc8fe3-d3a9-4a97-9ff5-3a9f0d9ec89f,CY-1300,9136f5b1-735c-47de-9fd8-00c325acfdbd,CY-1250,eb5a58bf-306e-4501-ad5e-2633599d2f28,2026-09-01T15:55-16:00Z
45dcce82-c70f-46c5-82d0-91f2bdac7a72,CY-1300,9136f5b1-735c-47de-9fd8-00c325acfdbd,CY-1250,eb5a58bf-306e-4501-ad5e-2633599d2f28,2026-09-01T15:55-16:00Z
45ef8b8a-cccb-482e-b652-0331ab99401d,CY-1300,9136f5b1-735c-47de-9fd8-00c325acfdbd,CY-1250,eb5a58bf-306e-4501-ad5e-2633599d2f28,2026-09-01T15:55-16:00Z
465c8739-d6a8-447d-abfb-6b614a90796d,CY-1300,9136f5b1-735c-47de-9fd8-00c325acfdbd,CY-1250,eb5a58bf-306e-4501-ad5e-2633599d2f28,2026-09-01T15:55-16:00Z
46859da9-abdf-45d9-88b9-a271378da2f0,CY-1300,9136f5b1-735c-47de-9fd8-00c325acfdbd,CY-1250,eb5a58bf-306e-4501-ad5e-2633599d2f28,2026-09-01T15:55-16:00Z
469897fa-4e82-4d29-a837-304b0843ff4e,CY-1300,9136f5b1-735c-47de-9fd8-00c325acfdbd,CY-1250,eb5a58bf-306e-4501-ad5e-2633599d2f28,2026-09-01T15:55-16:00Z
46d161dc-e622-4fe3-8338-4af71d46a6bf,CY-1300,9136f5b1-735c-47de-9fd8-00c325acfdbd,CY-1250,eb5a58bf-306e-4501-ad5e-2633599d2f28,2026-09-01T15:55-16:00Z
46e736d8-0622-4111-bb81-eb84bf974ec1,CY-1300,9136f5b1-735c-47de-9fd8-00c325acfdbd,CY-1250,eb5a58bf-306e-4501-ad5e-2633599d2f28,2026-09-01T15:55-16:00Z
47481b78-fee1-4631-8a08-c07699015a4c,CY-1300,9136f5b1-735c-47de-9fd8-00c325acfdbd,CY-1250,eb5a58bf-306e-4501-ad5e-2633599d2f28,2026-09-01T15:55-16:00Z
47aee1a6-28af-42d7-9c3b-4fce454a1921,CY-1300,9136f5b1-735c-47de-9fd8-00c325acfdbd,CY-1250,eb5a58bf-306e-4501-ad5e-2633599d2f28,2026-09-01T15:55-16:00Z
4808f90a-601c-4477-925c-48eb70a19d40,CY-1300,9136f5b1-735c-47de-9fd8-00c325acfdbd,CY-1250,eb5a58bf-306e-4501-ad5e-2633599d2f28,2026-09-01T15:55-16:00Z
48160d3a-eb4f-4a74-9d52-97572565fde1,CY-1300,9136f5b1-735c-47de-9fd8-00c325acfdbd,CY-1250,eb5a58bf-306e-4501-ad5e-2633599d2f28,2026-09-01T15:55-16:00Z
481bdc00-5e3f-4310-98f1-579faffccdcf,CY-1300,9136f5b1-735c-47de-9fd8-00c325acfdbd,CY-1250,eb5a58bf-306e-4501-ad5e-2633599d2f28,2026-09-01T15:55-16:00Z
482c25aa-ff2f-4bcc-b52a-cba4a248e618,CY-1300,9136f5b1-735c-47de-9fd8-00c325acfdbd,CY-1250,eb5a58bf-306e-4501-ad5e-2633599d2f28,2026-09-01T15:55-16:00Z
486c58f6-58c8-48c5-a856-db694fd27a27,CY-1300,9136f5b1-735c-47de-9fd8-00c325acfdbd,CY-1250,eb5a58bf-306e-4501-ad5e-2633599d2f28,2026-09-01T15:55-16:00Z
4882e0e3-e312-47f7-aa86-76bcb031b350,CY-1300,9136f5b1-735c-47de-9fd8-00c325acfdbd,CY-1250,eb5a58bf-306e-4501-ad5e-2633599d2f28,2026-09-01T15:55-16:00Z
488d2014-5d7d-4fca-ab14-71f6838f30d4,CY-1300,9136f5b1-735c-47de-9fd8-00c325acfdbd,CY-1250,eb5a58bf-306e-4501-ad5e-2633599d2f28,2026-09-01T15:55-16:00Z
48c154fa-d423-4d78-98ab-19275dff10ba,CY-1300,9136f5b1-735c-47de-9fd8-00c325acfdbd,CY-1250,eb5a58bf-306e-4501-ad5e-2633599d2f28,2026-09-01T15:55-16:00Z
48fc7bd0-9342-4f64-a367-e478934ee716,CY-1300,9136f5b1-735c-47de-9fd8-00c325acfdbd,CY-1250,eb5a58bf-306e-4501-ad5e-2633599d2f28,2026-09-01T15:55-16:00Z
491b9d17-83fe-4e05-8daa-a3d4ec88a288,CY-1300,9136f5b1-735c-47de-9fd8-00c325acfdbd,CY-1250,eb5a58bf-306e-4501-ad5e-2633599d2f28,2026-09-01T15:55-16:00Z
4983aaf7-6b72-4a4f-9da8-1f96be7c27db,CY-1300,9136f5b1-735c-47de-9fd8-00c325acfdbd,CY-1250,eb5a58bf-306e-4501-ad5e-2633599d2f28,2026-09-01T15:55-16:00Z
4997a0e0-0d38-4206-aa31-c6cf581abe00,CY-1300,9136f5b1-735c-47de-9fd8-00c325acfdbd,CY-1250,eb5a58bf-306e-4501-ad5e-2633599d2f28,2026-09-01T15:55-16:00Z
49d8750c-bf88-4ab9-b66e-0b13debbb704,CY-1300,9136f5b1-735c-47de-9fd8-00c325acfdbd,CY-1250,eb5a58bf-306e-4501-ad5e-2633599d2f28,2026-09-01T15:55-16:00Z
49e6f3b0-7d1a-42d9-8dd4-7280fb76386f,CY-1300,9136f5b1-735c-47de-9fd8-00c325acfdbd,CY-1250,eb5a58bf-306e-4501-ad5e-2633599d2f28,2026-09-01T15:55-16:00Z
4a039d17-22bc-4b44-ba04-44533657d1af,CY-1300,9136f5b1-735c-47de-9fd8-00c325acfdbd,CY-1250,eb5a58bf-306e-4501-ad5e-2633599d2f28,2026-09-01T15:55-16:00Z
4a1229cc-77e9-4702-bb0b-0bdc0bf2fdba,CY-1300,9136f5b1-735c-47de-9fd8-00c325acfdbd,CY-1250,eb5a58bf-306e-4501-ad5e-2633599d2f28,2026-09-01T15:55-16:00Z
4a1ecb1a-0462-4e51-9fc4-64b599010ece,CY-1300,9136f5b1-735c-47de-9fd8-00c325acfdbd,CY-1250,eb5a58bf-306e-4501-ad5e-2633599d2f28,2026-09-01T15:55-16:00Z
4a452e16-1dc3-4301-8bb5-a45558b78b17,CY-1300,9136f5b1-735c-47de-9fd8-00c325acfdbd,CY-1250,eb5a58bf-306e-4501-ad5e-2633599d2f28,2026-09-01T15:55-16:00Z
4a5f8ab3-1391-42a7-82a1-7c61694a77a5,CY-1300,9136f5b1-735c-47de-9fd8-00c325acfdbd,CY-1250,eb5a58bf-306e-4501-ad5e-2633599d2f28,2026-09-01T15:55-16:00Z
4a7e5a15-f625-443f-a3ea-11a69e28ea13,CY-1300,9136f5b1-735c-47de-9fd8-00c325acfdbd,CY-1250,eb5a58bf-306e-4501-ad5e-2633599d2f28,2026-09-01T15:55-16:00Z
4a903dd8-0da5-4f70-a122-6ce74f6067ba,CY-1300,9136f5b1-735c-47de-9fd8-00c325acfdbd,CY-1250,eb5a58bf-306e-4501-ad5e-2633599d2f28,2026-09-01T15:55-16:00Z
4ada10fc-dbb3-4a28-86ca-e459198fc7d9,CY-1300,9136f5b1-735c-47de-9fd8-00c325acfdbd,CY-1250,eb5a58bf-306e-4501-ad5e-2633599d2f28,2026-09-01T15:55-16:00Z
4b070712-dfb7-473a-b58d-dc07fa1eb5a4,CY-1300,9136f5b1-735c-47de-9fd8-00c325acfdbd,CY-1250,eb5a58bf-306e-4501-ad5e-2633599d2f28,2026-09-01T15:55-16:00Z
4b59ed0b-869d-4348-bdc7-aa1ad02219db,CY-1300,9136f5b1-735c-47de-9fd8-00c325acfdbd,CY-1250,eb5a58bf-306e-4501-ad5e-2633599d2f28,2026-09-01T15:55-16:00Z
4c0de5c7-2b3a-479e-b3dc-caa046482ad7,CY-1300,9136f5b1-735c-47de-9fd8-00c325acfdbd,CY-1250,eb5a58bf-306e-4501-ad5e-2633599d2f28,2026-09-01T15:55-16:00Z
4c1dd0c2-e6ac-4c2a-8203-88f6b28a31fb,CY-1300,9136f5b1-735c-47de-9fd8-00c325acfdbd,CY-1250,eb5a58bf-306e-4501-ad5e-2633599d2f28,2026-09-01T15:55-16:00Z
4c43f743-aa18-4789-921a-3d94122eb8e1,CY-1300,9136f5b1-735c-47de-9fd8-00c325acfdbd,CY-1250,eb5a58bf-306e-4501-ad5e-2633599d2f28,2026-09-01T15:55-16:00Z
4c519279-aef0-415a-bc6a-7ba1d10a0878,CY-1300,9136f5b1-735c-47de-9fd8-00c325acfdbd,CY-1250,eb5a58bf-306e-4501-ad5e-2633599d2f28,2026-09-01T15:55-16:00Z
4c9cfc90-3d12-4c11-9ba0-54b8245261c5,CY-1300,9136f5b1-735c-47de-9fd8-00c325acfdbd,CY-1250,eb5a58bf-306e-4501-ad5e-2633599d2f28,2026-09-01T15:55-16:00Z
4cc1644d-e664-47be-b49c-8e1d12c10c10,CY-1300,9136f5b1-735c-47de-9fd8-00c325acfdbd,CY-1250,eb5a58bf-306e-4501-ad5e-2633599d2f28,2026-09-01T15:55-16:00Z
4cda0864-f3d9-475d-a531-ec2f426d1e78,CY-1300,9136f5b1-735c-47de-9fd8-00c325acfdbd,CY-1250,eb5a58bf-306e-4501-ad5e-2633599d2f28,2026-09-01T15:55-16:00Z
4ced258e-9ea4-42df-b3e0-96316a622f06,CY-1300,9136f5b1-735c-47de-9fd8-00c325acfdbd,CY-1250,eb5a58bf-306e-4501-ad5e-2633599d2f28,2026-09-01T15:55-16:00Z
4d3d6048-e322-4d78-a80c-4587c8d3af26,CY-1300,9136f5b1-735c-47de-9fd8-00c325acfdbd,CY-1250,eb5a58bf-306e-4501-ad5e-2633599d2f28,2026-09-01T15:55-16:00Z
4d5f97bb-b5e8-4f37-b1be-a95ca4368ca8,CY-1300,9136f5b1-735c-47de-9fd8-00c325acfdbd,CY-1250,eb5a58bf-306e-4501-ad5e-2633599d2f28,2026-09-01T15:55-16:00Z
4d768ffc-2f62-482d-8397-b2907ca83e9c,CY-1300,9136f5b1-735c-47de-9fd8-00c325acfdbd,CY-1250,eb5a58bf-306e-4501-ad5e-2633599d2f28,2026-09-01T15:55-16:00Z
4da768b2-560a-4e9a-9202-aaf19bebd114,CY-1300,9136f5b1-735c-47de-9fd8-00c325acfdbd,CY-1250,eb5a58bf-306e-4501-ad5e-2633599d2f28,2026-09-01T15:55-16:00Z
4dda10a0-a440-447e-a4cf-deb2eb5f073d,CY-1300,9136f5b1-735c-47de-9fd8-00c325acfdbd,CY-1250,eb5a58bf-306e-4501-ad5e-2633599d2f28,2026-09-01T15:55-16:00Z
4df4e3bd-177c-4ec2-b69e-02100f6c18c4,CY-1300,9136f5b1-735c-47de-9fd8-00c325acfdbd,CY-1250,eb5a58bf-306e-4501-ad5e-2633599d2f28,2026-09-01T15:55-16:00Z
4e049310-047b-4c25-8c21-4bcb9ffaf316,CY-1300,9136f5b1-735c-47de-9fd8-00c325acfdbd,CY-1250,eb5a58bf-306e-4501-ad5e-2633599d2f28,2026-09-01T15:55-16:00Z
4e5c2c47-f861-44c4-8bf9-7ae232947983,CY-1300,9136f5b1-735c-47de-9fd8-00c325acfdbd,CY-1250,eb5a58bf-306e-4501-ad5e-2633599d2f28,2026-09-01T15:55-16:00Z
4e80bd45-bfd5-405f-9540-a540aa36978e,CY-1300,9136f5b1-735c-47de-9fd8-00c325acfdbd,CY-1250,eb5a58bf-306e-4501-ad5e-2633599d2f28,2026-09-01T15:55-16:00Z
4f3e5faf-dfc8-4876-82c6-15667eddda6e,CY-1300,9136f5b1-735c-47de-9fd8-00c325acfdbd,CY-1250,eb5a58bf-306e-4501-ad5e-2633599d2f28,2026-09-01T15:55-16:00Z
4f60f3d9-2983-449c-9dc9-2b94fa69b3bc,CY-1300,9136f5b1-735c-47de-9fd8-00c325acfdbd,CY-1250,eb5a58bf-306e-4501-ad5e-2633599d2f28,2026-09-01T15:55-16:00Z
4f69fb53-52e8-4e19-a6b3-a27cdc029464,CY-1300,9136f5b1-735c-47de-9fd8-00c325acfdbd,CY-1250,eb5a58bf-306e-4501-ad5e-2633599d2f28,2026-09-01T15:55-16:00Z
4f6bd790-5010-416b-9f28-08cade6f35ff,CY-1300,9136f5b1-735c-47de-9fd8-00c325acfdbd,CY-1250,eb5a58bf-306e-4501-ad5e-2633599d2f28,2026-09-01T15:55-16:00Z
4f8279d9-071b-414e-a5a9-e2d6b46fba2f,CY-1300,9136f5b1-735c-47de-9fd8-00c325acfdbd,CY-1250,eb5a58bf-306e-4501-ad5e-2633599d2f28,2026-09-01T15:55-16:00Z
4f8fa573-0bfd-4c4c-8a3e-4bfdac3beb92,CY-1300,9136f5b1-735c-47de-9fd8-00c325acfdbd,CY-1250,eb5a58bf-306e-4501-ad5e-2633599d2f28,2026-09-01T15:55-16:00Z
4f933d69-01bb-4a95-983b-31fdcee29426,CY-1300,9136f5b1-735c-47de-9fd8-00c325acfdbd,CY-1250,eb5a58bf-306e-4501-ad5e-2633599d2f28,2026-09-01T15:55-16:00Z
4fa45219-91ae-4761-b1b5-9ef3fddd0136,CY-1300,9136f5b1-735c-47de-9fd8-00c325acfdbd,CY-1250,eb5a58bf-306e-4501-ad5e-2633599d2f28,2026-09-01T15:55-16:00Z
4fd98f08-9899-47a5-8884-0e4fb19bac29,CY-1300,9136f5b1-735c-47de-9fd8-00c325acfdbd,CY-1250,eb5a58bf-306e-4501-ad5e-2633599d2f28,2026-09-01T15:55-16:00Z
4fdf47a4-ad62-47c7-919d-65cd914751c1,CY-1300,9136f5b1-735c-47de-9fd8-00c325acfdbd,CY-1250,eb5a58bf-306e-4501-ad5e-2633599d2f28,2026-09-01T15:55-16:00Z
50427eb0-19ec-44a1-bbe5-c48a238a6d2a,CY-1300,9136f5b1-735c-47de-9fd8-00c325acfdbd,CY-1250,eb5a58bf-306e-4501-ad5e-2633599d2f28,2026-09-01T15:55-16:00Z
5058691e-f815-49cb-ab15-ce7e1e31f8ae,CY-1300,9136f5b1-735c-47de-9fd8-00c325acfdbd,CY-1250,eb5a58bf-306e-4501-ad5e-2633599d2f28,2026-09-01T15:55-16:00Z
50e6552e-34cd-4b00-969e-4aefe87fa672,CY-1300,9136f5b1-735c-47de-9fd8-00c325acfdbd,CY-1250,eb5a58bf-306e-4501-ad5e-2633599d2f28,2026-09-01T15:55-16:00Z
51246792-1a7c-4fb9-8d00-97b8651a7ee0,CY-1300,9136f5b1-735c-47de-9fd8-00c325acfdbd,CY-1250,eb5a58bf-306e-4501-ad5e-2633599d2f28,2026-09-01T15:55-16:00Z
517a5e74-f8d5-4173-88ed-57751fef9a2e,CY-1300,9136f5b1-735c-47de-9fd8-00c325acfdbd,CY-1250,eb5a58bf-306e-4501-ad5e-2633599d2f28,2026-09-01T15:55-16:00Z
51d28d71-bd11-4987-ba2d-164ce9b55d4f,CY-1300,9136f5b1-735c-47de-9fd8-00c325acfdbd,CY-1250,eb5a58bf-306e-4501-ad5e-2633599d2f28,2026-09-01T15:55-16:00Z
5223a85d-df8b-4616-b1f7-a55761ba9764,CY-1300,9136f5b1-735c-47de-9fd8-00c325acfdbd,CY-1250,eb5a58bf-306e-4501-ad5e-2633599d2f28,2026-09-01T15:55-16:00Z
5256e2db-e503-4637-8b1b-83c7ee7c8bfd,CY-1300,9136f5b1-735c-47de-9fd8-00c325acfdbd,CY-1250,eb5a58bf-306e-4501-ad5e-2633599d2f28,2026-09-01T15:55-16:00Z
52e892bc-e049-485a-88cf-9fbcd7bb4a17,CY-1300,9136f5b1-735c-47de-9fd8-00c325acfdbd,CY-1250,eb5a58bf-306e-4501-ad5e-2633599d2f28,2026-09-01T15:55-16:00Z
52f52c8a-19c5-4581-9da2-3ca06bbf866f,CY-1300,9136f5b1-735c-47de-9fd8-00c325acfdbd,CY-1250,eb5a58bf-306e-4501-ad5e-2633599d2f28,2026-09-01T15:55-16:00Z
52f757f7-fe03-4a51-af85-6beb57be6553,CY-1300,9136f5b1-735c-47de-9fd8-00c325acfdbd,CY-1250,eb5a58bf-306e-4501-ad5e-2633599d2f28,2026-09-01T15:55-16:00Z
5302a1a7-d632-4c18-8519-a76cc4a33e9f,CY-1300,9136f5b1-735c-47de-9fd8-00c325acfdbd,CY-1250,eb5a58bf-306e-4501-ad5e-2633599d2f28,2026-09-01T15:55-16:00Z
53378ce1-5820-40f0-b386-b8651d8438d3,CY-1300,9136f5b1-735c-47de-9fd8-00c325acfdbd,CY-1250,eb5a58bf-306e-4501-ad5e-2633599d2f28,2026-09-01T15:55-16:00Z
53424f70-88ba-46d8-bc84-8ca3d7751ddf,CY-1300,9136f5b1-735c-47de-9fd8-00c325acfdbd,CY-1250,eb5a58bf-306e-4501-ad5e-2633599d2f28,2026-09-01T15:55-16:00Z
5397096b-b111-4fb3-98f7-12021ff6f4cb,CY-1300,9136f5b1-735c-47de-9fd8-00c325acfdbd,CY-1250,eb5a58bf-306e-4501-ad5e-2633599d2f28,2026-09-01T15:55-16:00Z
53b904e4-20de-4713-8ae4-d4add0deebbc,CY-1300,9136f5b1-735c-47de-9fd8-00c325acfdbd,CY-1250,eb5a58bf-306e-4501-ad5e-2633599d2f28,2026-09-01T15:55-16:00Z
54bd3a10-d568-4dd5-8b9d-48e90b90798f,CY-1300,9136f5b1-735c-47de-9fd8-00c325acfdbd,CY-1250,eb5a58bf-306e-4501-ad5e-2633599d2f28,2026-09-01T15:55-16:00Z
55414aa3-fb0c-40af-8070-53cb270842ff,CY-1300,9136f5b1-735c-47de-9fd8-00c325acfdbd,CY-1250,eb5a58bf-306e-4501-ad5e-2633599d2f28,2026-09-01T15:55-16:00Z
55626b2c-a362-4b1c-81a9-803dfafec2d1,CY-1300,9136f5b1-735c-47de-9fd8-00c325acfdbd,CY-1250,eb5a58bf-306e-4501-ad5e-2633599d2f28,2026-09-01T15:55-16:00Z
55887841-ff19-4bef-8357-ef35d584e0e7,CY-1300,9136f5b1-735c-47de-9fd8-00c325acfdbd,CY-1250,eb5a58bf-306e-4501-ad5e-2633599d2f28,2026-09-01T15:55-16:00Z
559478cf-d00c-4fdc-9319-ab81a45fda8a,CY-1300,9136f5b1-735c-47de-9fd8-00c325acfdbd,CY-1250,eb5a58bf-306e-4501-ad5e-2633599d2f28,2026-09-01T15:55-16:00Z
55dc34e3-21a1-4d3f-847a-d4458270cad0,CY-1300,9136f5b1-735c-47de-9fd8-00c325acfdbd,CY-1250,eb5a58bf-306e-4501-ad5e-2633599d2f28,2026-09-01T15:55-16:00Z
5605e48a-de84-4c57-b2e0-7959e2ca3a27,CY-1300,9136f5b1-735c-47de-9fd8-00c325acfdbd,CY-1250,eb5a58bf-306e-4501-ad5e-2633599d2f28,2026-09-01T15:55-16:00Z
5661664b-b553-4955-a564-ef960cc14894,CY-1300,9136f5b1-735c-47de-9fd8-00c325acfdbd,CY-1250,eb5a58bf-306e-4501-ad5e-2633599d2f28,2026-09-01T15:55-16:00Z
56e71786-de39-4959-8230-190e91ac4f67,CY-1300,9136f5b1-735c-47de-9fd8-00c325acfdbd,CY-1250,eb5a58bf-306e-4501-ad5e-2633599d2f28,2026-09-01T15:55-16:00Z
572a1180-b672-4aa1-bc2b-6c13f7b8f544,CY-1300,9136f5b1-735c-47de-9fd8-00c325acfdbd,CY-1250,eb5a58bf-306e-4501-ad5e-2633599d2f28,2026-09-01T15:55-16:00Z
572e9fe1-c754-4b6a-9a0d-85a0ea0d9786,CY-1300,9136f5b1-735c-47de-9fd8-00c325acfdbd,CY-1250,eb5a58bf-306e-4501-ad5e-2633599d2f28,2026-09-01T15:55-16:00Z
57ef8fb2-b847-40bb-b58e-1bb92aa1b555,CY-1300,9136f5b1-735c-47de-9fd8-00c325acfdbd,CY-1250,eb5a58bf-306e-4501-ad5e-2633599d2f28,2026-09-01T15:55-16:00Z
57ffb9f0-70cd-4688-b7c9-6130b149b994,CY-1300,9136f5b1-735c-47de-9fd8-00c325acfdbd,CY-1250,eb5a58bf-306e-4501-ad5e-2633599d2f28,2026-09-01T15:55-16:00Z
57ffef83-07fd-45a1-94d9-2d3267937ecd,CY-1300,9136f5b1-735c-47de-9fd8-00c325acfdbd,CY-1250,eb5a58bf-306e-4501-ad5e-2633599d2f28,2026-09-01T15:55-16:00Z
5808abc7-4bee-4c46-85ae-34d4b414040f,CY-1300,9136f5b1-735c-47de-9fd8-00c325acfdbd,CY-1250,eb5a58bf-306e-4501-ad5e-2633599d2f28,2026-09-01T15:55-16:00Z
587ce342-bbb5-4283-9185-a712bc528544,CY-1300,9136f5b1-735c-47de-9fd8-00c325acfdbd,CY-1250,eb5a58bf-306e-4501-ad5e-2633599d2f28,2026-09-01T15:55-16:00Z
58a20148-5db9-451d-8ab7-74b02c7314ba,CY-1300,9136f5b1-735c-47de-9fd8-00c325acfdbd,CY-1250,eb5a58bf-306e-4501-ad5e-2633599d2f28,2026-09-01T15:55-16:00Z
58b17ae5-ad72-46d8-a01c-c34e4a3ffc82,CY-1300,9136f5b1-735c-47de-9fd8-00c325acfdbd,CY-1250,eb5a58bf-306e-4501-ad5e-2633599d2f28,2026-09-01T15:55-16:00Z
58b290eb-8c00-4077-a24b-faadc8331c0a,CY-1300,9136f5b1-735c-47de-9fd8-00c325acfdbd,CY-1250,eb5a58bf-306e-4501-ad5e-2633599d2f28,2026-09-01T15:55-16:00Z
58c18463-cb0f-49b3-8f90-719284f01b1d,CY-1300,9136f5b1-735c-47de-9fd8-00c325acfdbd,CY-1250,eb5a58bf-306e-4501-ad5e-2633599d2f28,2026-09-01T15:55-16:00Z
5909fc6f-e886-4f26-806d-6e3353d71e44,CY-1300,9136f5b1-735c-47de-9fd8-00c325acfdbd,CY-1250,eb5a58bf-306e-4501-ad5e-2633599d2f28,2026-09-01T15:55-16:00Z
591358cf-91ee-4349-8d3f-58023045e052,CY-1300,9136f5b1-735c-47de-9fd8-00c325acfdbd,CY-1250,eb5a58bf-306e-4501-ad5e-2633599d2f28,2026-09-01T15:55-16:00Z
5926ee42-29a7-4108-9cf8-1e2924c84756,CY-1300,9136f5b1-735c-47de-9fd8-00c325acfdbd,CY-1250,eb5a58bf-306e-4501-ad5e-2633599d2f28,2026-09-01T15:55-16:00Z
59850c63-e4fa-4728-9854-f03708507367,CY-1300,9136f5b1-735c-47de-9fd8-00c325acfdbd,CY-1250,eb5a58bf-306e-4501-ad5e-2633599d2f28,2026-09-01T15:55-16:00Z
59965a3f-adb9-4be2-941b-57a4cb2c5fe9,CY-1300,9136f5b1-735c-47de-9fd8-00c325acfdbd,CY-1250,eb5a58bf-306e-4501-ad5e-2633599d2f28,2026-09-01T15:55-16:00Z
59a05fac-4f47-4c7a-9c3e-d73ee23d5a2a,CY-1300,9136f5b1-735c-47de-9fd8-00c325acfdbd,CY-1250,eb5a58bf-306e-4501-ad5e-2633599d2f28,2026-09-01T15:55-16:00Z
59b1ea90-862b-4047-8f5f-cc28b9a95036,CY-1300,9136f5b1-735c-47de-9fd8-00c325acfdbd,CY-1250,eb5a58bf-306e-4501-ad5e-2633599d2f28,2026-09-01T15:55-16:00Z
5a156692-2b06-4ad6-83f3-ae09a325073e,CY-1300,9136f5b1-735c-47de-9fd8-00c325acfdbd,CY-1250,eb5a58bf-306e-4501-ad5e-2633599d2f28,2026-09-01T15:55-16:00Z
5a23eaaf-cf77-463f-8aa9-d5967cd107eb,CY-1300,9136f5b1-735c-47de-9fd8-00c325acfdbd,CY-1250,eb5a58bf-306e-4501-ad5e-2633599d2f28,2026-09-01T15:55-16:00Z
5a255660-fef9-441d-b13d-3d3a47ad6c58,CY-1300,9136f5b1-735c-47de-9fd8-00c325acfdbd,CY-1250,eb5a58bf-306e-4501-ad5e-2633599d2f28,2026-09-01T15:55-16:00Z
5a3076b1-b779-47b6-88bf-ce9a127b9a09,CY-1300,9136f5b1-735c-47de-9fd8-00c325acfdbd,CY-1250,eb5a58bf-306e-4501-ad5e-2633599d2f28,2026-09-01T15:55-16:00Z
5a605ef6-08c8-4e7b-858d-82b1ab6d3a81,CY-1300,9136f5b1-735c-47de-9fd8-00c325acfdbd,CY-1250,eb5a58bf-306e-4501-ad5e-2633599d2f28,2026-09-01T15:55-16:00Z
5a7b9bfb-4db8-400e-b4d3-9495a1004443,CY-1300,9136f5b1-735c-47de-9fd8-00c325acfdbd,CY-1250,eb5a58bf-306e-4501-ad5e-2633599d2f28,2026-09-01T15:55-16:00Z
5a7d04d9-0ef7-4a8d-9117-54bff6cc8866,CY-1300,9136f5b1-735c-47de-9fd8-00c325acfdbd,CY-1250,eb5a58bf-306e-4501-ad5e-2633599d2f28,2026-09-01T15:55-16:00Z
5a99e1d7-879d-47a4-8d80-323f5b0199e7,CY-1300,9136f5b1-735c-47de-9fd8-00c325acfdbd,CY-1250,eb5a58bf-306e-4501-ad5e-2633599d2f28,2026-09-01T15:55-16:00Z
5ae426f1-2913-425a-bc27-893d38f1bcca,CY-1300,9136f5b1-735c-47de-9fd8-00c325acfdbd,CY-1250,eb5a58bf-306e-4501-ad5e-2633599d2f28,2026-09-01T15:55-16:00Z
5b3a9ea0-1042-437f-934b-07d9f355ba05,CY-1300,9136f5b1-735c-47de-9fd8-00c325acfdbd,CY-1250,eb5a58bf-306e-4501-ad5e-2633599d2f28,2026-09-01T15:55-16:00Z
5b6f5f39-3446-4857-8692-3d988b31c20b,CY-1300,9136f5b1-735c-47de-9fd8-00c325acfdbd,CY-1250,eb5a58bf-306e-4501-ad5e-2633599d2f28,2026-09-01T15:55-16:00Z
5baecff9-328b-4816-8391-f299d64363a9,CY-1300,9136f5b1-735c-47de-9fd8-00c325acfdbd,CY-1250,eb5a58bf-306e-4501-ad5e-2633599d2f28,2026-09-01T15:55-16:00Z
5bed11bd-00d9-4619-9f10-0495270d7c53,CY-1300,9136f5b1-735c-47de-9fd8-00c325acfdbd,CY-1250,eb5a58bf-306e-4501-ad5e-2633599d2f28,2026-09-01T15:55-16:00Z
5c063c0b-a801-49b7-8bb7-a692f3e640d7,CY-1300,9136f5b1-735c-47de-9fd8-00c325acfdbd,CY-1250,eb5a58bf-306e-4501-ad5e-2633599d2f28,2026-09-01T15:55-16:00Z
5c07324b-becc-40f6-9da4-a864d8126cc3,CY-1300,9136f5b1-735c-47de-9fd8-00c325acfdbd,CY-1250,eb5a58bf-306e-4501-ad5e-2633599d2f28,2026-09-01T15:55-16:00Z
5c4133b0-fa93-45fe-a292-764f21facf5d,CY-1300,9136f5b1-735c-47de-9fd8-00c325acfdbd,CY-1250,eb5a58bf-306e-4501-ad5e-2633599d2f28,2026-09-01T15:55-16:00Z
5c4179fc-8ffa-48c0-860e-cd36906fe5c5,CY-1300,9136f5b1-735c-47de-9fd8-00c325acfdbd,CY-1250,eb5a58bf-306e-4501-ad5e-2633599d2f28,2026-09-01T15:55-16:00Z
5cab6e21-59d8-4392-8e37-8aead03f7e9f,CY-1300,9136f5b1-735c-47de-9fd8-00c325acfdbd,CY-1250,eb5a58bf-306e-4501-ad5e-2633599d2f28,2026-09-01T15:55-16:00Z
5ce459f8-77dd-4ee8-a83c-6d91686730eb,CY-1300,9136f5b1-735c-47de-9fd8-00c325acfdbd,CY-1250,eb5a58bf-306e-4501-ad5e-2633599d2f28,2026-09-01T15:55-16:00Z
5cf2d518-0b05-474d-ba10-7dbb17be84c8,CY-1300,9136f5b1-735c-47de-9fd8-00c325acfdbd,CY-1250,eb5a58bf-306e-4501-ad5e-2633599d2f28,2026-09-01T15:55-16:00Z
5d2388b9-3d11-413a-a83a-757f0782ddbd,CY-1300,9136f5b1-735c-47de-9fd8-00c325acfdbd,CY-1250,eb5a58bf-306e-4501-ad5e-2633599d2f28,2026-09-01T15:55-16:00Z
5d4ec49a-d109-4c1e-a78f-64faeaa22779,CY-1300,9136f5b1-735c-47de-9fd8-00c325acfdbd,CY-1250,eb5a58bf-306e-4501-ad5e-2633599d2f28,2026-09-01T15:55-16:00Z
5dff3f25-8303-42e5-95cc-1836087d6190,CY-1300,9136f5b1-735c-47de-9fd8-00c325acfdbd,CY-1250,eb5a58bf-306e-4501-ad5e-2633599d2f28,2026-09-01T15:55-16:00Z
5e408669-025c-4f67-a794-9c8b392138e8,CY-1300,9136f5b1-735c-47de-9fd8-00c325acfdbd,CY-1250,eb5a58bf-306e-4501-ad5e-2633599d2f28,2026-09-01T15:55-16:00Z
5e7a2e95-e74f-4a66-b1e8-61e976fcc7cb,CY-1300,9136f5b1-735c-47de-9fd8-00c325acfdbd,CY-1250,eb5a58bf-306e-4501-ad5e-2633599d2f28,2026-09-01T15:55-16:00Z
5e89c2bb-98e5-4da3-9123-93caed13c97b,CY-1300,9136f5b1-735c-47de-9fd8-00c325acfdbd,CY-1250,eb5a58bf-306e-4501-ad5e-2633599d2f28,2026-09-01T15:55-16:00Z
5f17da53-d77d-4cf6-a799-408dc492d846,CY-1300,9136f5b1-735c-47de-9fd8-00c325acfdbd,CY-1250,eb5a58bf-306e-4501-ad5e-2633599d2f28,2026-09-01T15:55-16:00Z
5f51f9b1-049f-4db1-b6eb-c65fb5d4c81a,CY-1300,9136f5b1-735c-47de-9fd8-00c325acfdbd,CY-1250,eb5a58bf-306e-4501-ad5e-2633599d2f28,2026-09-01T15:55-16:00Z
5f7c2f8b-17e0-49eb-9de2-1f9731299010,CY-1300,9136f5b1-735c-47de-9fd8-00c325acfdbd,CY-1250,eb5a58bf-306e-4501-ad5e-2633599d2f28,2026-09-01T15:55-16:00Z
5fb1acee-0d3b-4356-90ea-1d185729773d,CY-1300,9136f5b1-735c-47de-9fd8-00c325acfdbd,CY-1250,eb5a58bf-306e-4501-ad5e-2633599d2f28,2026-09-01T15:55-16:00Z
600ec6f2-babf-4bfa-87ba-7952ac306a95,CY-1300,9136f5b1-735c-47de-9fd8-00c325acfdbd,CY-1250,eb5a58bf-306e-4501-ad5e-2633599d2f28,2026-09-01T15:55-16:00Z
606ce8ed-204a-48b9-8cf3-8fba1f622552,CY-1300,9136f5b1-735c-47de-9fd8-00c325acfdbd,CY-1250,eb5a58bf-306e-4501-ad5e-2633599d2f28,2026-09-01T15:55-16:00Z
607ebb84-c316-4767-954d-f206e0e8c8c5,CY-1300,9136f5b1-735c-47de-9fd8-00c325acfdbd,CY-1250,eb5a58bf-306e-4501-ad5e-2633599d2f28,2026-09-01T15:55-16:00Z
60b5ad75-2693-4327-b8fa-6f35a2c09770,CY-1300,9136f5b1-735c-47de-9fd8-00c325acfdbd,CY-1250,eb5a58bf-306e-4501-ad5e-2633599d2f28,2026-09-01T15:55-16:00Z
6125825f-b731-45c3-8c50-97905b14cb05,CY-1300,9136f5b1-735c-47de-9fd8-00c325acfdbd,CY-1250,eb5a58bf-306e-4501-ad5e-2633599d2f28,2026-09-01T15:55-16:00Z
6166a03e-fe74-45f1-9d39-74fedf53448d,CY-1300,9136f5b1-735c-47de-9fd8-00c325acfdbd,CY-1250,eb5a58bf-306e-4501-ad5e-2633599d2f28,2026-09-01T15:55-16:00Z
61fe3a27-a7e0-49e8-b0db-8518dfa51a88,CY-1300,9136f5b1-735c-47de-9fd8-00c325acfdbd,CY-1250,eb5a58bf-306e-4501-ad5e-2633599d2f28,2026-09-01T15:55-16:00Z
6203a2cc-6f25-42aa-9661-4d8ab67d3146,CY-1300,9136f5b1-735c-47de-9fd8-00c325acfdbd,CY-1250,eb5a58bf-306e-4501-ad5e-2633599d2f28,2026-09-01T15:55-16:00Z
6226b963-e1f6-4a47-b286-5e369cd558e0,CY-1300,9136f5b1-735c-47de-9fd8-00c325acfdbd,CY-1250,eb5a58bf-306e-4501-ad5e-2633599d2f28,2026-09-01T15:55-16:00Z
6231b45c-94d9-40d6-9ee3-859b4a74b260,CY-1300,9136f5b1-735c-47de-9fd8-00c325acfdbd,CY-1250,eb5a58bf-306e-4501-ad5e-2633599d2f28,2026-09-01T15:55-16:00Z
62409757-9a06-4167-aa02-4d30d54fc239,CY-1300,9136f5b1-735c-47de-9fd8-00c325acfdbd,CY-1250,eb5a58bf-306e-4501-ad5e-2633599d2f28,2026-09-01T15:55-16:00Z
62822ce1-c431-42e8-ad3a-fe76068ada0b,CY-1300,9136f5b1-735c-47de-9fd8-00c325acfdbd,CY-1250,eb5a58bf-306e-4501-ad5e-2633599d2f28,2026-09-01T15:55-16:00Z
62eee68c-3ac1-488b-b01f-d461962b4620,CY-1300,9136f5b1-735c-47de-9fd8-00c325acfdbd,CY-1250,eb5a58bf-306e-4501-ad5e-2633599d2f28,2026-09-01T15:55-16:00Z
6329d8ef-abe7-4114-9346-9ab82d8bea57,CY-1300,9136f5b1-735c-47de-9fd8-00c325acfdbd,CY-1250,eb5a58bf-306e-4501-ad5e-2633599d2f28,2026-09-01T15:55-16:00Z
63496e66-dc48-4f01-aa60-c741ba095531,CY-1300,9136f5b1-735c-47de-9fd8-00c325acfdbd,CY-1250,eb5a58bf-306e-4501-ad5e-2633599d2f28,2026-09-01T15:55-16:00Z
634cfd61-4de1-402a-bb3b-9264ac64f56c,CY-1300,9136f5b1-735c-47de-9fd8-00c325acfdbd,CY-1250,eb5a58bf-306e-4501-ad5e-2633599d2f28,2026-09-01T15:55-16:00Z
638895d4-460f-4d71-a02b-2cf15fb4bdd1,CY-1300,9136f5b1-735c-47de-9fd8-00c325acfdbd,CY-1250,eb5a58bf-306e-4501-ad5e-2633599d2f28,2026-09-01T15:55-16:00Z
63bd90b7-493b-49ab-aac4-82aaeedeb6ab,CY-1300,9136f5b1-735c-47de-9fd8-00c325acfdbd,CY-1250,eb5a58bf-306e-4501-ad5e-2633599d2f28,2026-09-01T15:55-16:00Z
6461473f-2259-41a8-8158-a09d5c775703,CY-1300,9136f5b1-735c-47de-9fd8-00c325acfdbd,CY-1250,eb5a58bf-306e-4501-ad5e-2633599d2f28,2026-09-01T15:55-16:00Z
6469ce35-93de-445e-96e1-2c26b8adb17d,CY-1300,9136f5b1-735c-47de-9fd8-00c325acfdbd,CY-1250,eb5a58bf-306e-4501-ad5e-2633599d2f28,2026-09-01T15:55-16:00Z
646fd072-d4bb-4888-8d9e-2c44914489bc,CY-1300,9136f5b1-735c-47de-9fd8-00c325acfdbd,CY-1250,eb5a58bf-306e-4501-ad5e-2633599d2f28,2026-09-01T15:55-16:00Z
64df78ce-c8a4-4797-aabf-3cb55c2834ea,CY-1300,9136f5b1-735c-47de-9fd8-00c325acfdbd,CY-1250,eb5a58bf-306e-4501-ad5e-2633599d2f28,2026-09-01T15:55-16:00Z
64feccbc-55ee-462d-aa3e-25228a52287e,CY-1300,9136f5b1-735c-47de-9fd8-00c325acfdbd,CY-1250,eb5a58bf-306e-4501-ad5e-2633599d2f28,2026-09-01T15:55-16:00Z
651abbfc-3d49-44a5-8853-62f4e2ebe69e,CY-1300,9136f5b1-735c-47de-9fd8-00c325acfdbd,CY-1250,eb5a58bf-306e-4501-ad5e-2633599d2f28,2026-09-01T15:55-16:00Z
655898d1-cf68-440e-b7a0-472468165b52,CY-1300,9136f5b1-735c-47de-9fd8-00c325acfdbd,CY-1250,eb5a58bf-306e-4501-ad5e-2633599d2f28,2026-09-01T15:55-16:00Z
6563f621-9a53-4b47-82ce-2cdff8edd1c0,CY-1300,9136f5b1-735c-47de-9fd8-00c325acfdbd,CY-1250,eb5a58bf-306e-4501-ad5e-2633599d2f28,2026-09-01T15:55-16:00Z
656e702a-d772-4e8a-862e-61fd2ee1ea97,CY-1300,9136f5b1-735c-47de-9fd8-00c325acfdbd,CY-1250,eb5a58bf-306e-4501-ad5e-2633599d2f28,2026-09-01T15:55-16:00Z
65928de4-475d-45e4-84e0-dc1785b7e876,CY-1300,9136f5b1-735c-47de-9fd8-00c325acfdbd,CY-1250,eb5a58bf-306e-4501-ad5e-2633599d2f28,2026-09-01T15:55-16:00Z
65e0c8cf-d7de-4199-9d26-2d5b8d39314f,CY-1300,9136f5b1-735c-47de-9fd8-00c325acfdbd,CY-1250,eb5a58bf-306e-4501-ad5e-2633599d2f28,2026-09-01T15:55-16:00Z
6600b56e-8eee-4819-8131-886911e47a88,CY-1300,9136f5b1-735c-47de-9fd8-00c325acfdbd,CY-1250,eb5a58bf-306e-4501-ad5e-2633599d2f28,2026-09-01T15:55-16:00Z
6630162e-b113-409f-83b5-f565fbe2da88,CY-1300,9136f5b1-735c-47de-9fd8-00c325acfdbd,CY-1250,eb5a58bf-306e-4501-ad5e-2633599d2f28,2026-09-01T15:55-16:00Z
6649124f-3aa4-4bdb-85f5-2c1b3a04f31c,CY-1300,9136f5b1-735c-47de-9fd8-00c325acfdbd,CY-1250,eb5a58bf-306e-4501-ad5e-2633599d2f28,2026-09-01T15:55-16:00Z
665a37e2-70bf-494e-bbcd-fbf0cd0185cd,CY-1300,9136f5b1-735c-47de-9fd8-00c325acfdbd,CY-1250,eb5a58bf-306e-4501-ad5e-2633599d2f28,2026-09-01T15:55-16:00Z
665dd806-78b1-4cd0-8c93-b7cbaa597891,CY-1300,9136f5b1-735c-47de-9fd8-00c325acfdbd,CY-1250,eb5a58bf-306e-4501-ad5e-2633599d2f28,2026-09-01T15:55-16:00Z
666e8c74-5484-45b4-b4c5-c2ec4e1fb903,CY-1300,9136f5b1-735c-47de-9fd8-00c325acfdbd,CY-1250,eb5a58bf-306e-4501-ad5e-2633599d2f28,2026-09-01T15:55-16:00Z
668a4c08-4606-4888-a542-3d295dbaccf6,CY-1300,9136f5b1-735c-47de-9fd8-00c325acfdbd,CY-1250,eb5a58bf-306e-4501-ad5e-2633599d2f28,2026-09-01T15:55-16:00Z
67aac66a-b936-47a5-8670-ff2f119f5369,CY-1300,9136f5b1-735c-47de-9fd8-00c325acfdbd,CY-1250,eb5a58bf-306e-4501-ad5e-2633599d2f28,2026-09-01T15:55-16:00Z
67b292d2-3b5b-43aa-9d14-4dd07a586157,CY-1300,9136f5b1-735c-47de-9fd8-00c325acfdbd,CY-1250,eb5a58bf-306e-4501-ad5e-2633599d2f28,2026-09-01T15:55-16:00Z
67fb0d02-dd9c-4d4a-97f9-1ac63128ab9f,CY-1300,9136f5b1-735c-47de-9fd8-00c325acfdbd,CY-1250,eb5a58bf-306e-4501-ad5e-2633599d2f28,2026-09-01T15:55-16:00Z
6862db64-a3ce-4eb8-afd6-4f06718d6b42,CY-1300,9136f5b1-735c-47de-9fd8-00c325acfdbd,CY-1250,eb5a58bf-306e-4501-ad5e-2633599d2f28,2026-09-01T15:55-16:00Z
689b614f-5067-4da8-bf4f-0f6cbba0625c,CY-1300,9136f5b1-735c-47de-9fd8-00c325acfdbd,CY-1250,eb5a58bf-306e-4501-ad5e-2633599d2f28,2026-09-01T15:55-16:00Z
690cd5cf-81df-47d3-af23-57cdf7de96ca,CY-1300,9136f5b1-735c-47de-9fd8-00c325acfdbd,CY-1250,eb5a58bf-306e-4501-ad5e-2633599d2f28,2026-09-01T15:55-16:00Z
690cdbb5-39a4-4bcb-8973-f6b03e4f4555,CY-1300,9136f5b1-735c-47de-9fd8-00c325acfdbd,CY-1250,eb5a58bf-306e-4501-ad5e-2633599d2f28,2026-09-01T15:55-16:00Z
6936a5aa-e5ff-4002-9f23-0a94734269ec,CY-1300,9136f5b1-735c-47de-9fd8-00c325acfdbd,CY-1250,eb5a58bf-306e-4501-ad5e-2633599d2f28,2026-09-01T15:55-16:00Z
69388df7-f260-4d0a-b4a7-a4575c47cb62,CY-1300,9136f5b1-735c-47de-9fd8-00c325acfdbd,CY-1250,eb5a58bf-306e-4501-ad5e-2633599d2f28,2026-09-01T15:55-16:00Z
69e1ff7f-a5bd-48ed-b5a1-ea24c6f865ad,CY-1300,9136f5b1-735c-47de-9fd8-00c325acfdbd,CY-1250,eb5a58bf-306e-4501-ad5e-2633599d2f28,2026-09-01T15:55-16:00Z
6a8f13d9-185f-42ad-a298-66d9efbf6521,CY-1300,9136f5b1-735c-47de-9fd8-00c325acfdbd,CY-1250,eb5a58bf-306e-4501-ad5e-2633599d2f28,2026-09-01T15:55-16:00Z
6acc8008-a8f2-49c6-a6b3-8f983460ca23,CY-1300,9136f5b1-735c-47de-9fd8-00c325acfdbd,CY-1250,eb5a58bf-306e-4501-ad5e-2633599d2f28,2026-09-01T15:55-16:00Z
6ae138a1-4700-475e-b396-0171bf5ad79c,CY-1300,9136f5b1-735c-47de-9fd8-00c325acfdbd,CY-1250,eb5a58bf-306e-4501-ad5e-2633599d2f28,2026-09-01T15:55-16:00Z
6b0fdf04-e368-49ac-b768-d0b878a3b600,CY-1300,9136f5b1-735c-47de-9fd8-00c325acfdbd,CY-1250,eb5a58bf-306e-4501-ad5e-2633599d2f28,2026-09-01T15:55-16:00Z
6b75991a-e1f0-4ce1-a5d5-dfbd9968c4c2,CY-1300,9136f5b1-735c-47de-9fd8-00c325acfdbd,CY-1250,eb5a58bf-306e-4501-ad5e-2633599d2f28,2026-09-01T15:55-16:00Z
6b92d1f9-a416-4862-84d3-ac08ce4ad229,CY-1300,9136f5b1-735c-47de-9fd8-00c325acfdbd,CY-1250,eb5a58bf-306e-4501-ad5e-2633599d2f28,2026-09-01T15:55-16:00Z
6bd429ef-d65a-4ec6-8a2a-17e62e7d4f5f,CY-1300,9136f5b1-735c-47de-9fd8-00c325acfdbd,CY-1250,eb5a58bf-306e-4501-ad5e-2633599d2f28,2026-09-01T15:55-16:00Z
6c148973-aa81-42f3-9c98-c01a3822e33a,CY-1300,9136f5b1-735c-47de-9fd8-00c325acfdbd,CY-1250,eb5a58bf-306e-4501-ad5e-2633599d2f28,2026-09-01T15:55-16:00Z
6c3900fe-7d95-41b6-a2b8-68650d37d718,CY-1300,9136f5b1-735c-47de-9fd8-00c325acfdbd,CY-1250,eb5a58bf-306e-4501-ad5e-2633599d2f28,2026-09-01T15:55-16:00Z
6c50ffb5-a82d-40ba-84fa-253e1206a1fd,CY-1300,9136f5b1-735c-47de-9fd8-00c325acfdbd,CY-1250,eb5a58bf-306e-4501-ad5e-2633599d2f28,2026-09-01T15:55-16:00Z
6c75526f-fbed-47ec-92e8-6fd438360e15,CY-1300,9136f5b1-735c-47de-9fd8-00c325acfdbd,CY-1250,eb5a58bf-306e-4501-ad5e-2633599d2f28,2026-09-01T15:55-16:00Z
6cd2f889-b957-441e-9b29-cb8fb3cbbf65,CY-1300,9136f5b1-735c-47de-9fd8-00c325acfdbd,CY-1250,eb5a58bf-306e-4501-ad5e-2633599d2f28,2026-09-01T15:55-16:00Z
6ce38c45-073d-4382-b9c3-003518635600,CY-1300,9136f5b1-735c-47de-9fd8-00c325acfdbd,CY-1250,eb5a58bf-306e-4501-ad5e-2633599d2f28,2026-09-01T15:55-16:00Z
6ce4c285-d7c1-4f8f-ba5d-fed0c45ff3b3,CY-1300,9136f5b1-735c-47de-9fd8-00c325acfdbd,CY-1250,eb5a58bf-306e-4501-ad5e-2633599d2f28,2026-09-01T15:55-16:00Z
6d86c0c8-294f-4570-ae70-245111fbcfaf,CY-1300,9136f5b1-735c-47de-9fd8-00c325acfdbd,CY-1250,eb5a58bf-306e-4501-ad5e-2633599d2f28,2026-09-01T15:55-16:00Z
6d8de6f4-23c3-4548-ba5b-a2a07ee9ff48,CY-1300,9136f5b1-735c-47de-9fd8-00c325acfdbd,CY-1250,eb5a58bf-306e-4501-ad5e-2633599d2f28,2026-09-01T15:55-16:00Z
6d980f51-dc03-49d5-878f-3c741cff61b6,CY-1300,9136f5b1-735c-47de-9fd8-00c325acfdbd,CY-1250,eb5a58bf-306e-4501-ad5e-2633599d2f28,2026-09-01T15:55-16:00Z
6db86ecb-e166-4f8d-951e-26316f21218f,CY-1300,9136f5b1-735c-47de-9fd8-00c325acfdbd,CY-1250,eb5a58bf-306e-4501-ad5e-2633599d2f28,2026-09-01T15:55-16:00Z
6de20197-eb67-4fb1-8dae-08908fd9236c,CY-1300,9136f5b1-735c-47de-9fd8-00c325acfdbd,CY-1250,eb5a58bf-306e-4501-ad5e-2633599d2f28,2026-09-01T15:55-16:00Z
6de43e3b-fe77-4293-ac41-4888af866103,CY-1300,9136f5b1-735c-47de-9fd8-00c325acfdbd,CY-1250,eb5a58bf-306e-4501-ad5e-2633599d2f28,2026-09-01T15:55-16:00Z
6e45216c-ac97-44b0-a159-5983d5c70411,CY-1300,9136f5b1-735c-47de-9fd8-00c325acfdbd,CY-1250,eb5a58bf-306e-4501-ad5e-2633599d2f28,2026-09-01T15:55-16:00Z
6ea6db7d-b6d3-44c0-a6d3-b0d93d49eb79,CY-1300,9136f5b1-735c-47de-9fd8-00c325acfdbd,CY-1250,eb5a58bf-306e-4501-ad5e-2633599d2f28,2026-09-01T15:55-16:00Z
6f23f0a1-1624-47b3-8609-4d9955829047,CY-1300,9136f5b1-735c-47de-9fd8-00c325acfdbd,CY-1250,eb5a58bf-306e-4501-ad5e-2633599d2f28,2026-09-01T15:55-16:00Z
6f5a381a-18a5-40bd-8470-090b42ec2934,CY-1300,9136f5b1-735c-47de-9fd8-00c325acfdbd,CY-1250,eb5a58bf-306e-4501-ad5e-2633599d2f28,2026-09-01T15:55-16:00Z
6f9b35ea-abdf-401e-8272-eda674117762,CY-1300,9136f5b1-735c-47de-9fd8-00c325acfdbd,CY-1250,eb5a58bf-306e-4501-ad5e-2633599d2f28,2026-09-01T15:55-16:00Z
6feb7e8a-1b40-4fe2-8e29-88ab2d5331c1,CY-1300,9136f5b1-735c-47de-9fd8-00c325acfdbd,CY-1250,eb5a58bf-306e-4501-ad5e-2633599d2f28,2026-09-01T15:55-16:00Z
6ff85274-582e-4f18-9c62-3bf4c8bf6cb1,CY-1300,9136f5b1-735c-47de-9fd8-00c325acfdbd,CY-1250,eb5a58bf-306e-4501-ad5e-2633599d2f28,2026-09-01T15:55-16:00Z
7055e868-ecc4-4222-976f-cafc57fbd46e,CY-1300,9136f5b1-735c-47de-9fd8-00c325acfdbd,CY-1250,eb5a58bf-306e-4501-ad5e-2633599d2f28,2026-09-01T15:55-16:00Z
70cb72ea-9241-4105-bb7d-7060d5ff462e,CY-1300,9136f5b1-735c-47de-9fd8-00c325acfdbd,CY-1250,eb5a58bf-306e-4501-ad5e-2633599d2f28,2026-09-01T15:55-16:00Z
70d428e6-a8b6-4706-9e8b-7a2ee06c9733,CY-1300,9136f5b1-735c-47de-9fd8-00c325acfdbd,CY-1250,eb5a58bf-306e-4501-ad5e-2633599d2f28,2026-09-01T15:55-16:00Z
70fcb5ad-26aa-4326-bb01-34a937430c31,CY-1300,9136f5b1-735c-47de-9fd8-00c325acfdbd,CY-1250,eb5a58bf-306e-4501-ad5e-2633599d2f28,2026-09-01T15:55-16:00Z
710b78d0-4994-43b7-8397-2e7acf79e4eb,CY-1300,9136f5b1-735c-47de-9fd8-00c325acfdbd,CY-1250,eb5a58bf-306e-4501-ad5e-2633599d2f28,2026-09-01T15:55-16:00Z
7114b4cf-89fc-4b93-83e9-8cc5ae5451c1,CY-1300,9136f5b1-735c-47de-9fd8-00c325acfdbd,CY-1250,eb5a58bf-306e-4501-ad5e-2633599d2f28,2026-09-01T15:55-16:00Z
711c6e87-bb9d-4a54-8431-f12b983aae21,CY-1300,9136f5b1-735c-47de-9fd8-00c325acfdbd,CY-1250,eb5a58bf-306e-4501-ad5e-2633599d2f28,2026-09-01T15:55-16:00Z
7183b4b0-1f72-4854-8c31-61f5b226f6b8,CY-1300,9136f5b1-735c-47de-9fd8-00c325acfdbd,CY-1250,eb5a58bf-306e-4501-ad5e-2633599d2f28,2026-09-01T15:55-16:00Z
71890026-1b75-4119-bbb8-a2db82826f04,CY-1300,9136f5b1-735c-47de-9fd8-00c325acfdbd,CY-1250,eb5a58bf-306e-4501-ad5e-2633599d2f28,2026-09-01T15:55-16:00Z
71aed7f9-e4f7-4267-b90b-89a2ea19c829,CY-1300,9136f5b1-735c-47de-9fd8-00c325acfdbd,CY-1250,eb5a58bf-306e-4501-ad5e-2633599d2f28,2026-09-01T15:55-16:00Z
71c937a7-00fc-4834-ae16-7bd887b0abcc,CY-1300,9136f5b1-735c-47de-9fd8-00c325acfdbd,CY-1250,eb5a58bf-306e-4501-ad5e-2633599d2f28,2026-09-01T15:55-16:00Z
71d1b3ac-e534-4aac-923e-b2a531c18e4e,CY-1300,9136f5b1-735c-47de-9fd8-00c325acfdbd,CY-1250,eb5a58bf-306e-4501-ad5e-2633599d2f28,2026-09-01T15:55-16:00Z
7231910f-00ca-4dce-8dc3-06b0d765643d,CY-1300,9136f5b1-735c-47de-9fd8-00c325acfdbd,CY-1250,eb5a58bf-306e-4501-ad5e-2633599d2f28,2026-09-01T15:55-16:00Z
725acbd6-d3bb-442d-ad2d-fa0e1fa8b231,CY-1300,9136f5b1-735c-47de-9fd8-00c325acfdbd,CY-1250,eb5a58bf-306e-4501-ad5e-2633599d2f28,2026-09-01T15:55-16:00Z
729468ce-2dfb-477f-a3d0-14e6770af1af,CY-1300,9136f5b1-735c-47de-9fd8-00c325acfdbd,CY-1250,eb5a58bf-306e-4501-ad5e-2633599d2f28,2026-09-01T15:55-16:00Z
72954c7e-4644-45e8-a41e-23167936e77e,CY-1300,9136f5b1-735c-47de-9fd8-00c325acfdbd,CY-1250,eb5a58bf-306e-4501-ad5e-2633599d2f28,2026-09-01T15:55-16:00Z
72b5f662-0130-4f8b-955a-2c666c6cb218,CY-1300,9136f5b1-735c-47de-9fd8-00c325acfdbd,CY-1250,eb5a58bf-306e-4501-ad5e-2633599d2f28,2026-09-01T15:55-16:00Z
73126732-3972-46dc-bdef-fe223765eff8,CY-1300,9136f5b1-735c-47de-9fd8-00c325acfdbd,CY-1250,eb5a58bf-306e-4501-ad5e-2633599d2f28,2026-09-01T15:55-16:00Z
7331f1ea-3660-4b1f-a651-52b10e96b1a0,CY-1300,9136f5b1-735c-47de-9fd8-00c325acfdbd,CY-1250,eb5a58bf-306e-4501-ad5e-2633599d2f28,2026-09-01T15:55-16:00Z
733388ca-fa80-481b-998f-0f95cff00c06,CY-1300,9136f5b1-735c-47de-9fd8-00c325acfdbd,CY-1250,eb5a58bf-306e-4501-ad5e-2633599d2f28,2026-09-01T15:55-16:00Z
7345573f-26ff-47fc-a346-7ea82d331bba,CY-1300,9136f5b1-735c-47de-9fd8-00c325acfdbd,CY-1250,eb5a58bf-306e-4501-ad5e-2633599d2f28,2026-09-01T15:55-16:00Z
735adb8b-5f59-4eb5-8339-190a444ee83b,CY-1300,9136f5b1-735c-47de-9fd8-00c325acfdbd,CY-1250,eb5a58bf-306e-4501-ad5e-2633599d2f28,2026-09-01T15:55-16:00Z
746f42d8-b91c-486a-9629-31adfa72ba74,CY-1300,9136f5b1-735c-47de-9fd8-00c325acfdbd,CY-1250,eb5a58bf-306e-4501-ad5e-2633599d2f28,2026-09-01T15:55-16:00Z
74954ca6-f0ec-4628-9ba7-e2dd6f587441,CY-1300,9136f5b1-735c-47de-9fd8-00c325acfdbd,CY-1250,eb5a58bf-306e-4501-ad5e-2633599d2f28,2026-09-01T15:55-16:00Z
74fae0c0-e97a-40c2-ba85-19f992c6e369,CY-1300,9136f5b1-735c-47de-9fd8-00c325acfdbd,CY-1250,eb5a58bf-306e-4501-ad5e-2633599d2f28,2026-09-01T15:55-16:00Z
74ff0567-b865-4f4f-8985-065af3841e29,CY-1300,9136f5b1-735c-47de-9fd8-00c325acfdbd,CY-1250,eb5a58bf-306e-4501-ad5e-2633599d2f28,2026-09-01T15:55-16:00Z
75155f5e-9edb-47a6-aace-14f5c0a6ea7c,CY-1300,9136f5b1-735c-47de-9fd8-00c325acfdbd,CY-1250,eb5a58bf-306e-4501-ad5e-2633599d2f28,2026-09-01T15:55-16:00Z
75285b07-f5eb-4a63-a030-4e35443183f4,CY-1300,9136f5b1-735c-47de-9fd8-00c325acfdbd,CY-1250,eb5a58bf-306e-4501-ad5e-2633599d2f28,2026-09-01T15:55-16:00Z
75358ec2-df47-44ac-aac6-4e18490b43a5,CY-1300,9136f5b1-735c-47de-9fd8-00c325acfdbd,CY-1250,eb5a58bf-306e-4501-ad5e-2633599d2f28,2026-09-01T15:55-16:00Z
75359866-c220-4504-b51e-c47b5fbff364,CY-1300,9136f5b1-735c-47de-9fd8-00c325acfdbd,CY-1250,eb5a58bf-306e-4501-ad5e-2633599d2f28,2026-09-01T15:55-16:00Z
75544dcb-abd1-4e1f-ad13-70449c36deb5,CY-1300,9136f5b1-735c-47de-9fd8-00c325acfdbd,CY-1250,eb5a58bf-306e-4501-ad5e-2633599d2f28,2026-09-01T15:55-16:00Z
75751016-3fe6-4096-a0fa-e9382ba7e799,CY-1300,9136f5b1-735c-47de-9fd8-00c325acfdbd,CY-1250,eb5a58bf-306e-4501-ad5e-2633599d2f28,2026-09-01T15:55-16:00Z
759d092a-d49d-44c6-b506-4ecf867a4959,CY-1300,9136f5b1-735c-47de-9fd8-00c325acfdbd,CY-1250,eb5a58bf-306e-4501-ad5e-2633599d2f28,2026-09-01T15:55-16:00Z
75ae6e32-3f27-4ffe-9dca-54677c9fe0a5,CY-1300,9136f5b1-735c-47de-9fd8-00c325acfdbd,CY-1250,eb5a58bf-306e-4501-ad5e-2633599d2f28,2026-09-01T15:55-16:00Z
762353d4-3602-440c-a9bb-edc8f9472bd0,CY-1300,9136f5b1-735c-47de-9fd8-00c325acfdbd,CY-1250,eb5a58bf-306e-4501-ad5e-2633599d2f28,2026-09-01T15:55-16:00Z
7684603d-c554-4f79-bcd9-b85010a9a86b,CY-1300,9136f5b1-735c-47de-9fd8-00c325acfdbd,CY-1250,eb5a58bf-306e-4501-ad5e-2633599d2f28,2026-09-01T15:55-16:00Z
76e0a9e7-2c0b-43bd-b041-94acaaf0b5af,CY-1300,9136f5b1-735c-47de-9fd8-00c325acfdbd,CY-1250,eb5a58bf-306e-4501-ad5e-2633599d2f28,2026-09-01T15:55-16:00Z
7705c16f-d6dd-46d9-a65d-19e7d7ea491a,CY-1300,9136f5b1-735c-47de-9fd8-00c325acfdbd,CY-1250,eb5a58bf-306e-4501-ad5e-2633599d2f28,2026-09-01T15:55-16:00Z
772b85c8-74ad-4c90-bac0-71b3ee6e5f40,CY-1300,9136f5b1-735c-47de-9fd8-00c325acfdbd,CY-1250,eb5a58bf-306e-4501-ad5e-2633599d2f28,2026-09-01T15:55-16:00Z
77316158-6713-4151-b39d-acc4a22f2de6,CY-1300,9136f5b1-735c-47de-9fd8-00c325acfdbd,CY-1250,eb5a58bf-306e-4501-ad5e-2633599d2f28,2026-09-01T15:55-16:00Z
77c1486b-e441-4922-b01f-8bad0f8bb80d,CY-1300,9136f5b1-735c-47de-9fd8-00c325acfdbd,CY-1250,eb5a58bf-306e-4501-ad5e-2633599d2f28,2026-09-01T15:55-16:00Z
78285f44-eabf-4c89-ae6f-8392924ce4ab,CY-1300,9136f5b1-735c-47de-9fd8-00c325acfdbd,CY-1250,eb5a58bf-306e-4501-ad5e-2633599d2f28,2026-09-01T15:55-16:00Z
782e79f6-5c93-4a72-b132-24af046b6547,CY-1300,9136f5b1-735c-47de-9fd8-00c325acfdbd,CY-1250,eb5a58bf-306e-4501-ad5e-2633599d2f28,2026-09-01T15:55-16:00Z
78662589-8b85-4833-8f34-7916d301771d,CY-1300,9136f5b1-735c-47de-9fd8-00c325acfdbd,CY-1250,eb5a58bf-306e-4501-ad5e-2633599d2f28,2026-09-01T15:55-16:00Z
789522be-ae0c-43cc-86a1-e853fc2bbe6a,CY-1300,9136f5b1-735c-47de-9fd8-00c325acfdbd,CY-1250,eb5a58bf-306e-4501-ad5e-2633599d2f28,2026-09-01T15:55-16:00Z
78a8c06d-90d6-48b7-9451-f6d300c7dfb6,CY-1300,9136f5b1-735c-47de-9fd8-00c325acfdbd,CY-1250,eb5a58bf-306e-4501-ad5e-2633599d2f28,2026-09-01T15:55-16:00Z
78c9667c-f6dc-41b6-a914-f654f17da54d,CY-1300,9136f5b1-735c-47de-9fd8-00c325acfdbd,CY-1250,eb5a58bf-306e-4501-ad5e-2633599d2f28,2026-09-01T15:55-16:00Z
78e4bf47-8460-4156-9731-eae32a2887c3,CY-1300,9136f5b1-735c-47de-9fd8-00c325acfdbd,CY-1250,eb5a58bf-306e-4501-ad5e-2633599d2f28,2026-09-01T15:55-16:00Z
78ee8397-5e4e-4ecc-82c1-88a093fda7f1,CY-1300,9136f5b1-735c-47de-9fd8-00c325acfdbd,CY-1250,eb5a58bf-306e-4501-ad5e-2633599d2f28,2026-09-01T15:55-16:00Z
791326b1-5380-46b8-8fe9-c7409d9e53ee,CY-1300,9136f5b1-735c-47de-9fd8-00c325acfdbd,CY-1250,eb5a58bf-306e-4501-ad5e-2633599d2f28,2026-09-01T15:55-16:00Z
791fb358-87bc-4825-bd03-e2419f5f9bab,CY-1300,9136f5b1-735c-47de-9fd8-00c325acfdbd,CY-1250,eb5a58bf-306e-4501-ad5e-2633599d2f28,2026-09-01T15:55-16:00Z
794a3d83-2d9e-4aa9-903b-51661534b203,CY-1300,9136f5b1-735c-47de-9fd8-00c325acfdbd,CY-1250,eb5a58bf-306e-4501-ad5e-2633599d2f28,2026-09-01T15:55-16:00Z
7955fa91-4c96-4ffe-8d50-de7f1d414359,CY-1300,9136f5b1-735c-47de-9fd8-00c325acfdbd,CY-1250,eb5a58bf-306e-4501-ad5e-2633599d2f28,2026-09-01T15:55-16:00Z
796d0c65-9047-4408-8776-0686ff4c30e9,CY-1300,9136f5b1-735c-47de-9fd8-00c325acfdbd,CY-1250,eb5a58bf-306e-4501-ad5e-2633599d2f28,2026-09-01T15:55-16:00Z
7989f597-bf52-4b90-80c0-2c101fb20c4b,CY-1300,9136f5b1-735c-47de-9fd8-00c325acfdbd,CY-1250,eb5a58bf-306e-4501-ad5e-2633599d2f28,2026-09-01T15:55-16:00Z
79b25d90-9c21-43c2-beba-9c8a26baa206,CY-1300,9136f5b1-735c-47de-9fd8-00c325acfdbd,CY-1250,eb5a58bf-306e-4501-ad5e-2633599d2f28,2026-09-01T15:55-16:00Z
7a6347a2-31b6-4eaa-808b-9c2794f6cf24,CY-1300,9136f5b1-735c-47de-9fd8-00c325acfdbd,CY-1250,eb5a58bf-306e-4501-ad5e-2633599d2f28,2026-09-01T15:55-16:00Z
7a74a28c-37a1-481f-8d09-c4edf13f44db,CY-1300,9136f5b1-735c-47de-9fd8-00c325acfdbd,CY-1250,eb5a58bf-306e-4501-ad5e-2633599d2f28,2026-09-01T15:55-16:00Z
7af7c405-00f5-41be-a803-81ddb91566a6,CY-1300,9136f5b1-735c-47de-9fd8-00c325acfdbd,CY-1250,eb5a58bf-306e-4501-ad5e-2633599d2f28,2026-09-01T15:55-16:00Z
7b1ef614-31f6-4e69-aa9f-3dfddc85c95f,CY-1300,9136f5b1-735c-47de-9fd8-00c325acfdbd,CY-1250,eb5a58bf-306e-4501-ad5e-2633599d2f28,2026-09-01T15:55-16:00Z
7b5bef1b-4632-476d-bc8e-ee57642504f4,CY-1300,9136f5b1-735c-47de-9fd8-00c325acfdbd,CY-1250,eb5a58bf-306e-4501-ad5e-2633599d2f28,2026-09-01T15:55-16:00Z
7bbbadd8-5b40-4a5c-933c-23068d9d1a53,CY-1300,9136f5b1-735c-47de-9fd8-00c325acfdbd,CY-1250,eb5a58bf-306e-4501-ad5e-2633599d2f28,2026-09-01T15:55-16:00Z
7bea254a-f5a8-468a-b9b2-2dff73dfc6fd,CY-1300,9136f5b1-735c-47de-9fd8-00c325acfdbd,CY-1250,eb5a58bf-306e-4501-ad5e-2633599d2f28,2026-09-01T15:55-16:00Z
7c15cee6-c65c-4dce-b16f-145ad2e75b70,CY-1300,9136f5b1-735c-47de-9fd8-00c325acfdbd,CY-1250,eb5a58bf-306e-4501-ad5e-2633599d2f28,2026-09-01T15:55-16:00Z
7c1c7e75-710d-4d65-baa8-fb09ec56a1db,CY-1300,9136f5b1-735c-47de-9fd8-00c325acfdbd,CY-1250,eb5a58bf-306e-4501-ad5e-2633599d2f28,2026-09-01T15:55-16:00Z
7c373d50-8c35-49b5-a22f-fc68705b78de,CY-1300,9136f5b1-735c-47de-9fd8-00c325acfdbd,CY-1250,eb5a58bf-306e-4501-ad5e-2633599d2f28,2026-09-01T15:55-16:00Z
7c3d3927-b2cd-4eb9-bf66-bb38b55811c5,CY-1300,9136f5b1-735c-47de-9fd8-00c325acfdbd,CY-1250,eb5a58bf-306e-4501-ad5e-2633599d2f28,2026-09-01T15:55-16:00Z
7c866ea0-257b-41e7-a53d-b79e6fcff95b,CY-1300,9136f5b1-735c-47de-9fd8-00c325acfdbd,CY-1250,eb5a58bf-306e-4501-ad5e-2633599d2f28,2026-09-01T15:55-16:00Z
7ce69697-c0fd-48e3-af80-b5c5dc2226b1,CY-1300,9136f5b1-735c-47de-9fd8-00c325acfdbd,CY-1250,eb5a58bf-306e-4501-ad5e-2633599d2f28,2026-09-01T15:55-16:00Z
7ce714c9-292f-4ffc-88fc-fea00f6d1b17,CY-1300,9136f5b1-735c-47de-9fd8-00c325acfdbd,CY-1250,eb5a58bf-306e-4501-ad5e-2633599d2f28,2026-09-01T15:55-16:00Z
7cee970f-2772-421c-9131-68fcb277fd78,CY-1300,9136f5b1-735c-47de-9fd8-00c325acfdbd,CY-1250,eb5a58bf-306e-4501-ad5e-2633599d2f28,2026-09-01T15:55-16:00Z
7cf41e43-9a89-4863-bc1d-fbfa9da65e0c,CY-1300,9136f5b1-735c-47de-9fd8-00c325acfdbd,CY-1250,eb5a58bf-306e-4501-ad5e-2633599d2f28,2026-09-01T15:55-16:00Z
7d121b10-9360-4c7a-9a06-1debc2cde8c1,CY-1300,9136f5b1-735c-47de-9fd8-00c325acfdbd,CY-1250,eb5a58bf-306e-4501-ad5e-2633599d2f28,2026-09-01T15:55-16:00Z
7d61101a-1557-4abe-8bfa-a327d0f2f7df,CY-1300,9136f5b1-735c-47de-9fd8-00c325acfdbd,CY-1250,eb5a58bf-306e-4501-ad5e-2633599d2f28,2026-09-01T15:55-16:00Z
7db178cf-e851-4589-84ec-8acb7ff7cfd7,CY-1300,9136f5b1-735c-47de-9fd8-00c325acfdbd,CY-1250,eb5a58bf-306e-4501-ad5e-2633599d2f28,2026-09-01T15:55-16:00Z
7ddd269d-7c72-4364-a26f-d4ab35bd9b19,CY-1300,9136f5b1-735c-47de-9fd8-00c325acfdbd,CY-1250,eb5a58bf-306e-4501-ad5e-2633599d2f28,2026-09-01T15:55-16:00Z
7e1ac645-1ebe-436c-acd3-10b2986be2a5,CY-1300,9136f5b1-735c-47de-9fd8-00c325acfdbd,CY-1250,eb5a58bf-306e-4501-ad5e-2633599d2f28,2026-09-01T15:55-16:00Z
7e2cf2b1-5d1f-4546-9d11-d5f0941ca0dd,CY-1300,9136f5b1-735c-47de-9fd8-00c325acfdbd,CY-1250,eb5a58bf-306e-4501-ad5e-2633599d2f28,2026-09-01T15:55-16:00Z
7e5ef453-01a3-47e8-893d-280ebb764ea3,CY-1300,9136f5b1-735c-47de-9fd8-00c325acfdbd,CY-1250,eb5a58bf-306e-4501-ad5e-2633599d2f28,2026-09-01T15:55-16:00Z
7e9c40db-be3f-401e-9e20-7ff4bb8fad90,CY-1300,9136f5b1-735c-47de-9fd8-00c325acfdbd,CY-1250,eb5a58bf-306e-4501-ad5e-2633599d2f28,2026-09-01T15:55-16:00Z
7eaa72c9-fe5a-425b-b912-5c77a0d68fa4,CY-1300,9136f5b1-735c-47de-9fd8-00c325acfdbd,CY-1250,eb5a58bf-306e-4501-ad5e-2633599d2f28,2026-09-01T15:55-16:00Z
7ee59d97-0fd8-4a13-9439-e0070a915548,CY-1300,9136f5b1-735c-47de-9fd8-00c325acfdbd,CY-1250,eb5a58bf-306e-4501-ad5e-2633599d2f28,2026-09-01T15:55-16:00Z
7f714405-679e-4030-86e4-92be627f8538,CY-1300,9136f5b1-735c-47de-9fd8-00c325acfdbd,CY-1250,eb5a58bf-306e-4501-ad5e-2633599d2f28,2026-09-01T15:55-16:00Z
7fbd8cb4-93fc-4f97-9f4d-1b42bfda4889,CY-1300,9136f5b1-735c-47de-9fd8-00c325acfdbd,CY-1250,eb5a58bf-306e-4501-ad5e-2633599d2f28,2026-09-01T15:55-16:00Z
805c1a6b-1729-492a-b02d-09161aff8c27,CY-1300,9136f5b1-735c-47de-9fd8-00c325acfdbd,CY-1250,eb5a58bf-306e-4501-ad5e-2633599d2f28,2026-09-01T15:55-16:00Z
805e4814-1aaa-4d84-af34-07d1eaf71597,CY-1300,9136f5b1-735c-47de-9fd8-00c325acfdbd,CY-1250,eb5a58bf-306e-4501-ad5e-2633599d2f28,2026-09-01T15:55-16:00Z
8060f773-85fd-4dd9-9ed9-0d87f5c641da,CY-1300,9136f5b1-735c-47de-9fd8-00c325acfdbd,CY-1250,eb5a58bf-306e-4501-ad5e-2633599d2f28,2026-09-01T15:55-16:00Z
80833bbc-174d-4ee9-948f-bab93f4fc730,CY-1300,9136f5b1-735c-47de-9fd8-00c325acfdbd,CY-1250,eb5a58bf-306e-4501-ad5e-2633599d2f28,2026-09-01T15:55-16:00Z
8135134a-5f1c-42e2-a5d8-e0fc06feaff9,CY-1300,9136f5b1-735c-47de-9fd8-00c325acfdbd,CY-1250,eb5a58bf-306e-4501-ad5e-2633599d2f28,2026-09-01T15:55-16:00Z
815f462e-a0c3-4136-80ef-353f02a72830,CY-1300,9136f5b1-735c-47de-9fd8-00c325acfdbd,CY-1250,eb5a58bf-306e-4501-ad5e-2633599d2f28,2026-09-01T15:55-16:00Z
81d81178-c355-4bac-8fd1-04c699ea9e64,CY-1300,9136f5b1-735c-47de-9fd8-00c325acfdbd,CY-1250,eb5a58bf-306e-4501-ad5e-2633599d2f28,2026-09-01T15:55-16:00Z
81e81d32-cbcb-4ad4-a808-0cf8855e57a7,CY-1300,9136f5b1-735c-47de-9fd8-00c325acfdbd,CY-1250,eb5a58bf-306e-4501-ad5e-2633599d2f28,2026-09-01T15:55-16:00Z
8236fe30-95ca-4514-8696-6dbf28383186,CY-1300,9136f5b1-735c-47de-9fd8-00c325acfdbd,CY-1250,eb5a58bf-306e-4501-ad5e-2633599d2f28,2026-09-01T15:55-16:00Z
82986904-6832-4a87-8e65-6de42e4752a8,CY-1300,9136f5b1-735c-47de-9fd8-00c325acfdbd,CY-1250,eb5a58bf-306e-4501-ad5e-2633599d2f28,2026-09-01T15:55-16:00Z
82c2c1bd-9974-464e-868e-4b9727306521,CY-1300,9136f5b1-735c-47de-9fd8-00c325acfdbd,CY-1250,eb5a58bf-306e-4501-ad5e-2633599d2f28,2026-09-01T15:55-16:00Z
82d1acc5-178f-413e-b38a-921584ed5304,CY-1300,9136f5b1-735c-47de-9fd8-00c325acfdbd,CY-1250,eb5a58bf-306e-4501-ad5e-2633599d2f28,2026-09-01T15:55-16:00Z
838c5dad-5120-4c57-9cea-4d9542a65d33,CY-1300,9136f5b1-735c-47de-9fd8-00c325acfdbd,CY-1250,eb5a58bf-306e-4501-ad5e-2633599d2f28,2026-09-01T15:55-16:00Z
84296750-3f62-4507-917c-1b58fb3f847f,CY-1300,9136f5b1-735c-47de-9fd8-00c325acfdbd,CY-1250,eb5a58bf-306e-4501-ad5e-2633599d2f28,2026-09-01T15:55-16:00Z
8453c2b4-414f-48ee-85ab-86acb880937a,CY-1300,9136f5b1-735c-47de-9fd8-00c325acfdbd,CY-1250,eb5a58bf-306e-4501-ad5e-2633599d2f28,2026-09-01T15:55-16:00Z
8457e4eb-b9d3-4e17-8844-398fabe68095,CY-1300,9136f5b1-735c-47de-9fd8-00c325acfdbd,CY-1250,eb5a58bf-306e-4501-ad5e-2633599d2f28,2026-09-01T15:55-16:00Z
84834270-917e-4986-bf03-c42cf4147d33,CY-1300,9136f5b1-735c-47de-9fd8-00c325acfdbd,CY-1250,eb5a58bf-306e-4501-ad5e-2633599d2f28,2026-09-01T15:55-16:00Z
8530dd7e-8abc-4f20-99cf-bf0b31764d75,CY-1300,9136f5b1-735c-47de-9fd8-00c325acfdbd,CY-1250,eb5a58bf-306e-4501-ad5e-2633599d2f28,2026-09-01T15:55-16:00Z
85411d60-148f-4120-8dd3-ed846d0d0104,CY-1300,9136f5b1-735c-47de-9fd8-00c325acfdbd,CY-1250,eb5a58bf-306e-4501-ad5e-2633599d2f28,2026-09-01T15:55-16:00Z
857600a7-8d07-4949-9b1f-09b8c2dcbd11,CY-1300,9136f5b1-735c-47de-9fd8-00c325acfdbd,CY-1250,eb5a58bf-306e-4501-ad5e-2633599d2f28,2026-09-01T15:55-16:00Z
857e6897-5143-4c61-9fdf-74316ad3f844,CY-1300,9136f5b1-735c-47de-9fd8-00c325acfdbd,CY-1250,eb5a58bf-306e-4501-ad5e-2633599d2f28,2026-09-01T15:55-16:00Z
859623b3-f030-4717-8dea-0c5ddbc4869d,CY-1300,9136f5b1-735c-47de-9fd8-00c325acfdbd,CY-1250,eb5a58bf-306e-4501-ad5e-2633599d2f28,2026-09-01T15:55-16:00Z
85f23ffe-91a3-44a2-954a-68cf348247da,CY-1300,9136f5b1-735c-47de-9fd8-00c325acfdbd,CY-1250,eb5a58bf-306e-4501-ad5e-2633599d2f28,2026-09-01T15:55-16:00Z
868bc302-25b3-4b84-b31c-ae111037469a,CY-1300,9136f5b1-735c-47de-9fd8-00c325acfdbd,CY-1250,eb5a58bf-306e-4501-ad5e-2633599d2f28,2026-09-01T15:55-16:00Z
8692a4cd-5d09-46ca-8a03-7ff8b7a7e90d,CY-1300,9136f5b1-735c-47de-9fd8-00c325acfdbd,CY-1250,eb5a58bf-306e-4501-ad5e-2633599d2f28,2026-09-01T15:55-16:00Z
869b59de-25bb-41a9-b639-ee1791f87fed,CY-1300,9136f5b1-735c-47de-9fd8-00c325acfdbd,CY-1250,eb5a58bf-306e-4501-ad5e-2633599d2f28,2026-09-01T15:55-16:00Z
86b17bc5-cb32-44f4-bf24-948a3dd4da08,CY-1300,9136f5b1-735c-47de-9fd8-00c325acfdbd,CY-1250,eb5a58bf-306e-4501-ad5e-2633599d2f28,2026-09-01T15:55-16:00Z
86c38495-d071-4ab9-810a-bb74744c356b,CY-1300,9136f5b1-735c-47de-9fd8-00c325acfdbd,CY-1250,eb5a58bf-306e-4501-ad5e-2633599d2f28,2026-09-01T15:55-16:00Z
86ca37eb-0d58-4513-8393-e6bd673edaf0,CY-1300,9136f5b1-735c-47de-9fd8-00c325acfdbd,CY-1250,eb5a58bf-306e-4501-ad5e-2633599d2f28,2026-09-01T15:55-16:00Z
870d015d-aa70-45a5-b40c-b179cd483edb,CY-1300,9136f5b1-735c-47de-9fd8-00c325acfdbd,CY-1250,eb5a58bf-306e-4501-ad5e-2633599d2f28,2026-09-01T15:55-16:00Z
871e41ff-f1cb-406c-bffd-346a58df064c,CY-1300,9136f5b1-735c-47de-9fd8-00c325acfdbd,CY-1250,eb5a58bf-306e-4501-ad5e-2633599d2f28,2026-09-01T15:55-16:00Z
873c93f1-dd07-4622-a2e5-547ed6645d60,CY-1300,9136f5b1-735c-47de-9fd8-00c325acfdbd,CY-1250,eb5a58bf-306e-4501-ad5e-2633599d2f28,2026-09-01T15:55-16:00Z
875fd419-9d13-4fbe-8e41-a6bc6e0f3dcf,CY-1300,9136f5b1-735c-47de-9fd8-00c325acfdbd,CY-1250,eb5a58bf-306e-4501-ad5e-2633599d2f28,2026-09-01T15:55-16:00Z
87d8bb79-e519-40d1-a97b-642f58f34f7a,CY-1300,9136f5b1-735c-47de-9fd8-00c325acfdbd,CY-1250,eb5a58bf-306e-4501-ad5e-2633599d2f28,2026-09-01T15:55-16:00Z
88460c11-7746-43dc-a383-ab1d1bdb5ef9,CY-1300,9136f5b1-735c-47de-9fd8-00c325acfdbd,CY-1250,eb5a58bf-306e-4501-ad5e-2633599d2f28,2026-09-01T15:55-16:00Z
886d0534-98d5-46e9-8049-259f4b3b5e3f,CY-1300,9136f5b1-735c-47de-9fd8-00c325acfdbd,CY-1250,eb5a58bf-306e-4501-ad5e-2633599d2f28,2026-09-01T15:55-16:00Z
8877d5a9-61e5-4702-ab28-b887e26b2aec,CY-1300,9136f5b1-735c-47de-9fd8-00c325acfdbd,CY-1250,eb5a58bf-306e-4501-ad5e-2633599d2f28,2026-09-01T15:55-16:00Z
8927d9d4-59c0-46f0-bb03-cf1cafdc8363,CY-1300,9136f5b1-735c-47de-9fd8-00c325acfdbd,CY-1250,eb5a58bf-306e-4501-ad5e-2633599d2f28,2026-09-01T15:55-16:00Z
89558fd2-f906-411b-8846-e75114ad11f3,CY-1300,9136f5b1-735c-47de-9fd8-00c325acfdbd,CY-1250,eb5a58bf-306e-4501-ad5e-2633599d2f28,2026-09-01T15:55-16:00Z
89656ee9-f4e5-456d-adb4-c7e6463acfc5,CY-1300,9136f5b1-735c-47de-9fd8-00c325acfdbd,CY-1250,eb5a58bf-306e-4501-ad5e-2633599d2f28,2026-09-01T15:55-16:00Z
89860e26-7d90-4c77-bf86-9fd18082fa9f,CY-1300,9136f5b1-735c-47de-9fd8-00c325acfdbd,CY-1250,eb5a58bf-306e-4501-ad5e-2633599d2f28,2026-09-01T15:55-16:00Z
89b246c4-c83f-471f-9d9c-7d134d6793df,CY-1300,9136f5b1-735c-47de-9fd8-00c325acfdbd,CY-1250,eb5a58bf-306e-4501-ad5e-2633599d2f28,2026-09-01T15:55-16:00Z
89eb36bb-07d6-4b7c-abd1-18c609425d8a,CY-1300,9136f5b1-735c-47de-9fd8-00c325acfdbd,CY-1250,eb5a58bf-306e-4501-ad5e-2633599d2f28,2026-09-01T15:55-16:00Z
8a8198c9-c4ed-4179-a29e-0b565569b638,CY-1300,9136f5b1-735c-47de-9fd8-00c325acfdbd,CY-1250,eb5a58bf-306e-4501-ad5e-2633599d2f28,2026-09-01T15:55-16:00Z
8ab26a49-37c6-4fa1-b574-ed4b06c03b9a,CY-1300,9136f5b1-735c-47de-9fd8-00c325acfdbd,CY-1250,eb5a58bf-306e-4501-ad5e-2633599d2f28,2026-09-01T15:55-16:00Z
8ad2e4bf-6aa4-4d83-9ffc-a3fe931c016a,CY-1300,9136f5b1-735c-47de-9fd8-00c325acfdbd,CY-1250,eb5a58bf-306e-4501-ad5e-2633599d2f28,2026-09-01T15:55-16:00Z
8b7d6a7b-3287-4327-b752-3702011cb90e,CY-1300,9136f5b1-735c-47de-9fd8-00c325acfdbd,CY-1250,eb5a58bf-306e-4501-ad5e-2633599d2f28,2026-09-01T15:55-16:00Z
8b9399c0-0841-4cee-963b-4215c15f2e6a,CY-1300,9136f5b1-735c-47de-9fd8-00c325acfdbd,CY-1250,eb5a58bf-306e-4501-ad5e-2633599d2f28,2026-09-01T15:55-16:00Z
8bf42051-0e46-4e2f-9558-43db3997b9d7,CY-1300,9136f5b1-735c-47de-9fd8-00c325acfdbd,CY-1250,eb5a58bf-306e-4501-ad5e-2633599d2f28,2026-09-01T15:55-16:00Z
8c3a4e0f-e0b5-4de2-850a-4f4f0413da81,CY-1300,9136f5b1-735c-47de-9fd8-00c325acfdbd,CY-1250,eb5a58bf-306e-4501-ad5e-2633599d2f28,2026-09-01T15:55-16:00Z
8c81636b-eccb-468f-8c41-75ab922ca187,CY-1300,9136f5b1-735c-47de-9fd8-00c325acfdbd,CY-1250,eb5a58bf-306e-4501-ad5e-2633599d2f28,2026-09-01T15:55-16:00Z
8c87b5a5-1584-4c2b-8675-52dc4467975e,CY-1300,9136f5b1-735c-47de-9fd8-00c325acfdbd,CY-1250,eb5a58bf-306e-4501-ad5e-2633599d2f28,2026-09-01T15:55-16:00Z
8cb16a1a-03a3-4d9b-aabf-e7b4ceb46b17,CY-1300,9136f5b1-735c-47de-9fd8-00c325acfdbd,CY-1250,eb5a58bf-306e-4501-ad5e-2633599d2f28,2026-09-01T15:55-16:00Z
8cb97892-b370-407b-8b59-57e918d28631,CY-1300,9136f5b1-735c-47de-9fd8-00c325acfdbd,CY-1250,eb5a58bf-306e-4501-ad5e-2633599d2f28,2026-09-01T15:55-16:00Z
8d0ccee7-8e68-415a-8485-dfce4f1f4656,CY-1300,9136f5b1-735c-47de-9fd8-00c325acfdbd,CY-1250,eb5a58bf-306e-4501-ad5e-2633599d2f28,2026-09-01T15:55-16:00Z
8d385c77-f1e9-4406-8325-d9533f3437bf,CY-1300,9136f5b1-735c-47de-9fd8-00c325acfdbd,CY-1250,eb5a58bf-306e-4501-ad5e-2633599d2f28,2026-09-01T15:55-16:00Z
8d5175b7-9886-4f84-bd26-e36f27239c9c,CY-1300,9136f5b1-735c-47de-9fd8-00c325acfdbd,CY-1250,eb5a58bf-306e-4501-ad5e-2633599d2f28,2026-09-01T15:55-16:00Z
8da9b210-5c42-4f1c-b857-4924dda3ceb2,CY-1300,9136f5b1-735c-47de-9fd8-00c325acfdbd,CY-1250,eb5a58bf-306e-4501-ad5e-2633599d2f28,2026-09-01T15:55-16:00Z
8db717c3-180c-40e8-b20d-51e378cfafcc,CY-1300,9136f5b1-735c-47de-9fd8-00c325acfdbd,CY-1250,eb5a58bf-306e-4501-ad5e-2633599d2f28,2026-09-01T15:55-16:00Z
8ddc66e7-d9c5-4c27-b4e4-ce8bd219910c,CY-1300,9136f5b1-735c-47de-9fd8-00c325acfdbd,CY-1250,eb5a58bf-306e-4501-ad5e-2633599d2f28,2026-09-01T15:55-16:00Z
8e4e3ffd-c0f6-46f2-a929-1802c108f30f,CY-1300,9136f5b1-735c-47de-9fd8-00c325acfdbd,CY-1250,eb5a58bf-306e-4501-ad5e-2633599d2f28,2026-09-01T15:55-16:00Z
8e7f5ce0-26f7-4aa3-82cf-734bd35ead8a,CY-1300,9136f5b1-735c-47de-9fd8-00c325acfdbd,CY-1250,eb5a58bf-306e-4501-ad5e-2633599d2f28,2026-09-01T15:55-16:00Z
8eab070b-9128-4d04-80cb-1c7d3867502f,CY-1300,9136f5b1-735c-47de-9fd8-00c325acfdbd,CY-1250,eb5a58bf-306e-4501-ad5e-2633599d2f28,2026-09-01T15:55-16:00Z
8edb52a2-869b-4413-8a2b-4a31eb4ebd90,CY-1300,9136f5b1-735c-47de-9fd8-00c325acfdbd,CY-1250,eb5a58bf-306e-4501-ad5e-2633599d2f28,2026-09-01T15:55-16:00Z
8f1ec842-2dc9-4571-b89d-5dbc2252b421,CY-1300,9136f5b1-735c-47de-9fd8-00c325acfdbd,CY-1250,eb5a58bf-306e-4501-ad5e-2633599d2f28,2026-09-01T15:55-16:00Z
8f74beeb-3524-4f22-ab55-e3fb78e32ac2,CY-1300,9136f5b1-735c-47de-9fd8-00c325acfdbd,CY-1250,eb5a58bf-306e-4501-ad5e-2633599d2f28,2026-09-01T15:55-16:00Z
8f86d63a-3668-471e-b2b4-5d06e8dc3c98,CY-1300,9136f5b1-735c-47de-9fd8-00c325acfdbd,CY-1250,eb5a58bf-306e-4501-ad5e-2633599d2f28,2026-09-01T15:55-16:00Z
90f31c58-f2a3-49c6-a796-ed87f98c3a40,CY-1300,9136f5b1-735c-47de-9fd8-00c325acfdbd,CY-1250,eb5a58bf-306e-4501-ad5e-2633599d2f28,2026-09-01T15:55-16:00Z
911e05ba-265c-4274-80d3-6dc8b313ffa1,CY-1300,9136f5b1-735c-47de-9fd8-00c325acfdbd,CY-1250,eb5a58bf-306e-4501-ad5e-2633599d2f28,2026-09-01T15:55-16:00Z
9133bb9f-a899-4ea3-87ed-2d66c5221835,CY-1300,9136f5b1-735c-47de-9fd8-00c325acfdbd,CY-1250,eb5a58bf-306e-4501-ad5e-2633599d2f28,2026-09-01T15:55-16:00Z
918d9c5b-c123-403d-9826-6ac5219ee3d2,CY-1300,9136f5b1-735c-47de-9fd8-00c325acfdbd,CY-1250,eb5a58bf-306e-4501-ad5e-2633599d2f28,2026-09-01T15:55-16:00Z
9192beb6-a054-4c45-810b-e8fb86d0bcab,CY-1300,9136f5b1-735c-47de-9fd8-00c325acfdbd,CY-1250,eb5a58bf-306e-4501-ad5e-2633599d2f28,2026-09-01T15:55-16:00Z
919b942f-c15a-4844-b730-0ba3faa88427,CY-1300,9136f5b1-735c-47de-9fd8-00c325acfdbd,CY-1250,eb5a58bf-306e-4501-ad5e-2633599d2f28,2026-09-01T15:55-16:00Z
92006e29-d3cc-44dc-a774-ddbcb2470729,CY-1300,9136f5b1-735c-47de-9fd8-00c325acfdbd,CY-1250,eb5a58bf-306e-4501-ad5e-2633599d2f28,2026-09-01T15:55-16:00Z
925186f8-7884-46e8-bd2d-e95ae9e57a28,CY-1300,9136f5b1-735c-47de-9fd8-00c325acfdbd,CY-1250,eb5a58bf-306e-4501-ad5e-2633599d2f28,2026-09-01T15:55-16:00Z
92895a99-2188-4cc7-a494-daf7ab187d98,CY-1300,9136f5b1-735c-47de-9fd8-00c325acfdbd,CY-1250,eb5a58bf-306e-4501-ad5e-2633599d2f28,2026-09-01T15:55-16:00Z
929578a5-d7ec-4328-a2b3-d54f7122909e,CY-1300,9136f5b1-735c-47de-9fd8-00c325acfdbd,CY-1250,eb5a58bf-306e-4501-ad5e-2633599d2f28,2026-09-01T15:55-16:00Z
929e5eb7-6db7-4138-b24f-c3a3e4a7efb3,CY-1300,9136f5b1-735c-47de-9fd8-00c325acfdbd,CY-1250,eb5a58bf-306e-4501-ad5e-2633599d2f28,2026-09-01T15:55-16:00Z
92ce34de-de4c-4c23-ae62-fc215d0bdee3,CY-1300,9136f5b1-735c-47de-9fd8-00c325acfdbd,CY-1250,eb5a58bf-306e-4501-ad5e-2633599d2f28,2026-09-01T15:55-16:00Z
92dce606-31d5-4bfe-b34a-668d9213ce53,CY-1300,9136f5b1-735c-47de-9fd8-00c325acfdbd,CY-1250,eb5a58bf-306e-4501-ad5e-2633599d2f28,2026-09-01T15:55-16:00Z
9340d1b5-4ee2-459a-b266-163c5a05928b,CY-1300,9136f5b1-735c-47de-9fd8-00c325acfdbd,CY-1250,eb5a58bf-306e-4501-ad5e-2633599d2f28,2026-09-01T15:55-16:00Z
93e5e158-d7c0-4a53-8c52-889fe8abfea5,CY-1300,9136f5b1-735c-47de-9fd8-00c325acfdbd,CY-1250,eb5a58bf-306e-4501-ad5e-2633599d2f28,2026-09-01T15:55-16:00Z
93fa6dc8-c485-4a8d-b481-1c0ed7b0d27b,CY-1300,9136f5b1-735c-47de-9fd8-00c325acfdbd,CY-1250,eb5a58bf-306e-4501-ad5e-2633599d2f28,2026-09-01T15:55-16:00Z
9439dafb-f8b2-448f-b61c-19fecbb581ee,CY-1300,9136f5b1-735c-47de-9fd8-00c325acfdbd,CY-1250,eb5a58bf-306e-4501-ad5e-2633599d2f28,2026-09-01T15:55-16:00Z
9465f3ee-f8a1-46a6-bfcb-b91dac87db24,CY-1300,9136f5b1-735c-47de-9fd8-00c325acfdbd,CY-1250,eb5a58bf-306e-4501-ad5e-2633599d2f28,2026-09-01T15:55-16:00Z
95110ed1-7ebd-4d1c-9c2a-c7d93da6f839,CY-1300,9136f5b1-735c-47de-9fd8-00c325acfdbd,CY-1250,eb5a58bf-306e-4501-ad5e-2633599d2f28,2026-09-01T15:55-16:00Z
951b85b6-a8cb-4a34-b7c9-63dbe4187984,CY-1300,9136f5b1-735c-47de-9fd8-00c325acfdbd,CY-1250,eb5a58bf-306e-4501-ad5e-2633599d2f28,2026-09-01T15:55-16:00Z
9549ff42-c759-41a5-91f4-b670a66db09c,CY-1300,9136f5b1-735c-47de-9fd8-00c325acfdbd,CY-1250,eb5a58bf-306e-4501-ad5e-2633599d2f28,2026-09-01T15:55-16:00Z
9575c3c8-a47b-4a33-9153-85172ec90075,CY-1300,9136f5b1-735c-47de-9fd8-00c325acfdbd,CY-1250,eb5a58bf-306e-4501-ad5e-2633599d2f28,2026-09-01T15:55-16:00Z
95c3f154-d515-4143-bd3b-b5ea57f794d7,CY-1300,9136f5b1-735c-47de-9fd8-00c325acfdbd,CY-1250,eb5a58bf-306e-4501-ad5e-2633599d2f28,2026-09-01T15:55-16:00Z
95cc4a15-4021-4fc9-a092-ea098186f569,CY-1300,9136f5b1-735c-47de-9fd8-00c325acfdbd,CY-1250,eb5a58bf-306e-4501-ad5e-2633599d2f28,2026-09-01T15:55-16:00Z
95d990b4-8a30-4bde-b211-118f57ceb3e8,CY-1300,9136f5b1-735c-47de-9fd8-00c325acfdbd,CY-1250,eb5a58bf-306e-4501-ad5e-2633599d2f28,2026-09-01T15:55-16:00Z
9646f974-644c-49f3-95d9-585b2d302473,CY-1300,9136f5b1-735c-47de-9fd8-00c325acfdbd,CY-1250,eb5a58bf-306e-4501-ad5e-2633599d2f28,2026-09-01T15:55-16:00Z
964839e7-6d83-4125-9b73-f7ac60453cf9,CY-1300,9136f5b1-735c-47de-9fd8-00c325acfdbd,CY-1250,eb5a58bf-306e-4501-ad5e-2633599d2f28,2026-09-01T15:55-16:00Z
96515c23-3c05-4f9d-ab68-4cc5d51d1717,CY-1300,9136f5b1-735c-47de-9fd8-00c325acfdbd,CY-1250,eb5a58bf-306e-4501-ad5e-2633599d2f28,2026-09-01T15:55-16:00Z
96550b71-8479-4463-9e3b-443ee7f2266e,CY-1300,9136f5b1-735c-47de-9fd8-00c325acfdbd,CY-1250,eb5a58bf-306e-4501-ad5e-2633599d2f28,2026-09-01T15:55-16:00Z
96c87b6c-2ebd-4b3b-b726-faed2b0059bf,CY-1300,9136f5b1-735c-47de-9fd8-00c325acfdbd,CY-1250,eb5a58bf-306e-4501-ad5e-2633599d2f28,2026-09-01T15:55-16:00Z
96df96c3-3d72-46a4-a7f7-a2c1d584390a,CY-1300,9136f5b1-735c-47de-9fd8-00c325acfdbd,CY-1250,eb5a58bf-306e-4501-ad5e-2633599d2f28,2026-09-01T15:55-16:00Z
9739c66a-d1cf-4092-9f4b-5563d20f46a9,CY-1300,9136f5b1-735c-47de-9fd8-00c325acfdbd,CY-1250,eb5a58bf-306e-4501-ad5e-2633599d2f28,2026-09-01T15:55-16:00Z
97895f46-4e29-4148-b645-4ffcacf668f7,CY-1300,9136f5b1-735c-47de-9fd8-00c325acfdbd,CY-1250,eb5a58bf-306e-4501-ad5e-2633599d2f28,2026-09-01T15:55-16:00Z
979e67b5-043e-4782-9a55-493821e1e961,CY-1300,9136f5b1-735c-47de-9fd8-00c325acfdbd,CY-1250,eb5a58bf-306e-4501-ad5e-2633599d2f28,2026-09-01T15:55-16:00Z
97c864e3-8926-435d-a40a-024e8bab1290,CY-1300,9136f5b1-735c-47de-9fd8-00c325acfdbd,CY-1250,eb5a58bf-306e-4501-ad5e-2633599d2f28,2026-09-01T15:55-16:00Z
97d18325-7f59-4555-95a7-19f7aabae087,CY-1300,9136f5b1-735c-47de-9fd8-00c325acfdbd,CY-1250,eb5a58bf-306e-4501-ad5e-2633599d2f28,2026-09-01T15:55-16:00Z
97d98205-bd0d-4c67-b0ff-fa84272b2bf5,CY-1300,9136f5b1-735c-47de-9fd8-00c325acfdbd,CY-1250,eb5a58bf-306e-4501-ad5e-2633599d2f28,2026-09-01T15:55-16:00Z
98001cad-2a25-4e18-bcb4-c52afea2ea12,CY-1300,9136f5b1-735c-47de-9fd8-00c325acfdbd,CY-1250,eb5a58bf-306e-4501-ad5e-2633599d2f28,2026-09-01T15:55-16:00Z
981bc074-273a-4cc2-a91d-baa9d82adf15,CY-1300,9136f5b1-735c-47de-9fd8-00c325acfdbd,CY-1250,eb5a58bf-306e-4501-ad5e-2633599d2f28,2026-09-01T15:55-16:00Z
9822edd1-2e1b-4575-a047-64ec328c4d31,CY-1300,9136f5b1-735c-47de-9fd8-00c325acfdbd,CY-1250,eb5a58bf-306e-4501-ad5e-2633599d2f28,2026-09-01T15:55-16:00Z
989b4236-60a5-4a19-a1fe-9f4e32685aa6,CY-1300,9136f5b1-735c-47de-9fd8-00c325acfdbd,CY-1250,eb5a58bf-306e-4501-ad5e-2633599d2f28,2026-09-01T15:55-16:00Z
99256ab1-bade-4bc8-bba7-9c009d864880,CY-1300,9136f5b1-735c-47de-9fd8-00c325acfdbd,CY-1250,eb5a58bf-306e-4501-ad5e-2633599d2f28,2026-09-01T15:55-16:00Z
995cde2c-577a-4f1b-a7a3-dc7e5d1f19e1,CY-1300,9136f5b1-735c-47de-9fd8-00c325acfdbd,CY-1250,eb5a58bf-306e-4501-ad5e-2633599d2f28,2026-09-01T15:55-16:00Z
9962a8f5-454f-4c42-ab03-f1e6d4a60e0b,CY-1300,9136f5b1-735c-47de-9fd8-00c325acfdbd,CY-1250,eb5a58bf-306e-4501-ad5e-2633599d2f28,2026-09-01T15:55-16:00Z
9966c9b4-ce3a-4f98-81a0-e08de5278893,CY-1300,9136f5b1-735c-47de-9fd8-00c325acfdbd,CY-1250,eb5a58bf-306e-4501-ad5e-2633599d2f28,2026-09-01T15:55-16:00Z
9968efea-3b4c-4e7a-bd61-b9f2f03a12c9,CY-1300,9136f5b1-735c-47de-9fd8-00c325acfdbd,CY-1250,eb5a58bf-306e-4501-ad5e-2633599d2f28,2026-09-01T15:55-16:00Z
99741e5d-a20a-43fe-b7b2-9cf361c95c98,CY-1300,9136f5b1-735c-47de-9fd8-00c325acfdbd,CY-1250,eb5a58bf-306e-4501-ad5e-2633599d2f28,2026-09-01T15:55-16:00Z
99d72bcd-53c2-4e7b-8f4f-c6fa44b46736,CY-1300,9136f5b1-735c-47de-9fd8-00c325acfdbd,CY-1250,eb5a58bf-306e-4501-ad5e-2633599d2f28,2026-09-01T15:55-16:00Z
9a337895-3c4b-498f-b457-c5179e88fb95,CY-1300,9136f5b1-735c-47de-9fd8-00c325acfdbd,CY-1250,eb5a58bf-306e-4501-ad5e-2633599d2f28,2026-09-01T15:55-16:00Z
9a654de2-d063-41b0-9b8a-15258ea25bab,CY-1300,9136f5b1-735c-47de-9fd8-00c325acfdbd,CY-1250,eb5a58bf-306e-4501-ad5e-2633599d2f28,2026-09-01T15:55-16:00Z
9a86c56f-a306-4039-b953-947ddb4216fb,CY-1300,9136f5b1-735c-47de-9fd8-00c325acfdbd,CY-1250,eb5a58bf-306e-4501-ad5e-2633599d2f28,2026-09-01T15:55-16:00Z
9a975d61-1a1a-4313-a602-a6c4a88ec606,CY-1300,9136f5b1-735c-47de-9fd8-00c325acfdbd,CY-1250,eb5a58bf-306e-4501-ad5e-2633599d2f28,2026-09-01T15:55-16:00Z
9a9e6c0a-6000-42f5-b608-94f0b93490ce,CY-1300,9136f5b1-735c-47de-9fd8-00c325acfdbd,CY-1250,eb5a58bf-306e-4501-ad5e-2633599d2f28,2026-09-01T15:55-16:00Z
9ad47090-f7b7-4933-a6d8-681152e50467,CY-1300,9136f5b1-735c-47de-9fd8-00c325acfdbd,CY-1250,eb5a58bf-306e-4501-ad5e-2633599d2f28,2026-09-01T15:55-16:00Z
9aee3830-bdba-4ca0-bfb7-85233142a04f,CY-1300,9136f5b1-735c-47de-9fd8-00c325acfdbd,CY-1250,eb5a58bf-306e-4501-ad5e-2633599d2f28,2026-09-01T15:55-16:00Z
9b1181a3-ae7f-4024-b181-2f9f7ea82a42,CY-1300,9136f5b1-735c-47de-9fd8-00c325acfdbd,CY-1250,eb5a58bf-306e-4501-ad5e-2633599d2f28,2026-09-01T15:55-16:00Z
9b269939-d6c0-4ba0-881e-ad54dbdf7289,CY-1300,9136f5b1-735c-47de-9fd8-00c325acfdbd,CY-1250,eb5a58bf-306e-4501-ad5e-2633599d2f28,2026-09-01T15:55-16:00Z
9b7503e6-e876-41cc-b466-9ef45a166db0,CY-1300,9136f5b1-735c-47de-9fd8-00c325acfdbd,CY-1250,eb5a58bf-306e-4501-ad5e-2633599d2f28,2026-09-01T15:55-16:00Z
9b9adcbf-7dc6-426b-9142-ba839fa1be8e,CY-1300,9136f5b1-735c-47de-9fd8-00c325acfdbd,CY-1250,eb5a58bf-306e-4501-ad5e-2633599d2f28,2026-09-01T15:55-16:00Z
9bc5fedb-59bf-4085-857a-b0ab320a4686,CY-1300,9136f5b1-735c-47de-9fd8-00c325acfdbd,CY-1250,eb5a58bf-306e-4501-ad5e-2633599d2f28,2026-09-01T15:55-16:00Z
9beb8c92-47f9-434e-9edd-201e8229a334,CY-1300,9136f5b1-735c-47de-9fd8-00c325acfdbd,CY-1250,eb5a58bf-306e-4501-ad5e-2633599d2f28,2026-09-01T15:55-16:00Z
9c0a2867-71e9-4e1b-a480-4d714fec8304,CY-1300,9136f5b1-735c-47de-9fd8-00c325acfdbd,CY-1250,eb5a58bf-306e-4501-ad5e-2633599d2f28,2026-09-01T15:55-16:00Z
9cfeaa01-699c-4b62-8d17-7fb0045fd0b3,CY-1300,9136f5b1-735c-47de-9fd8-00c325acfdbd,CY-1250,eb5a58bf-306e-4501-ad5e-2633599d2f28,2026-09-01T15:55-16:00Z
9d409368-bbf6-45d1-828a-fcf56781e78d,CY-1300,9136f5b1-735c-47de-9fd8-00c325acfdbd,CY-1250,eb5a58bf-306e-4501-ad5e-2633599d2f28,2026-09-01T15:55-16:00Z
9d428fa6-d6c8-443e-9b25-b9c926c4e09f,CY-1300,9136f5b1-735c-47de-9fd8-00c325acfdbd,CY-1250,eb5a58bf-306e-4501-ad5e-2633599d2f28,2026-09-01T15:55-16:00Z
9dc3dbbb-cbb5-4f43-86d4-79a0232ca4e9,CY-1300,9136f5b1-735c-47de-9fd8-00c325acfdbd,CY-1250,eb5a58bf-306e-4501-ad5e-2633599d2f28,2026-09-01T15:55-16:00Z
9de8d482-1f1c-42cf-bcbf-a079dc299925,CY-1300,9136f5b1-735c-47de-9fd8-00c325acfdbd,CY-1250,eb5a58bf-306e-4501-ad5e-2633599d2f28,2026-09-01T15:55-16:00Z
9e7bf536-8c9e-4405-b20e-7ba2d9adcfe4,CY-1300,9136f5b1-735c-47de-9fd8-00c325acfdbd,CY-1250,eb5a58bf-306e-4501-ad5e-2633599d2f28,2026-09-01T15:55-16:00Z
9e7ef0e7-4da0-426d-a2b5-ff44d0f39d4d,CY-1300,9136f5b1-735c-47de-9fd8-00c325acfdbd,CY-1250,eb5a58bf-306e-4501-ad5e-2633599d2f28,2026-09-01T15:55-16:00Z
9e8a71ba-53fe-4a91-8b3a-6910703c20a7,CY-1300,9136f5b1-735c-47de-9fd8-00c325acfdbd,CY-1250,eb5a58bf-306e-4501-ad5e-2633599d2f28,2026-09-01T15:55-16:00Z
9eb39d93-b507-4cea-95d9-d18b4ddb149a,CY-1300,9136f5b1-735c-47de-9fd8-00c325acfdbd,CY-1250,eb5a58bf-306e-4501-ad5e-2633599d2f28,2026-09-01T15:55-16:00Z
9efa26b0-9c9c-48e0-abc8-2c09cc26a943,CY-1300,9136f5b1-735c-47de-9fd8-00c325acfdbd,CY-1250,eb5a58bf-306e-4501-ad5e-2633599d2f28,2026-09-01T15:55-16:00Z
9f126763-3738-440e-b928-34132a296530,CY-1300,9136f5b1-735c-47de-9fd8-00c325acfdbd,CY-1250,eb5a58bf-306e-4501-ad5e-2633599d2f28,2026-09-01T15:55-16:00Z
9f4c625b-c601-432d-97fb-368d06e4c38a,CY-1300,9136f5b1-735c-47de-9fd8-00c325acfdbd,CY-1250,eb5a58bf-306e-4501-ad5e-2633599d2f28,2026-09-01T15:55-16:00Z
9f652371-f840-40d8-a222-654e6a0c2b61,CY-1300,9136f5b1-735c-47de-9fd8-00c325acfdbd,CY-1250,eb5a58bf-306e-4501-ad5e-2633599d2f28,2026-09-01T15:55-16:00Z
9fa9f5c7-332f-4678-a77c-09680cf4f629,CY-1300,9136f5b1-735c-47de-9fd8-00c325acfdbd,CY-1250,eb5a58bf-306e-4501-ad5e-2633599d2f28,2026-09-01T15:55-16:00Z
9fc05d3d-7921-4578-a8e7-e9f37124199c,CY-1300,9136f5b1-735c-47de-9fd8-00c325acfdbd,CY-1250,eb5a58bf-306e-4501-ad5e-2633599d2f28,2026-09-01T15:55-16:00Z
9fcc9589-3890-46db-8677-17903912dd98,CY-1300,9136f5b1-735c-47de-9fd8-00c325acfdbd,CY-1250,eb5a58bf-306e-4501-ad5e-2633599d2f28,2026-09-01T15:55-16:00Z
a00d5335-349e-4e1d-a6ac-8c7925da0194,CY-1300,9136f5b1-735c-47de-9fd8-00c325acfdbd,CY-1250,eb5a58bf-306e-4501-ad5e-2633599d2f28,2026-09-01T15:55-16:00Z
a0289b3d-aa60-455b-97e2-a659b66f9338,CY-1300,9136f5b1-735c-47de-9fd8-00c325acfdbd,CY-1250,eb5a58bf-306e-4501-ad5e-2633599d2f28,2026-09-01T15:55-16:00Z
a0662fb3-0c5b-47cd-92cd-5af7a789b10f,CY-1300,9136f5b1-735c-47de-9fd8-00c325acfdbd,CY-1250,eb5a58bf-306e-4501-ad5e-2633599d2f28,2026-09-01T15:55-16:00Z
a0a3fb2d-24ab-4fc7-a1eb-773032944175,CY-1300,9136f5b1-735c-47de-9fd8-00c325acfdbd,CY-1250,eb5a58bf-306e-4501-ad5e-2633599d2f28,2026-09-01T15:55-16:00Z
a0b25998-03b2-48fd-8da9-b8ae6ac3ad3a,CY-1300,9136f5b1-735c-47de-9fd8-00c325acfdbd,CY-1250,eb5a58bf-306e-4501-ad5e-2633599d2f28,2026-09-01T15:55-16:00Z
a1001275-d073-4b05-aad0-369e4fb141a5,CY-1300,9136f5b1-735c-47de-9fd8-00c325acfdbd,CY-1250,eb5a58bf-306e-4501-ad5e-2633599d2f28,2026-09-01T15:55-16:00Z
a1529814-7380-44cd-8ddc-0062d5021f5d,CY-1300,9136f5b1-735c-47de-9fd8-00c325acfdbd,CY-1250,eb5a58bf-306e-4501-ad5e-2633599d2f28,2026-09-01T15:55-16:00Z
a1c3b8f8-dc44-47e3-b96e-e5fb0333fdd9,CY-1300,9136f5b1-735c-47de-9fd8-00c325acfdbd,CY-1250,eb5a58bf-306e-4501-ad5e-2633599d2f28,2026-09-01T15:55-16:00Z
a1cbd0f2-3119-463a-86d5-ec564cf6940c,CY-1300,9136f5b1-735c-47de-9fd8-00c325acfdbd,CY-1250,eb5a58bf-306e-4501-ad5e-2633599d2f28,2026-09-01T15:55-16:00Z
a1e320d4-899b-4cf1-a8dc-fdf93eb916e6,CY-1300,9136f5b1-735c-47de-9fd8-00c325acfdbd,CY-1250,eb5a58bf-306e-4501-ad5e-2633599d2f28,2026-09-01T15:55-16:00Z
a208af31-37b1-4f32-8567-07a0611ddb02,CY-1300,9136f5b1-735c-47de-9fd8-00c325acfdbd,CY-1250,eb5a58bf-306e-4501-ad5e-2633599d2f28,2026-09-01T15:55-16:00Z
a2aa07d6-6123-49a7-b692-b04b819cd9e1,CY-1300,9136f5b1-735c-47de-9fd8-00c325acfdbd,CY-1250,eb5a58bf-306e-4501-ad5e-2633599d2f28,2026-09-01T15:55-16:00Z
a2af949b-fd02-42f8-8b68-9565fc7db44b,CY-1300,9136f5b1-735c-47de-9fd8-00c325acfdbd,CY-1250,eb5a58bf-306e-4501-ad5e-2633599d2f28,2026-09-01T15:55-16:00Z
a2b97e6f-4c40-4bc6-aa1c-0da4a4d8b1c4,CY-1300,9136f5b1-735c-47de-9fd8-00c325acfdbd,CY-1250,eb5a58bf-306e-4501-ad5e-2633599d2f28,2026-09-01T15:55-16:00Z
a30118ee-e5b6-412c-9465-abd8aa86a25f,CY-1300,9136f5b1-735c-47de-9fd8-00c325acfdbd,CY-1250,eb5a58bf-306e-4501-ad5e-2633599d2f28,2026-09-01T15:55-16:00Z
a30cdd9f-cfb2-4723-811a-701a9c595640,CY-1300,9136f5b1-735c-47de-9fd8-00c325acfdbd,CY-1250,eb5a58bf-306e-4501-ad5e-2633599d2f28,2026-09-01T15:55-16:00Z
a336db50-3396-434b-906c-4fed1ccad8e8,CY-1300,9136f5b1-735c-47de-9fd8-00c325acfdbd,CY-1250,eb5a58bf-306e-4501-ad5e-2633599d2f28,2026-09-01T15:55-16:00Z
a33f8331-1019-46e7-b569-163867a298a8,CY-1300,9136f5b1-735c-47de-9fd8-00c325acfdbd,CY-1250,eb5a58bf-306e-4501-ad5e-2633599d2f28,2026-09-01T15:55-16:00Z
a36a8918-4e96-4fe0-bca9-50df0f77ab05,CY-1300,9136f5b1-735c-47de-9fd8-00c325acfdbd,CY-1250,eb5a58bf-306e-4501-ad5e-2633599d2f28,2026-09-01T15:55-16:00Z
a36c2a43-9046-428a-aa62-fbf0765f8a68,CY-1300,9136f5b1-735c-47de-9fd8-00c325acfdbd,CY-1250,eb5a58bf-306e-4501-ad5e-2633599d2f28,2026-09-01T15:55-16:00Z
a36dc1ed-6618-4037-9ce1-bb3aec6976b2,CY-1300,9136f5b1-735c-47de-9fd8-00c325acfdbd,CY-1250,eb5a58bf-306e-4501-ad5e-2633599d2f28,2026-09-01T15:55-16:00Z
a41a7585-a16b-44e3-8be6-5dc258456032,CY-1300,9136f5b1-735c-47de-9fd8-00c325acfdbd,CY-1250,eb5a58bf-306e-4501-ad5e-2633599d2f28,2026-09-01T15:55-16:00Z
a43b073f-aa2d-4b1c-8615-00837912b858,CY-1300,9136f5b1-735c-47de-9fd8-00c325acfdbd,CY-1250,eb5a58bf-306e-4501-ad5e-2633599d2f28,2026-09-01T15:55-16:00Z
a4919f9c-b94f-4b31-8fcf-0e0d2af2568c,CY-1300,9136f5b1-735c-47de-9fd8-00c325acfdbd,CY-1250,eb5a58bf-306e-4501-ad5e-2633599d2f28,2026-09-01T15:55-16:00Z
a495e068-ba9c-44a0-9039-64b75cec2373,CY-1300,9136f5b1-735c-47de-9fd8-00c325acfdbd,CY-1250,eb5a58bf-306e-4501-ad5e-2633599d2f28,2026-09-01T15:55-16:00Z
a4a9d5e8-57a7-4eb5-aaae-0739effb5449,CY-1300,9136f5b1-735c-47de-9fd8-00c325acfdbd,CY-1250,eb5a58bf-306e-4501-ad5e-2633599d2f28,2026-09-01T15:55-16:00Z
a4b91d57-bf55-4db4-974f-5f9b31a1dea5,CY-1300,9136f5b1-735c-47de-9fd8-00c325acfdbd,CY-1250,eb5a58bf-306e-4501-ad5e-2633599d2f28,2026-09-01T15:55-16:00Z
a53286ee-fa88-4fef-b8f7-9cd10ba595bd,CY-1300,9136f5b1-735c-47de-9fd8-00c325acfdbd,CY-1250,eb5a58bf-306e-4501-ad5e-2633599d2f28,2026-09-01T15:55-16:00Z
a57299e0-e51e-4cdf-a43f-bc60d1588c4c,CY-1300,9136f5b1-735c-47de-9fd8-00c325acfdbd,CY-1250,eb5a58bf-306e-4501-ad5e-2633599d2f28,2026-09-01T15:55-16:00Z
a5bcea6f-ccd9-4712-b399-45e5227654d8,CY-1300,9136f5b1-735c-47de-9fd8-00c325acfdbd,CY-1250,eb5a58bf-306e-4501-ad5e-2633599d2f28,2026-09-01T15:55-16:00Z
a6568cdb-7991-400f-86be-73416b417787,CY-1300,9136f5b1-735c-47de-9fd8-00c325acfdbd,CY-1250,eb5a58bf-306e-4501-ad5e-2633599d2f28,2026-09-01T15:55-16:00Z
a658f8ed-8154-4c35-a9d2-aa3f7d47c269,CY-1300,9136f5b1-735c-47de-9fd8-00c325acfdbd,CY-1250,eb5a58bf-306e-4501-ad5e-2633599d2f28,2026-09-01T15:55-16:00Z
a6bc2eb5-5311-44b3-8e74-14e1ea4d74c2,CY-1300,9136f5b1-735c-47de-9fd8-00c325acfdbd,CY-1250,eb5a58bf-306e-4501-ad5e-2633599d2f28,2026-09-01T15:55-16:00Z
a6c9f973-9e23-41d7-9af6-ebb7a1a8afab,CY-1300,9136f5b1-735c-47de-9fd8-00c325acfdbd,CY-1250,eb5a58bf-306e-4501-ad5e-2633599d2f28,2026-09-01T15:55-16:00Z
a6d172eb-b0ea-40f7-be52-c8aba0996150,CY-1300,9136f5b1-735c-47de-9fd8-00c325acfdbd,CY-1250,eb5a58bf-306e-4501-ad5e-2633599d2f28,2026-09-01T15:55-16:00Z
a6df353d-c397-45ed-b262-94a939c7aebd,CY-1300,9136f5b1-735c-47de-9fd8-00c325acfdbd,CY-1250,eb5a58bf-306e-4501-ad5e-2633599d2f28,2026-09-01T15:55-16:00Z
a7115cde-6c4e-463c-8c9f-ee535fb24fc8,CY-1300,9136f5b1-735c-47de-9fd8-00c325acfdbd,CY-1250,eb5a58bf-306e-4501-ad5e-2633599d2f28,2026-09-01T15:55-16:00Z
a716d6c1-22b8-4fef-b4fc-cb327a389129,CY-1300,9136f5b1-735c-47de-9fd8-00c325acfdbd,CY-1250,eb5a58bf-306e-4501-ad5e-2633599d2f28,2026-09-01T15:55-16:00Z
a71b0f15-2b91-478c-ba7a-4b982bc024cc,CY-1300,9136f5b1-735c-47de-9fd8-00c325acfdbd,CY-1250,eb5a58bf-306e-4501-ad5e-2633599d2f28,2026-09-01T15:55-16:00Z
a745034c-f884-4cae-8636-f1e1906bc3e4,CY-1300,9136f5b1-735c-47de-9fd8-00c325acfdbd,CY-1250,eb5a58bf-306e-4501-ad5e-2633599d2f28,2026-09-01T15:55-16:00Z
a7c60889-219e-45f7-a595-f0dacd23be88,CY-1300,9136f5b1-735c-47de-9fd8-00c325acfdbd,CY-1250,eb5a58bf-306e-4501-ad5e-2633599d2f28,2026-09-01T15:55-16:00Z
a7da829a-ac45-43ec-952a-149337b7b6de,CY-1300,9136f5b1-735c-47de-9fd8-00c325acfdbd,CY-1250,eb5a58bf-306e-4501-ad5e-2633599d2f28,2026-09-01T15:55-16:00Z
a7f9f9ed-5855-4b93-b0aa-366aa26290c1,CY-1300,9136f5b1-735c-47de-9fd8-00c325acfdbd,CY-1250,eb5a58bf-306e-4501-ad5e-2633599d2f28,2026-09-01T15:55-16:00Z
a815fcc9-6883-4edb-9559-18aa40bf4944,CY-1300,9136f5b1-735c-47de-9fd8-00c325acfdbd,CY-1250,eb5a58bf-306e-4501-ad5e-2633599d2f28,2026-09-01T15:55-16:00Z
a839112d-513a-44a4-a903-06758cf8eedf,CY-1300,9136f5b1-735c-47de-9fd8-00c325acfdbd,CY-1250,eb5a58bf-306e-4501-ad5e-2633599d2f28,2026-09-01T15:55-16:00Z
a886dad4-f614-4293-b381-3748293efa8e,CY-1300,9136f5b1-735c-47de-9fd8-00c325acfdbd,CY-1250,eb5a58bf-306e-4501-ad5e-2633599d2f28,2026-09-01T15:55-16:00Z
a88d1d1a-964e-4f46-a312-3d67f7aa2d51,CY-1300,9136f5b1-735c-47de-9fd8-00c325acfdbd,CY-1250,eb5a58bf-306e-4501-ad5e-2633599d2f28,2026-09-01T15:55-16:00Z
a9252ac9-5776-4834-95ea-5e273e251e67,CY-1300,9136f5b1-735c-47de-9fd8-00c325acfdbd,CY-1250,eb5a58bf-306e-4501-ad5e-2633599d2f28,2026-09-01T15:55-16:00Z
a99715ef-e28c-453e-98f4-8187d2fa5552,CY-1300,9136f5b1-735c-47de-9fd8-00c325acfdbd,CY-1250,eb5a58bf-306e-4501-ad5e-2633599d2f28,2026-09-01T15:55-16:00Z
a9c77f66-3524-4c05-abf4-5b71cd91115e,CY-1300,9136f5b1-735c-47de-9fd8-00c325acfdbd,CY-1250,eb5a58bf-306e-4501-ad5e-2633599d2f28,2026-09-01T15:55-16:00Z
a9d55fe7-e05f-4e62-9be8-e95230419e2d,CY-1300,9136f5b1-735c-47de-9fd8-00c325acfdbd,CY-1250,eb5a58bf-306e-4501-ad5e-2633599d2f28,2026-09-01T15:55-16:00Z
a9f911ae-cdd4-4ddf-94ca-f265317aec34,CY-1300,9136f5b1-735c-47de-9fd8-00c325acfdbd,CY-1250,eb5a58bf-306e-4501-ad5e-2633599d2f28,2026-09-01T15:55-16:00Z
aa1dd3d3-294e-426e-b0f6-3d76fbcae5f0,CY-1300,9136f5b1-735c-47de-9fd8-00c325acfdbd,CY-1250,eb5a58bf-306e-4501-ad5e-2633599d2f28,2026-09-01T15:55-16:00Z
aa364f4b-949a-4b3b-a3c4-7d461f59d467,CY-1300,9136f5b1-735c-47de-9fd8-00c325acfdbd,CY-1250,eb5a58bf-306e-4501-ad5e-2633599d2f28,2026-09-01T15:55-16:00Z
aa3767b6-b948-43f7-b18c-60745ad78c76,CY-1300,9136f5b1-735c-47de-9fd8-00c325acfdbd,CY-1250,eb5a58bf-306e-4501-ad5e-2633599d2f28,2026-09-01T15:55-16:00Z
aa486ffb-e79e-420f-a55a-17047f9f4a4a,CY-1300,9136f5b1-735c-47de-9fd8-00c325acfdbd,CY-1250,eb5a58bf-306e-4501-ad5e-2633599d2f28,2026-09-01T15:55-16:00Z
aa593868-4e4c-4737-8aa4-905edbf8bf4d,CY-1300,9136f5b1-735c-47de-9fd8-00c325acfdbd,CY-1250,eb5a58bf-306e-4501-ad5e-2633599d2f28,2026-09-01T15:55-16:00Z
aa709160-e9f5-44fc-a998-f4dbfb2870b4,CY-1300,9136f5b1-735c-47de-9fd8-00c325acfdbd,CY-1250,eb5a58bf-306e-4501-ad5e-2633599d2f28,2026-09-01T15:55-16:00Z
aa803018-506c-4ccf-bf64-c256a958a2cd,CY-1300,9136f5b1-735c-47de-9fd8-00c325acfdbd,CY-1250,eb5a58bf-306e-4501-ad5e-2633599d2f28,2026-09-01T15:55-16:00Z
aaa7ceb5-9d73-4a18-a6e2-7b143c9d0c20,CY-1300,9136f5b1-735c-47de-9fd8-00c325acfdbd,CY-1250,eb5a58bf-306e-4501-ad5e-2633599d2f28,2026-09-01T15:55-16:00Z
aad5ddf2-15e8-49cd-ab50-e9aaac8bf53d,CY-1300,9136f5b1-735c-47de-9fd8-00c325acfdbd,CY-1250,eb5a58bf-306e-4501-ad5e-2633599d2f28,2026-09-01T15:55-16:00Z
ab59f243-4845-4587-916d-38674869dc54,CY-1300,9136f5b1-735c-47de-9fd8-00c325acfdbd,CY-1250,eb5a58bf-306e-4501-ad5e-2633599d2f28,2026-09-01T15:55-16:00Z
aba71c9f-a807-47d1-95b2-9f559b3676a7,CY-1300,9136f5b1-735c-47de-9fd8-00c325acfdbd,CY-1250,eb5a58bf-306e-4501-ad5e-2633599d2f28,2026-09-01T15:55-16:00Z
abf4b402-b36d-4637-a26d-c66729349775,CY-1300,9136f5b1-735c-47de-9fd8-00c325acfdbd,CY-1250,eb5a58bf-306e-4501-ad5e-2633599d2f28,2026-09-01T15:55-16:00Z
abfcf12c-237a-443b-8561-6ad37cc913d9,CY-1300,9136f5b1-735c-47de-9fd8-00c325acfdbd,CY-1250,eb5a58bf-306e-4501-ad5e-2633599d2f28,2026-09-01T15:55-16:00Z
ac01423a-8f0c-4233-ae80-11305c64cd35,CY-1300,9136f5b1-735c-47de-9fd8-00c325acfdbd,CY-1250,eb5a58bf-306e-4501-ad5e-2633599d2f28,2026-09-01T15:55-16:00Z
ac302cdb-6618-4d6a-9ba4-1418eeec30e3,CY-1300,9136f5b1-735c-47de-9fd8-00c325acfdbd,CY-1250,eb5a58bf-306e-4501-ad5e-2633599d2f28,2026-09-01T15:55-16:00Z
acf6acdf-5903-427a-a750-2a0bea89336e,CY-1300,9136f5b1-735c-47de-9fd8-00c325acfdbd,CY-1250,eb5a58bf-306e-4501-ad5e-2633599d2f28,2026-09-01T15:55-16:00Z
ad4e991a-10ba-4589-b382-c8d404bc78f0,CY-1300,9136f5b1-735c-47de-9fd8-00c325acfdbd,CY-1250,eb5a58bf-306e-4501-ad5e-2633599d2f28,2026-09-01T15:55-16:00Z
adcf64a4-045c-470f-b104-95c58e4fbc21,CY-1300,9136f5b1-735c-47de-9fd8-00c325acfdbd,CY-1250,eb5a58bf-306e-4501-ad5e-2633599d2f28,2026-09-01T15:55-16:00Z
ae03cb6f-2f7c-4775-b6f0-28a586564f75,CY-1300,9136f5b1-735c-47de-9fd8-00c325acfdbd,CY-1250,eb5a58bf-306e-4501-ad5e-2633599d2f28,2026-09-01T15:55-16:00Z
ae16748d-6e69-4ffd-bcc3-29169c5aad3b,CY-1300,9136f5b1-735c-47de-9fd8-00c325acfdbd,CY-1250,eb5a58bf-306e-4501-ad5e-2633599d2f28,2026-09-01T15:55-16:00Z
ae5f70c9-014f-4141-9798-ded56c86050e,CY-1300,9136f5b1-735c-47de-9fd8-00c325acfdbd,CY-1250,eb5a58bf-306e-4501-ad5e-2633599d2f28,2026-09-01T15:55-16:00Z
ae735f36-3186-4aa5-ac1a-d54441459b9b,CY-1300,9136f5b1-735c-47de-9fd8-00c325acfdbd,CY-1250,eb5a58bf-306e-4501-ad5e-2633599d2f28,2026-09-01T15:55-16:00Z
af1ec577-7fa6-4bc5-a307-23a57b4a3a43,CY-1300,9136f5b1-735c-47de-9fd8-00c325acfdbd,CY-1250,eb5a58bf-306e-4501-ad5e-2633599d2f28,2026-09-01T15:55-16:00Z
af21dc95-9682-4a69-a33a-90d8915d4500,CY-1300,9136f5b1-735c-47de-9fd8-00c325acfdbd,CY-1250,eb5a58bf-306e-4501-ad5e-2633599d2f28,2026-09-01T15:55-16:00Z
af3d7359-2b58-4b32-af9a-29ff74a57826,CY-1300,9136f5b1-735c-47de-9fd8-00c325acfdbd,CY-1250,eb5a58bf-306e-4501-ad5e-2633599d2f28,2026-09-01T15:55-16:00Z
af5632d7-4b52-4b0c-9b2d-57d610ebf26b,CY-1300,9136f5b1-735c-47de-9fd8-00c325acfdbd,CY-1250,eb5a58bf-306e-4501-ad5e-2633599d2f28,2026-09-01T15:55-16:00Z
af5643f2-e39f-42c9-837f-638ef0690cb7,CY-1300,9136f5b1-735c-47de-9fd8-00c325acfdbd,CY-1250,eb5a58bf-306e-4501-ad5e-2633599d2f28,2026-09-01T15:55-16:00Z
af9dbe16-4a93-47d2-90ba-2ad55a9aa9a9,CY-1300,9136f5b1-735c-47de-9fd8-00c325acfdbd,CY-1250,eb5a58bf-306e-4501-ad5e-2633599d2f28,2026-09-01T15:55-16:00Z
afc41f28-73e1-4d27-8b90-bfa0da59acb2,CY-1300,9136f5b1-735c-47de-9fd8-00c325acfdbd,CY-1250,eb5a58bf-306e-4501-ad5e-2633599d2f28,2026-09-01T15:55-16:00Z
b0e19123-4722-420b-9b1a-a1efad5a7444,CY-1300,9136f5b1-735c-47de-9fd8-00c325acfdbd,CY-1250,eb5a58bf-306e-4501-ad5e-2633599d2f28,2026-09-01T15:55-16:00Z
b148013a-f5c8-46eb-967d-addff489c51e,CY-1300,9136f5b1-735c-47de-9fd8-00c325acfdbd,CY-1250,eb5a58bf-306e-4501-ad5e-2633599d2f28,2026-09-01T15:55-16:00Z
b1839a35-6920-4892-b76b-9c2860c72e75,CY-1300,9136f5b1-735c-47de-9fd8-00c325acfdbd,CY-1250,eb5a58bf-306e-4501-ad5e-2633599d2f28,2026-09-01T15:55-16:00Z
b1a4283f-4b84-403f-ad64-303924f342c5,CY-1300,9136f5b1-735c-47de-9fd8-00c325acfdbd,CY-1250,eb5a58bf-306e-4501-ad5e-2633599d2f28,2026-09-01T15:55-16:00Z
b237be38-4c6e-4015-9ca6-4dc045ba3448,CY-1300,9136f5b1-735c-47de-9fd8-00c325acfdbd,CY-1250,eb5a58bf-306e-4501-ad5e-2633599d2f28,2026-09-01T15:55-16:00Z
b242ca7c-4c0a-469c-973f-6087b2a40090,CY-1300,9136f5b1-735c-47de-9fd8-00c325acfdbd,CY-1250,eb5a58bf-306e-4501-ad5e-2633599d2f28,2026-09-01T15:55-16:00Z
b2ae815e-9508-47e0-b705-23517a5e7ce6,CY-1300,9136f5b1-735c-47de-9fd8-00c325acfdbd,CY-1250,eb5a58bf-306e-4501-ad5e-2633599d2f28,2026-09-01T15:55-16:00Z
b2b9f702-5ca2-42aa-97e4-e57f1422746c,CY-1300,9136f5b1-735c-47de-9fd8-00c325acfdbd,CY-1250,eb5a58bf-306e-4501-ad5e-2633599d2f28,2026-09-01T15:55-16:00Z
b2c73bc5-1e6e-466a-bc84-8cc78f5e9ea3,CY-1300,9136f5b1-735c-47de-9fd8-00c325acfdbd,CY-1250,eb5a58bf-306e-4501-ad5e-2633599d2f28,2026-09-01T15:55-16:00Z
b2cc2063-958c-4b75-80dc-39c306314bfd,CY-1300,9136f5b1-735c-47de-9fd8-00c325acfdbd,CY-1250,eb5a58bf-306e-4501-ad5e-2633599d2f28,2026-09-01T15:55-16:00Z
b31c55d2-3f7a-488f-b9d7-40c9469e34ae,CY-1300,9136f5b1-735c-47de-9fd8-00c325acfdbd,CY-1250,eb5a58bf-306e-4501-ad5e-2633599d2f28,2026-09-01T15:55-16:00Z
b35fb6ba-e2cc-4949-9542-0d186d86dc8c,CY-1300,9136f5b1-735c-47de-9fd8-00c325acfdbd,CY-1250,eb5a58bf-306e-4501-ad5e-2633599d2f28,2026-09-01T15:55-16:00Z
b3d529a7-10be-4622-9aae-1b3e421881bf,CY-1300,9136f5b1-735c-47de-9fd8-00c325acfdbd,CY-1250,eb5a58bf-306e-4501-ad5e-2633599d2f28,2026-09-01T15:55-16:00Z
b3d69e04-b849-417b-98df-4d68e0a71f81,CY-1300,9136f5b1-735c-47de-9fd8-00c325acfdbd,CY-1250,eb5a58bf-306e-4501-ad5e-2633599d2f28,2026-09-01T15:55-16:00Z
b4010290-2879-489c-9720-1ba23bfad205,CY-1300,9136f5b1-735c-47de-9fd8-00c325acfdbd,CY-1250,eb5a58bf-306e-4501-ad5e-2633599d2f28,2026-09-01T15:55-16:00Z
b48cbd00-5f43-4e26-a342-dfe57d7f2b88,CY-1300,9136f5b1-735c-47de-9fd8-00c325acfdbd,CY-1250,eb5a58bf-306e-4501-ad5e-2633599d2f28,2026-09-01T15:55-16:00Z
b4af80f2-6e12-47de-bb34-0d2e694b1b57,CY-1300,9136f5b1-735c-47de-9fd8-00c325acfdbd,CY-1250,eb5a58bf-306e-4501-ad5e-2633599d2f28,2026-09-01T15:55-16:00Z
b4c8c7d6-91ff-4689-a366-9b69ec30353f,CY-1300,9136f5b1-735c-47de-9fd8-00c325acfdbd,CY-1250,eb5a58bf-306e-4501-ad5e-2633599d2f28,2026-09-01T15:55-16:00Z
b50a83d5-d394-452c-a0cd-609d468add7c,CY-1300,9136f5b1-735c-47de-9fd8-00c325acfdbd,CY-1250,eb5a58bf-306e-4501-ad5e-2633599d2f28,2026-09-01T15:55-16:00Z
b514c58f-f3e1-4f12-989e-8a4c907eebd3,CY-1300,9136f5b1-735c-47de-9fd8-00c325acfdbd,CY-1250,eb5a58bf-306e-4501-ad5e-2633599d2f28,2026-09-01T15:55-16:00Z
b5236e8c-fcc9-4a55-9dd0-00f6d3b44432,CY-1300,9136f5b1-735c-47de-9fd8-00c325acfdbd,CY-1250,eb5a58bf-306e-4501-ad5e-2633599d2f28,2026-09-01T15:55-16:00Z
b57775a8-1844-46e6-a746-3ceb3333d495,CY-1300,9136f5b1-735c-47de-9fd8-00c325acfdbd,CY-1250,eb5a58bf-306e-4501-ad5e-2633599d2f28,2026-09-01T15:55-16:00Z
b5caa05d-0a21-4368-bcf6-879dddb5b544,CY-1300,9136f5b1-735c-47de-9fd8-00c325acfdbd,CY-1250,eb5a58bf-306e-4501-ad5e-2633599d2f28,2026-09-01T15:55-16:00Z
b5fa985d-01c0-481e-a125-f06678f4e6e7,CY-1300,9136f5b1-735c-47de-9fd8-00c325acfdbd,CY-1250,eb5a58bf-306e-4501-ad5e-2633599d2f28,2026-09-01T15:55-16:00Z
b613b770-56e7-4d60-aedc-504b09635818,CY-1300,9136f5b1-735c-47de-9fd8-00c325acfdbd,CY-1250,eb5a58bf-306e-4501-ad5e-2633599d2f28,2026-09-01T15:55-16:00Z
b61ad9c1-d576-4816-85f0-25abe802783e,CY-1300,9136f5b1-735c-47de-9fd8-00c325acfdbd,CY-1250,eb5a58bf-306e-4501-ad5e-2633599d2f28,2026-09-01T15:55-16:00Z
b61bd975-6590-4775-9ef3-30ec8048bbd9,CY-1300,9136f5b1-735c-47de-9fd8-00c325acfdbd,CY-1250,eb5a58bf-306e-4501-ad5e-2633599d2f28,2026-09-01T15:55-16:00Z
b6576462-faea-45ae-8ff1-9bc5d6bda073,CY-1300,9136f5b1-735c-47de-9fd8-00c325acfdbd,CY-1250,eb5a58bf-306e-4501-ad5e-2633599d2f28,2026-09-01T15:55-16:00Z
b681e936-469f-4816-aed7-ad4d2593d47f,CY-1300,9136f5b1-735c-47de-9fd8-00c325acfdbd,CY-1250,eb5a58bf-306e-4501-ad5e-2633599d2f28,2026-09-01T15:55-16:00Z
b6856def-bd6e-4dee-872a-ceba2dc717cd,CY-1300,9136f5b1-735c-47de-9fd8-00c325acfdbd,CY-1250,eb5a58bf-306e-4501-ad5e-2633599d2f28,2026-09-01T15:55-16:00Z
b6d8e9c6-4221-48b8-99a4-19fcdaac6017,CY-1300,9136f5b1-735c-47de-9fd8-00c325acfdbd,CY-1250,eb5a58bf-306e-4501-ad5e-2633599d2f28,2026-09-01T15:55-16:00Z
b71a792a-d566-484c-b2c0-c4ed4c2b01a2,CY-1300,9136f5b1-735c-47de-9fd8-00c325acfdbd,CY-1250,eb5a58bf-306e-4501-ad5e-2633599d2f28,2026-09-01T15:55-16:00Z
b736f187-8f6d-4462-a4da-0d4ee949b28d,CY-1300,9136f5b1-735c-47de-9fd8-00c325acfdbd,CY-1250,eb5a58bf-306e-4501-ad5e-2633599d2f28,2026-09-01T15:55-16:00Z
b76a1fca-dcdb-4c9f-84c6-f53e7ad3c82e,CY-1300,9136f5b1-735c-47de-9fd8-00c325acfdbd,CY-1250,eb5a58bf-306e-4501-ad5e-2633599d2f28,2026-09-01T15:55-16:00Z
b77817a7-b6ba-4f66-8ad3-f79360acee63,CY-1300,9136f5b1-735c-47de-9fd8-00c325acfdbd,CY-1250,eb5a58bf-306e-4501-ad5e-2633599d2f28,2026-09-01T15:55-16:00Z
b78256c1-8040-4a76-92f0-9401fe5917b9,CY-1300,9136f5b1-735c-47de-9fd8-00c325acfdbd,CY-1250,eb5a58bf-306e-4501-ad5e-2633599d2f28,2026-09-01T15:55-16:00Z
b79ea65f-a3ce-4701-a58d-1b838fef56e9,CY-1300,9136f5b1-735c-47de-9fd8-00c325acfdbd,CY-1250,eb5a58bf-306e-4501-ad5e-2633599d2f28,2026-09-01T15:55-16:00Z
b7adea4e-8c4b-4404-bc1c-ba55f06753f8,CY-1300,9136f5b1-735c-47de-9fd8-00c325acfdbd,CY-1250,eb5a58bf-306e-4501-ad5e-2633599d2f28,2026-09-01T15:55-16:00Z
b7b80fe9-bf8e-46f7-9063-8b5054e0b655,CY-1300,9136f5b1-735c-47de-9fd8-00c325acfdbd,CY-1250,eb5a58bf-306e-4501-ad5e-2633599d2f28,2026-09-01T15:55-16:00Z
b7c1b0ac-64a4-4c6d-b50f-ad595d1e2aac,CY-1300,9136f5b1-735c-47de-9fd8-00c325acfdbd,CY-1250,eb5a58bf-306e-4501-ad5e-2633599d2f28,2026-09-01T15:55-16:00Z
b7e84732-1fae-4745-9ca6-d996fa9494b8,CY-1300,9136f5b1-735c-47de-9fd8-00c325acfdbd,CY-1250,eb5a58bf-306e-4501-ad5e-2633599d2f28,2026-09-01T15:55-16:00Z
b86bc903-e09d-475f-a85c-fe3ae8b2c443,CY-1300,9136f5b1-735c-47de-9fd8-00c325acfdbd,CY-1250,eb5a58bf-306e-4501-ad5e-2633599d2f28,2026-09-01T15:55-16:00Z
b8c8e58d-5e18-49c0-83bd-5deae8d3aef7,CY-1300,9136f5b1-735c-47de-9fd8-00c325acfdbd,CY-1250,eb5a58bf-306e-4501-ad5e-2633599d2f28,2026-09-01T15:55-16:00Z
b8dc301c-e81f-47a3-ae90-5dd6398364bd,CY-1300,9136f5b1-735c-47de-9fd8-00c325acfdbd,CY-1250,eb5a58bf-306e-4501-ad5e-2633599d2f28,2026-09-01T15:55-16:00Z
b9014ce1-4b92-4458-ba92-bc5dcf5f2d99,CY-1300,9136f5b1-735c-47de-9fd8-00c325acfdbd,CY-1250,eb5a58bf-306e-4501-ad5e-2633599d2f28,2026-09-01T15:55-16:00Z
b98ca736-6bbb-48a3-842f-42c844e16f6a,CY-1300,9136f5b1-735c-47de-9fd8-00c325acfdbd,CY-1250,eb5a58bf-306e-4501-ad5e-2633599d2f28,2026-09-01T15:55-16:00Z
b9c3554a-3923-484b-8fe3-bdd8e636dce1,CY-1300,9136f5b1-735c-47de-9fd8-00c325acfdbd,CY-1250,eb5a58bf-306e-4501-ad5e-2633599d2f28,2026-09-01T15:55-16:00Z
b9d7a75f-1087-4645-87a7-8c6f82d62614,CY-1300,9136f5b1-735c-47de-9fd8-00c325acfdbd,CY-1250,eb5a58bf-306e-4501-ad5e-2633599d2f28,2026-09-01T15:55-16:00Z
ba0853c4-5e70-47cd-aa4f-4ac399ea5a07,CY-1300,9136f5b1-735c-47de-9fd8-00c325acfdbd,CY-1250,eb5a58bf-306e-4501-ad5e-2633599d2f28,2026-09-01T15:55-16:00Z
ba2cd91b-956c-4edb-b29d-321c89c676af,CY-1300,9136f5b1-735c-47de-9fd8-00c325acfdbd,CY-1250,eb5a58bf-306e-4501-ad5e-2633599d2f28,2026-09-01T15:55-16:00Z
ba45ef89-74ae-4edc-bc18-91544296eb3c,CY-1300,9136f5b1-735c-47de-9fd8-00c325acfdbd,CY-1250,eb5a58bf-306e-4501-ad5e-2633599d2f28,2026-09-01T15:55-16:00Z
ba4a4ac5-fcbd-46aa-b4e5-580ae54ef0f7,CY-1300,9136f5b1-735c-47de-9fd8-00c325acfdbd,CY-1250,eb5a58bf-306e-4501-ad5e-2633599d2f28,2026-09-01T15:55-16:00Z
ba9b862f-43d0-4786-ae1f-e038615658d3,CY-1300,9136f5b1-735c-47de-9fd8-00c325acfdbd,CY-1250,eb5a58bf-306e-4501-ad5e-2633599d2f28,2026-09-01T15:55-16:00Z
baa48093-86b4-4ec7-8af3-1ae220b9c801,CY-1300,9136f5b1-735c-47de-9fd8-00c325acfdbd,CY-1250,eb5a58bf-306e-4501-ad5e-2633599d2f28,2026-09-01T15:55-16:00Z
bad34b2e-7d92-4098-b553-92e89539abe0,CY-1300,9136f5b1-735c-47de-9fd8-00c325acfdbd,CY-1250,eb5a58bf-306e-4501-ad5e-2633599d2f28,2026-09-01T15:55-16:00Z
bae8c021-25f8-4cd0-8c16-2c24b9b2280d,CY-1300,9136f5b1-735c-47de-9fd8-00c325acfdbd,CY-1250,eb5a58bf-306e-4501-ad5e-2633599d2f28,2026-09-01T15:55-16:00Z
baec9e58-71d8-4a95-acb2-c0240c132f99,CY-1300,9136f5b1-735c-47de-9fd8-00c325acfdbd,CY-1250,eb5a58bf-306e-4501-ad5e-2633599d2f28,2026-09-01T15:55-16:00Z
bb116509-a618-40ad-9e32-1bb43d536e72,CY-1300,9136f5b1-735c-47de-9fd8-00c325acfdbd,CY-1250,eb5a58bf-306e-4501-ad5e-2633599d2f28,2026-09-01T15:55-16:00Z
bb7087c1-bc3a-483c-a5dc-7703c6d2de61,CY-1300,9136f5b1-735c-47de-9fd8-00c325acfdbd,CY-1250,eb5a58bf-306e-4501-ad5e-2633599d2f28,2026-09-01T15:55-16:00Z
bba7ab13-90ec-467b-95b7-0e64821fee87,CY-1300,9136f5b1-735c-47de-9fd8-00c325acfdbd,CY-1250,eb5a58bf-306e-4501-ad5e-2633599d2f28,2026-09-01T15:55-16:00Z
bbadb416-a6c0-484a-ab7b-110f3a5edf62,CY-1300,9136f5b1-735c-47de-9fd8-00c325acfdbd,CY-1250,eb5a58bf-306e-4501-ad5e-2633599d2f28,2026-09-01T15:55-16:00Z
bbcf43f9-9c8f-49e5-a6f3-837b49268ca9,CY-1300,9136f5b1-735c-47de-9fd8-00c325acfdbd,CY-1250,eb5a58bf-306e-4501-ad5e-2633599d2f28,2026-09-01T15:55-16:00Z
bbedea0d-de6f-4600-8e84-97bc38ab6dfc,CY-1300,9136f5b1-735c-47de-9fd8-00c325acfdbd,CY-1250,eb5a58bf-306e-4501-ad5e-2633599d2f28,2026-09-01T15:55-16:00Z
bc040e0b-d54c-4376-a4ff-f59ff4136fc8,CY-1300,9136f5b1-735c-47de-9fd8-00c325acfdbd,CY-1250,eb5a58bf-306e-4501-ad5e-2633599d2f28,2026-09-01T15:55-16:00Z
bc13979f-f23c-478f-a24e-813c2297659a,CY-1300,9136f5b1-735c-47de-9fd8-00c325acfdbd,CY-1250,eb5a58bf-306e-4501-ad5e-2633599d2f28,2026-09-01T15:55-16:00Z
bc192896-b2aa-46e7-b951-117cb25d79ed,CY-1300,9136f5b1-735c-47de-9fd8-00c325acfdbd,CY-1250,eb5a58bf-306e-4501-ad5e-2633599d2f28,2026-09-01T15:55-16:00Z
bc511731-6af1-4f0c-adb5-cddc7b10d4cd,CY-1300,9136f5b1-735c-47de-9fd8-00c325acfdbd,CY-1250,eb5a58bf-306e-4501-ad5e-2633599d2f28,2026-09-01T15:55-16:00Z
bc5bf139-7191-481e-8048-7d73341becff,CY-1300,9136f5b1-735c-47de-9fd8-00c325acfdbd,CY-1250,eb5a58bf-306e-4501-ad5e-2633599d2f28,2026-09-01T15:55-16:00Z
bcaa5c01-207b-4694-8e62-a11e790ac453,CY-1300,9136f5b1-735c-47de-9fd8-00c325acfdbd,CY-1250,eb5a58bf-306e-4501-ad5e-2633599d2f28,2026-09-01T15:55-16:00Z
bcdd6ee4-217e-45b4-ba13-5d2bf33496a3,CY-1300,9136f5b1-735c-47de-9fd8-00c325acfdbd,CY-1250,eb5a58bf-306e-4501-ad5e-2633599d2f28,2026-09-01T15:55-16:00Z
bd0c62b2-02e2-4ed0-a4bd-2bd71912a342,CY-1300,9136f5b1-735c-47de-9fd8-00c325acfdbd,CY-1250,eb5a58bf-306e-4501-ad5e-2633599d2f28,2026-09-01T15:55-16:00Z
bd5cfdb4-ad45-4a17-9afc-658076a44ca1,CY-1300,9136f5b1-735c-47de-9fd8-00c325acfdbd,CY-1250,eb5a58bf-306e-4501-ad5e-2633599d2f28,2026-09-01T15:55-16:00Z
bd91830d-5fb9-441d-ac62-a1e9e0a717c1,CY-1300,9136f5b1-735c-47de-9fd8-00c325acfdbd,CY-1250,eb5a58bf-306e-4501-ad5e-2633599d2f28,2026-09-01T15:55-16:00Z
bd988499-dd0a-4628-9aba-72e239ee5555,CY-1300,9136f5b1-735c-47de-9fd8-00c325acfdbd,CY-1250,eb5a58bf-306e-4501-ad5e-2633599d2f28,2026-09-01T15:55-16:00Z
bd9ccadd-8e2a-4f32-ac74-a081ba159af9,CY-1300,9136f5b1-735c-47de-9fd8-00c325acfdbd,CY-1250,eb5a58bf-306e-4501-ad5e-2633599d2f28,2026-09-01T15:55-16:00Z
bdbe6129-3944-43d4-ab49-b8001bf58b7f,CY-1300,9136f5b1-735c-47de-9fd8-00c325acfdbd,CY-1250,eb5a58bf-306e-4501-ad5e-2633599d2f28,2026-09-01T15:55-16:00Z
bdc384fd-bbd9-4256-b9ea-98b81ec646e7,CY-1300,9136f5b1-735c-47de-9fd8-00c325acfdbd,CY-1250,eb5a58bf-306e-4501-ad5e-2633599d2f28,2026-09-01T15:55-16:00Z
bdd5168d-1939-486a-95f8-73bee7b030b4,CY-1300,9136f5b1-735c-47de-9fd8-00c325acfdbd,CY-1250,eb5a58bf-306e-4501-ad5e-2633599d2f28,2026-09-01T15:55-16:00Z
bdd993d5-f7c7-4ec3-bcf8-0b2ac88af4ed,CY-1300,9136f5b1-735c-47de-9fd8-00c325acfdbd,CY-1250,eb5a58bf-306e-4501-ad5e-2633599d2f28,2026-09-01T15:55-16:00Z
bdf0c95f-f474-4d7c-bff4-375dda5de986,CY-1300,9136f5b1-735c-47de-9fd8-00c325acfdbd,CY-1250,eb5a58bf-306e-4501-ad5e-2633599d2f28,2026-09-01T15:55-16:00Z
be99ca78-ba42-4088-a353-220c4ddcf1c4,CY-1300,9136f5b1-735c-47de-9fd8-00c325acfdbd,CY-1250,eb5a58bf-306e-4501-ad5e-2633599d2f28,2026-09-01T15:55-16:00Z
bf0f56f0-5cbd-48ff-96e5-c25276124c85,CY-1300,9136f5b1-735c-47de-9fd8-00c325acfdbd,CY-1250,eb5a58bf-306e-4501-ad5e-2633599d2f28,2026-09-01T15:55-16:00Z
bf1ff871-af71-4260-bf32-9e11ca7e2dee,CY-1300,9136f5b1-735c-47de-9fd8-00c325acfdbd,CY-1250,eb5a58bf-306e-4501-ad5e-2633599d2f28,2026-09-01T15:55-16:00Z
bf311946-2733-4dd2-b0da-35b4820b17a4,CY-1300,9136f5b1-735c-47de-9fd8-00c325acfdbd,CY-1250,eb5a58bf-306e-4501-ad5e-2633599d2f28,2026-09-01T15:55-16:00Z
bf9a3d2e-a710-49eb-81b7-cd0e032dcc5a,CY-1300,9136f5b1-735c-47de-9fd8-00c325acfdbd,CY-1250,eb5a58bf-306e-4501-ad5e-2633599d2f28,2026-09-01T15:55-16:00Z
c03fe96c-d4f0-42fb-a552-a3f0c1f02b73,CY-1300,9136f5b1-735c-47de-9fd8-00c325acfdbd,CY-1250,eb5a58bf-306e-4501-ad5e-2633599d2f28,2026-09-01T15:55-16:00Z
c0613d98-698f-4421-9548-f56712a11cf2,CY-1300,9136f5b1-735c-47de-9fd8-00c325acfdbd,CY-1250,eb5a58bf-306e-4501-ad5e-2633599d2f28,2026-09-01T15:55-16:00Z
c068c176-f67e-4fd2-9682-7d84793d703c,CY-1300,9136f5b1-735c-47de-9fd8-00c325acfdbd,CY-1250,eb5a58bf-306e-4501-ad5e-2633599d2f28,2026-09-01T15:55-16:00Z
c06cf582-a547-407a-818f-9af574787709,CY-1300,9136f5b1-735c-47de-9fd8-00c325acfdbd,CY-1250,eb5a58bf-306e-4501-ad5e-2633599d2f28,2026-09-01T15:55-16:00Z
c0ce3726-073e-4b27-94a6-f58cbd22dad6,CY-1300,9136f5b1-735c-47de-9fd8-00c325acfdbd,CY-1250,eb5a58bf-306e-4501-ad5e-2633599d2f28,2026-09-01T15:55-16:00Z
c0db90d2-7ce1-4872-8c71-e0b29fc71fc9,CY-1300,9136f5b1-735c-47de-9fd8-00c325acfdbd,CY-1250,eb5a58bf-306e-4501-ad5e-2633599d2f28,2026-09-01T15:55-16:00Z
c118ab1e-ff18-4cc3-a900-f7c6fef7bea2,CY-1300,9136f5b1-735c-47de-9fd8-00c325acfdbd,CY-1250,eb5a58bf-306e-4501-ad5e-2633599d2f28,2026-09-01T15:55-16:00Z
c17f92fe-3c73-4e14-abd0-1483b5223584,CY-1300,9136f5b1-735c-47de-9fd8-00c325acfdbd,CY-1250,eb5a58bf-306e-4501-ad5e-2633599d2f28,2026-09-01T15:55-16:00Z
c1fe03c1-90a1-48f5-9bee-6a94a2630aa5,CY-1300,9136f5b1-735c-47de-9fd8-00c325acfdbd,CY-1250,eb5a58bf-306e-4501-ad5e-2633599d2f28,2026-09-01T15:55-16:00Z
c269fbda-50ce-4cea-90ce-0ed241c81e6f,CY-1300,9136f5b1-735c-47de-9fd8-00c325acfdbd,CY-1250,eb5a58bf-306e-4501-ad5e-2633599d2f28,2026-09-01T15:55-16:00Z
c2978fff-4d1f-4174-bb70-39978c7718eb,CY-1300,9136f5b1-735c-47de-9fd8-00c325acfdbd,CY-1250,eb5a58bf-306e-4501-ad5e-2633599d2f28,2026-09-01T15:55-16:00Z
c2d1d34d-96ba-443b-9961-b288b65b6a2b,CY-1300,9136f5b1-735c-47de-9fd8-00c325acfdbd,CY-1250,eb5a58bf-306e-4501-ad5e-2633599d2f28,2026-09-01T15:55-16:00Z
c2f5d622-962b-4474-b3d0-dc086ac64149,CY-1300,9136f5b1-735c-47de-9fd8-00c325acfdbd,CY-1250,eb5a58bf-306e-4501-ad5e-2633599d2f28,2026-09-01T15:55-16:00Z
c33f2a16-96c5-4642-8caa-11d1d0ec21c2,CY-1300,9136f5b1-735c-47de-9fd8-00c325acfdbd,CY-1250,eb5a58bf-306e-4501-ad5e-2633599d2f28,2026-09-01T15:55-16:00Z
c350b37d-8ee6-42df-b2a8-b673176affe7,CY-1300,9136f5b1-735c-47de-9fd8-00c325acfdbd,CY-1250,eb5a58bf-306e-4501-ad5e-2633599d2f28,2026-09-01T15:55-16:00Z
c3656c83-f8d0-4e40-95d8-8589c4e54c5e,CY-1300,9136f5b1-735c-47de-9fd8-00c325acfdbd,CY-1250,eb5a58bf-306e-4501-ad5e-2633599d2f28,2026-09-01T15:55-16:00Z
c3b57648-3d77-463f-8368-7b6f6eca6395,CY-1300,9136f5b1-735c-47de-9fd8-00c325acfdbd,CY-1250,eb5a58bf-306e-4501-ad5e-2633599d2f28,2026-09-01T15:55-16:00Z
c406e779-9504-4e03-bca1-07f584576324,CY-1300,9136f5b1-735c-47de-9fd8-00c325acfdbd,CY-1250,eb5a58bf-306e-4501-ad5e-2633599d2f28,2026-09-01T15:55-16:00Z
c44bd6b0-d3f2-4f7a-b153-bd6eb870afc0,CY-1300,9136f5b1-735c-47de-9fd8-00c325acfdbd,CY-1250,eb5a58bf-306e-4501-ad5e-2633599d2f28,2026-09-01T15:55-16:00Z
c467eacc-4ce9-47e1-b5cf-56d19b225a84,CY-1300,9136f5b1-735c-47de-9fd8-00c325acfdbd,CY-1250,eb5a58bf-306e-4501-ad5e-2633599d2f28,2026-09-01T15:55-16:00Z
c4a235cb-9331-4926-9f58-7423a7bbc371,CY-1300,9136f5b1-735c-47de-9fd8-00c325acfdbd,CY-1250,eb5a58bf-306e-4501-ad5e-2633599d2f28,2026-09-01T15:55-16:00Z
c4e4b97f-63a0-4690-8d27-ca8678923b16,CY-1300,9136f5b1-735c-47de-9fd8-00c325acfdbd,CY-1250,eb5a58bf-306e-4501-ad5e-2633599d2f28,2026-09-01T15:55-16:00Z
c5126410-6bb8-433f-aaaf-fb471e3d27b8,CY-1300,9136f5b1-735c-47de-9fd8-00c325acfdbd,CY-1250,eb5a58bf-306e-4501-ad5e-2633599d2f28,2026-09-01T15:55-16:00Z
c545efa2-e8ef-41b4-bca8-46260f651eed,CY-1300,9136f5b1-735c-47de-9fd8-00c325acfdbd,CY-1250,eb5a58bf-306e-4501-ad5e-2633599d2f28,2026-09-01T15:55-16:00Z
c54a0b4d-5120-4e20-baeb-0880aec376f6,CY-1300,9136f5b1-735c-47de-9fd8-00c325acfdbd,CY-1250,eb5a58bf-306e-4501-ad5e-2633599d2f28,2026-09-01T15:55-16:00Z
c5661dfd-ed7b-4ea4-ae78-77a9a31b0438,CY-1300,9136f5b1-735c-47de-9fd8-00c325acfdbd,CY-1250,eb5a58bf-306e-4501-ad5e-2633599d2f28,2026-09-01T15:55-16:00Z
c57cdcf5-2c46-44af-9190-9cf795e12090,CY-1300,9136f5b1-735c-47de-9fd8-00c325acfdbd,CY-1250,eb5a58bf-306e-4501-ad5e-2633599d2f28,2026-09-01T15:55-16:00Z
c5a5980d-b2e8-4519-9a3b-c7060dce63c4,CY-1300,9136f5b1-735c-47de-9fd8-00c325acfdbd,CY-1250,eb5a58bf-306e-4501-ad5e-2633599d2f28,2026-09-01T15:55-16:00Z
c5ac9737-970d-48bb-932d-e1942717c8a2,CY-1300,9136f5b1-735c-47de-9fd8-00c325acfdbd,CY-1250,eb5a58bf-306e-4501-ad5e-2633599d2f28,2026-09-01T15:55-16:00Z
c5ca3872-b87f-46e9-9332-4de28f11832b,CY-1300,9136f5b1-735c-47de-9fd8-00c325acfdbd,CY-1250,eb5a58bf-306e-4501-ad5e-2633599d2f28,2026-09-01T15:55-16:00Z
c62fd1a8-88cf-4ac5-a289-d8eb64cffafd,CY-1300,9136f5b1-735c-47de-9fd8-00c325acfdbd,CY-1250,eb5a58bf-306e-4501-ad5e-2633599d2f28,2026-09-01T15:55-16:00Z
c6624d75-8cd2-4f1a-8104-3eaaf87d6a54,CY-1300,9136f5b1-735c-47de-9fd8-00c325acfdbd,CY-1250,eb5a58bf-306e-4501-ad5e-2633599d2f28,2026-09-01T15:55-16:00Z
c6a55b14-0b37-4522-86f9-aaafe8978966,CY-1300,9136f5b1-735c-47de-9fd8-00c325acfdbd,CY-1250,eb5a58bf-306e-4501-ad5e-2633599d2f28,2026-09-01T15:55-16:00Z
c6c3e572-4fbb-453b-803f-104bb708dd71,CY-1300,9136f5b1-735c-47de-9fd8-00c325acfdbd,CY-1250,eb5a58bf-306e-4501-ad5e-2633599d2f28,2026-09-01T15:55-16:00Z
c6cfda8e-0e13-4226-903a-4c76e8b9783d,CY-1300,9136f5b1-735c-47de-9fd8-00c325acfdbd,CY-1250,eb5a58bf-306e-4501-ad5e-2633599d2f28,2026-09-01T15:55-16:00Z
c706f914-a459-4b79-9c93-f768236518cc,CY-1300,9136f5b1-735c-47de-9fd8-00c325acfdbd,CY-1250,eb5a58bf-306e-4501-ad5e-2633599d2f28,2026-09-01T15:55-16:00Z
c7168752-220c-4ef1-b553-56f08990c9fd,CY-1300,9136f5b1-735c-47de-9fd8-00c325acfdbd,CY-1250,eb5a58bf-306e-4501-ad5e-2633599d2f28,2026-09-01T15:55-16:00Z
c75a4f06-94ad-472c-a15c-33e15e32a4df,CY-1300,9136f5b1-735c-47de-9fd8-00c325acfdbd,CY-1250,eb5a58bf-306e-4501-ad5e-2633599d2f28,2026-09-01T15:55-16:00Z
c763113a-db6c-4d06-9637-2415a45000fb,CY-1300,9136f5b1-735c-47de-9fd8-00c325acfdbd,CY-1250,eb5a58bf-306e-4501-ad5e-2633599d2f28,2026-09-01T15:55-16:00Z
c77a53d0-19dd-4c83-b05b-a98c4a0d0003,CY-1300,9136f5b1-735c-47de-9fd8-00c325acfdbd,CY-1250,eb5a58bf-306e-4501-ad5e-2633599d2f28,2026-09-01T15:55-16:00Z
c798c732-a522-4d5d-9320-261dcc960b64,CY-1300,9136f5b1-735c-47de-9fd8-00c325acfdbd,CY-1250,eb5a58bf-306e-4501-ad5e-2633599d2f28,2026-09-01T15:55-16:00Z
c81586c0-ba07-434c-bd07-d8a17338160c,CY-1300,9136f5b1-735c-47de-9fd8-00c325acfdbd,CY-1250,eb5a58bf-306e-4501-ad5e-2633599d2f28,2026-09-01T15:55-16:00Z
c81cad25-25ad-4ca4-a87c-bb18a086a94b,CY-1300,9136f5b1-735c-47de-9fd8-00c325acfdbd,CY-1250,eb5a58bf-306e-4501-ad5e-2633599d2f28,2026-09-01T15:55-16:00Z
c843221f-3850-4a81-b6d2-d12a95d41db6,CY-1300,9136f5b1-735c-47de-9fd8-00c325acfdbd,CY-1250,eb5a58bf-306e-4501-ad5e-2633599d2f28,2026-09-01T15:55-16:00Z
c8c7bcbe-8d92-4cf5-94f9-aa800e207f22,CY-1300,9136f5b1-735c-47de-9fd8-00c325acfdbd,CY-1250,eb5a58bf-306e-4501-ad5e-2633599d2f28,2026-09-01T15:55-16:00Z
c9327dde-779f-44e7-b497-efdce360ba0c,CY-1300,9136f5b1-735c-47de-9fd8-00c325acfdbd,CY-1250,eb5a58bf-306e-4501-ad5e-2633599d2f28,2026-09-01T15:55-16:00Z
c95af53c-5fa3-4fa8-bae9-351a19bf210b,CY-1300,9136f5b1-735c-47de-9fd8-00c325acfdbd,CY-1250,eb5a58bf-306e-4501-ad5e-2633599d2f28,2026-09-01T15:55-16:00Z
c9a95559-3c65-4d63-a75f-7181fb54860b,CY-1300,9136f5b1-735c-47de-9fd8-00c325acfdbd,CY-1250,eb5a58bf-306e-4501-ad5e-2633599d2f28,2026-09-01T15:55-16:00Z
c9ed866c-5ec7-4fbb-8d48-a7c47dea5e1e,CY-1300,9136f5b1-735c-47de-9fd8-00c325acfdbd,CY-1250,eb5a58bf-306e-4501-ad5e-2633599d2f28,2026-09-01T15:55-16:00Z
ca213030-a5f2-4ffd-95b6-a970e7d78dd5,CY-1300,9136f5b1-735c-47de-9fd8-00c325acfdbd,CY-1250,eb5a58bf-306e-4501-ad5e-2633599d2f28,2026-09-01T15:55-16:00Z
ca4eae5b-b67a-467a-9692-499701c4fd0a,CY-1300,9136f5b1-735c-47de-9fd8-00c325acfdbd,CY-1250,eb5a58bf-306e-4501-ad5e-2633599d2f28,2026-09-01T15:55-16:00Z
ca99446e-096e-4d07-b98e-6f80cc0e448f,CY-1300,9136f5b1-735c-47de-9fd8-00c325acfdbd,CY-1250,eb5a58bf-306e-4501-ad5e-2633599d2f28,2026-09-01T15:55-16:00Z
cad4d87f-c4f3-4d8d-849f-159b2cbf3c33,CY-1300,9136f5b1-735c-47de-9fd8-00c325acfdbd,CY-1250,eb5a58bf-306e-4501-ad5e-2633599d2f28,2026-09-01T15:55-16:00Z
caec24b2-0561-4518-8837-fec8369903df,CY-1300,9136f5b1-735c-47de-9fd8-00c325acfdbd,CY-1250,eb5a58bf-306e-4501-ad5e-2633599d2f28,2026-09-01T15:55-16:00Z
cb0a96ff-bceb-40bb-ad1c-70306341c66f,CY-1300,9136f5b1-735c-47de-9fd8-00c325acfdbd,CY-1250,eb5a58bf-306e-4501-ad5e-2633599d2f28,2026-09-01T15:55-16:00Z
cb2aadff-b686-4a6b-a36e-4be96efff106,CY-1300,9136f5b1-735c-47de-9fd8-00c325acfdbd,CY-1250,eb5a58bf-306e-4501-ad5e-2633599d2f28,2026-09-01T15:55-16:00Z
cb912a90-fb9a-4d09-8d2e-f4f726da34f6,CY-1300,9136f5b1-735c-47de-9fd8-00c325acfdbd,CY-1250,eb5a58bf-306e-4501-ad5e-2633599d2f28,2026-09-01T15:55-16:00Z
cb957351-d06a-43ea-af3c-16ca43a0a9c0,CY-1300,9136f5b1-735c-47de-9fd8-00c325acfdbd,CY-1250,eb5a58bf-306e-4501-ad5e-2633599d2f28,2026-09-01T15:55-16:00Z
cb9b2899-aa9c-483d-8e93-6dbef4462e5a,CY-1300,9136f5b1-735c-47de-9fd8-00c325acfdbd,CY-1250,eb5a58bf-306e-4501-ad5e-2633599d2f28,2026-09-01T15:55-16:00Z
cbb01873-9e4d-40bc-8517-2d91ed19dc0d,CY-1300,9136f5b1-735c-47de-9fd8-00c325acfdbd,CY-1250,eb5a58bf-306e-4501-ad5e-2633599d2f28,2026-09-01T15:55-16:00Z
cbb4002c-abc6-437d-bdac-7f7759193fbe,CY-1300,9136f5b1-735c-47de-9fd8-00c325acfdbd,CY-1250,eb5a58bf-306e-4501-ad5e-2633599d2f28,2026-09-01T15:55-16:00Z
cbb89f3b-2d96-46c6-b4f8-7f7f1572c145,CY-1300,9136f5b1-735c-47de-9fd8-00c325acfdbd,CY-1250,eb5a58bf-306e-4501-ad5e-2633599d2f28,2026-09-01T15:55-16:00Z
cbbf7057-b2de-4691-b842-b7944d627147,CY-1300,9136f5b1-735c-47de-9fd8-00c325acfdbd,CY-1250,eb5a58bf-306e-4501-ad5e-2633599d2f28,2026-09-01T15:55-16:00Z
cbd844df-5c38-486b-a127-c56bf34d2c06,CY-1300,9136f5b1-735c-47de-9fd8-00c325acfdbd,CY-1250,eb5a58bf-306e-4501-ad5e-2633599d2f28,2026-09-01T15:55-16:00Z
cc1c90f4-583f-44ce-b238-309fcb348382,CY-1300,9136f5b1-735c-47de-9fd8-00c325acfdbd,CY-1250,eb5a58bf-306e-4501-ad5e-2633599d2f28,2026-09-01T15:55-16:00Z
cc221d68-ab88-4521-bd78-7f636a978634,CY-1300,9136f5b1-735c-47de-9fd8-00c325acfdbd,CY-1250,eb5a58bf-306e-4501-ad5e-2633599d2f28,2026-09-01T15:55-16:00Z
cc62865e-599b-4b67-98ab-f753c3e202dc,CY-1300,9136f5b1-735c-47de-9fd8-00c325acfdbd,CY-1250,eb5a58bf-306e-4501-ad5e-2633599d2f28,2026-09-01T15:55-16:00Z
cce54292-1b5b-436d-bf10-c861d37c51d3,CY-1300,9136f5b1-735c-47de-9fd8-00c325acfdbd,CY-1250,eb5a58bf-306e-4501-ad5e-2633599d2f28,2026-09-01T15:55-16:00Z
cd2be879-12d7-43d3-8905-cfa3561b1a25,CY-1300,9136f5b1-735c-47de-9fd8-00c325acfdbd,CY-1250,eb5a58bf-306e-4501-ad5e-2633599d2f28,2026-09-01T15:55-16:00Z
cd443e7e-4f52-4f2d-bb08-74b2fe7b5256,CY-1300,9136f5b1-735c-47de-9fd8-00c325acfdbd,CY-1250,eb5a58bf-306e-4501-ad5e-2633599d2f28,2026-09-01T15:55-16:00Z
cde7ab8b-79f9-4ae2-9c71-1e849cb1ae42,CY-1300,9136f5b1-735c-47de-9fd8-00c325acfdbd,CY-1250,eb5a58bf-306e-4501-ad5e-2633599d2f28,2026-09-01T15:55-16:00Z
ce262c92-f2ca-4769-b60a-4cf6d688742c,CY-1300,9136f5b1-735c-47de-9fd8-00c325acfdbd,CY-1250,eb5a58bf-306e-4501-ad5e-2633599d2f28,2026-09-01T15:55-16:00Z
ce27ef91-098d-4b16-804d-99ff225d968e,CY-1300,9136f5b1-735c-47de-9fd8-00c325acfdbd,CY-1250,eb5a58bf-306e-4501-ad5e-2633599d2f28,2026-09-01T15:55-16:00Z
ce2f312f-049b-4d3d-b6ba-354aa0bab4a2,CY-1300,9136f5b1-735c-47de-9fd8-00c325acfdbd,CY-1250,eb5a58bf-306e-4501-ad5e-2633599d2f28,2026-09-01T15:55-16:00Z
ce3eeae7-a706-4c32-9e9c-8c3050994ab7,CY-1300,9136f5b1-735c-47de-9fd8-00c325acfdbd,CY-1250,eb5a58bf-306e-4501-ad5e-2633599d2f28,2026-09-01T15:55-16:00Z
ce4130a3-4601-4b05-b710-c6d2bba419de,CY-1300,9136f5b1-735c-47de-9fd8-00c325acfdbd,CY-1250,eb5a58bf-306e-4501-ad5e-2633599d2f28,2026-09-01T15:55-16:00Z
ce469bfe-98ca-41c3-b865-07545311dba7,CY-1300,9136f5b1-735c-47de-9fd8-00c325acfdbd,CY-1250,eb5a58bf-306e-4501-ad5e-2633599d2f28,2026-09-01T15:55-16:00Z
ce6f900c-992a-4627-91a7-cc0584286203,CY-1300,9136f5b1-735c-47de-9fd8-00c325acfdbd,CY-1250,eb5a58bf-306e-4501-ad5e-2633599d2f28,2026-09-01T15:55-16:00Z
ce917a83-579c-4482-bf17-7479d9f0b9c0,CY-1300,9136f5b1-735c-47de-9fd8-00c325acfdbd,CY-1250,eb5a58bf-306e-4501-ad5e-2633599d2f28,2026-09-01T15:55-16:00Z
ceb0a4f5-9db1-46fe-b3d7-cc52c1abafc2,CY-1300,9136f5b1-735c-47de-9fd8-00c325acfdbd,CY-1250,eb5a58bf-306e-4501-ad5e-2633599d2f28,2026-09-01T15:55-16:00Z
cee41fd8-9272-489f-bb94-cf675ae6429f,CY-1300,9136f5b1-735c-47de-9fd8-00c325acfdbd,CY-1250,eb5a58bf-306e-4501-ad5e-2633599d2f28,2026-09-01T15:55-16:00Z
cf29c006-1af1-4875-b9ef-a5ca40ee2c98,CY-1300,9136f5b1-735c-47de-9fd8-00c325acfdbd,CY-1250,eb5a58bf-306e-4501-ad5e-2633599d2f28,2026-09-01T15:55-16:00Z
cf3ccdee-e61d-4d73-b119-5c7a8cde9179,CY-1300,9136f5b1-735c-47de-9fd8-00c325acfdbd,CY-1250,eb5a58bf-306e-4501-ad5e-2633599d2f28,2026-09-01T15:55-16:00Z
cf74d41c-c7fb-471d-8d4f-3ccd999c8551,CY-1300,9136f5b1-735c-47de-9fd8-00c325acfdbd,CY-1250,eb5a58bf-306e-4501-ad5e-2633599d2f28,2026-09-01T15:55-16:00Z
cf7dc469-1530-49fe-b2e7-8cf9a6a56749,CY-1300,9136f5b1-735c-47de-9fd8-00c325acfdbd,CY-1250,eb5a58bf-306e-4501-ad5e-2633599d2f28,2026-09-01T15:55-16:00Z
cfb33356-e1c4-4693-8122-3eb5e7c59992,CY-1300,9136f5b1-735c-47de-9fd8-00c325acfdbd,CY-1250,eb5a58bf-306e-4501-ad5e-2633599d2f28,2026-09-01T15:55-16:00Z
cfbc11e7-0fb8-460b-b8ba-c6b348882426,CY-1300,9136f5b1-735c-47de-9fd8-00c325acfdbd,CY-1250,eb5a58bf-306e-4501-ad5e-2633599d2f28,2026-09-01T15:55-16:00Z
cfc53663-9fe3-4659-a0a9-6d7523f3430d,CY-1300,9136f5b1-735c-47de-9fd8-00c325acfdbd,CY-1250,eb5a58bf-306e-4501-ad5e-2633599d2f28,2026-09-01T15:55-16:00Z
cff31965-2a5d-4a4f-9740-2d0655ee5ac4,CY-1300,9136f5b1-735c-47de-9fd8-00c325acfdbd,CY-1250,eb5a58bf-306e-4501-ad5e-2633599d2f28,2026-09-01T15:55-16:00Z
d0109ba2-d987-42b2-a3c6-6f68fa0fd26c,CY-1300,9136f5b1-735c-47de-9fd8-00c325acfdbd,CY-1250,eb5a58bf-306e-4501-ad5e-2633599d2f28,2026-09-01T15:55-16:00Z
d0633d2e-1c57-417d-b5ff-45a869f97712,CY-1300,9136f5b1-735c-47de-9fd8-00c325acfdbd,CY-1250,eb5a58bf-306e-4501-ad5e-2633599d2f28,2026-09-01T15:55-16:00Z
d12aa5ea-bc2c-4345-9899-9fecea87c41d,CY-1300,9136f5b1-735c-47de-9fd8-00c325acfdbd,CY-1250,eb5a58bf-306e-4501-ad5e-2633599d2f28,2026-09-01T15:55-16:00Z
d14ea21c-2bd2-4ec5-b67a-c214ce2f0ca4,CY-1300,9136f5b1-735c-47de-9fd8-00c325acfdbd,CY-1250,eb5a58bf-306e-4501-ad5e-2633599d2f28,2026-09-01T15:55-16:00Z
d1558635-75d5-4814-8aab-5584d7d31290,CY-1300,9136f5b1-735c-47de-9fd8-00c325acfdbd,CY-1250,eb5a58bf-306e-4501-ad5e-2633599d2f28,2026-09-01T15:55-16:00Z
d1d025f5-a0d6-4c73-8588-b8968af60533,CY-1300,9136f5b1-735c-47de-9fd8-00c325acfdbd,CY-1250,eb5a58bf-306e-4501-ad5e-2633599d2f28,2026-09-01T15:55-16:00Z
d1f5de5d-8c77-4c7e-b9f9-41b7f7d229e1,CY-1300,9136f5b1-735c-47de-9fd8-00c325acfdbd,CY-1250,eb5a58bf-306e-4501-ad5e-2633599d2f28,2026-09-01T15:55-16:00Z
d215244a-67f5-49e4-88b4-796eb6068a3a,CY-1300,9136f5b1-735c-47de-9fd8-00c325acfdbd,CY-1250,eb5a58bf-306e-4501-ad5e-2633599d2f28,2026-09-01T15:55-16:00Z
d2222369-594c-4097-97f6-db695977f1cc,CY-1300,9136f5b1-735c-47de-9fd8-00c325acfdbd,CY-1250,eb5a58bf-306e-4501-ad5e-2633599d2f28,2026-09-01T15:55-16:00Z
d22aadc4-650a-43dc-8393-3136b9932d49,CY-1300,9136f5b1-735c-47de-9fd8-00c325acfdbd,CY-1250,eb5a58bf-306e-4501-ad5e-2633599d2f28,2026-09-01T15:55-16:00Z
d2790b05-3bbf-4b63-badc-a8ff952957b1,CY-1300,9136f5b1-735c-47de-9fd8-00c325acfdbd,CY-1250,eb5a58bf-306e-4501-ad5e-2633599d2f28,2026-09-01T15:55-16:00Z
d27a9782-1f1d-42ed-a550-4fcaa4711bc6,CY-1300,9136f5b1-735c-47de-9fd8-00c325acfdbd,CY-1250,eb5a58bf-306e-4501-ad5e-2633599d2f28,2026-09-01T15:55-16:00Z
d2b35c73-c0d1-4a69-adbb-c244c19da22e,CY-1300,9136f5b1-735c-47de-9fd8-00c325acfdbd,CY-1250,eb5a58bf-306e-4501-ad5e-2633599d2f28,2026-09-01T15:55-16:00Z
d2e39913-035b-4abc-8e82-91804629798a,CY-1300,9136f5b1-735c-47de-9fd8-00c325acfdbd,CY-1250,eb5a58bf-306e-4501-ad5e-2633599d2f28,2026-09-01T15:55-16:00Z
d30c95e6-dbef-465b-b1b8-5d24f7308c4e,CY-1300,9136f5b1-735c-47de-9fd8-00c325acfdbd,CY-1250,eb5a58bf-306e-4501-ad5e-2633599d2f28,2026-09-01T15:55-16:00Z
d3375d34-3810-4ce8-bacb-3e04d2e977d2,CY-1300,9136f5b1-735c-47de-9fd8-00c325acfdbd,CY-1250,eb5a58bf-306e-4501-ad5e-2633599d2f28,2026-09-01T15:55-16:00Z
d36a3b6c-28d4-4cde-ab8b-e326276f19ab,CY-1300,9136f5b1-735c-47de-9fd8-00c325acfdbd,CY-1250,eb5a58bf-306e-4501-ad5e-2633599d2f28,2026-09-01T15:55-16:00Z
d3df51aa-81e0-4af6-a378-35b259315aad,CY-1300,9136f5b1-735c-47de-9fd8-00c325acfdbd,CY-1250,eb5a58bf-306e-4501-ad5e-2633599d2f28,2026-09-01T15:55-16:00Z
d40b9627-a1d2-44cf-9a08-bb34fddc1949,CY-1300,9136f5b1-735c-47de-9fd8-00c325acfdbd,CY-1250,eb5a58bf-306e-4501-ad5e-2633599d2f28,2026-09-01T15:55-16:00Z
d467830f-652c-4113-8bfe-7813eb3a61a0,CY-1300,9136f5b1-735c-47de-9fd8-00c325acfdbd,CY-1250,eb5a58bf-306e-4501-ad5e-2633599d2f28,2026-09-01T15:55-16:00Z
d4679044-e686-4ef9-bcf0-8d47018bd686,CY-1300,9136f5b1-735c-47de-9fd8-00c325acfdbd,CY-1250,eb5a58bf-306e-4501-ad5e-2633599d2f28,2026-09-01T15:55-16:00Z
d481198e-c9e1-4bfc-99ef-1019169b3269,CY-1300,9136f5b1-735c-47de-9fd8-00c325acfdbd,CY-1250,eb5a58bf-306e-4501-ad5e-2633599d2f28,2026-09-01T15:55-16:00Z
d4cafca7-0c52-4420-a3cb-bea69309fdf0,CY-1300,9136f5b1-735c-47de-9fd8-00c325acfdbd,CY-1250,eb5a58bf-306e-4501-ad5e-2633599d2f28,2026-09-01T15:55-16:00Z
d4e0a1a2-adab-40c6-b528-5fd6f8a5c037,CY-1300,9136f5b1-735c-47de-9fd8-00c325acfdbd,CY-1250,eb5a58bf-306e-4501-ad5e-2633599d2f28,2026-09-01T15:55-16:00Z
d5019b9c-26c5-4115-bf1f-fe2040dac830,CY-1300,9136f5b1-735c-47de-9fd8-00c325acfdbd,CY-1250,eb5a58bf-306e-4501-ad5e-2633599d2f28,2026-09-01T15:55-16:00Z
d5385f8b-f0d0-4f7f-8fc9-8c61a9870b45,CY-1300,9136f5b1-735c-47de-9fd8-00c325acfdbd,CY-1250,eb5a58bf-306e-4501-ad5e-2633599d2f28,2026-09-01T15:55-16:00Z
d5436b10-3152-404c-b394-9170725288f2,CY-1300,9136f5b1-735c-47de-9fd8-00c325acfdbd,CY-1250,eb5a58bf-306e-4501-ad5e-2633599d2f28,2026-09-01T15:55-16:00Z
d5b41f1b-2d93-4cdf-b258-66017173056a,CY-1300,9136f5b1-735c-47de-9fd8-00c325acfdbd,CY-1250,eb5a58bf-306e-4501-ad5e-2633599d2f28,2026-09-01T15:55-16:00Z
d5e0f7a7-3d86-447c-9153-5080ed5bb1e5,CY-1300,9136f5b1-735c-47de-9fd8-00c325acfdbd,CY-1250,eb5a58bf-306e-4501-ad5e-2633599d2f28,2026-09-01T15:55-16:00Z
d63ddcbd-674d-4051-8b9f-8eb78cccf09f,CY-1300,9136f5b1-735c-47de-9fd8-00c325acfdbd,CY-1250,eb5a58bf-306e-4501-ad5e-2633599d2f28,2026-09-01T15:55-16:00Z
d65947ab-8e2b-47ad-9162-922b55734623,CY-1300,9136f5b1-735c-47de-9fd8-00c325acfdbd,CY-1250,eb5a58bf-306e-4501-ad5e-2633599d2f28,2026-09-01T15:55-16:00Z
d671fb03-e75a-4df5-bc26-0f4cc8957e50,CY-1300,9136f5b1-735c-47de-9fd8-00c325acfdbd,CY-1250,eb5a58bf-306e-4501-ad5e-2633599d2f28,2026-09-01T15:55-16:00Z
d690fe40-eb21-44af-a8ed-44c137c3194e,CY-1300,9136f5b1-735c-47de-9fd8-00c325acfdbd,CY-1250,eb5a58bf-306e-4501-ad5e-2633599d2f28,2026-09-01T15:55-16:00Z
d6ad2bc4-ec6f-4da4-8fc3-93b0f1a61a20,CY-1300,9136f5b1-735c-47de-9fd8-00c325acfdbd,CY-1250,eb5a58bf-306e-4501-ad5e-2633599d2f28,2026-09-01T15:55-16:00Z
d6b91f4d-9776-491d-ae07-8fd3be70ff62,CY-1300,9136f5b1-735c-47de-9fd8-00c325acfdbd,CY-1250,eb5a58bf-306e-4501-ad5e-2633599d2f28,2026-09-01T15:55-16:00Z
d709da5c-8d05-4d29-9e18-bf729b8cf54d,CY-1300,9136f5b1-735c-47de-9fd8-00c325acfdbd,CY-1250,eb5a58bf-306e-4501-ad5e-2633599d2f28,2026-09-01T15:55-16:00Z
d7299dfb-07fa-4b6c-a100-f8c5216e2d96,CY-1300,9136f5b1-735c-47de-9fd8-00c325acfdbd,CY-1250,eb5a58bf-306e-4501-ad5e-2633599d2f28,2026-09-01T15:55-16:00Z
d75cdfbf-9c62-487f-8de8-9f71fbbcae60,CY-1300,9136f5b1-735c-47de-9fd8-00c325acfdbd,CY-1250,eb5a58bf-306e-4501-ad5e-2633599d2f28,2026-09-01T15:55-16:00Z
d76573b3-145f-418a-82e5-cb715d16f97e,CY-1300,9136f5b1-735c-47de-9fd8-00c325acfdbd,CY-1250,eb5a58bf-306e-4501-ad5e-2633599d2f28,2026-09-01T15:55-16:00Z
d76f841c-f4a4-4216-aae0-897de072470c,CY-1300,9136f5b1-735c-47de-9fd8-00c325acfdbd,CY-1250,eb5a58bf-306e-4501-ad5e-2633599d2f28,2026-09-01T15:55-16:00Z
d78cf4bc-15ef-4774-9b33-7b95570ea6bb,CY-1300,9136f5b1-735c-47de-9fd8-00c325acfdbd,CY-1250,eb5a58bf-306e-4501-ad5e-2633599d2f28,2026-09-01T15:55-16:00Z
d7bc5fe3-31dc-469e-ae78-a217348509a3,CY-1300,9136f5b1-735c-47de-9fd8-00c325acfdbd,CY-1250,eb5a58bf-306e-4501-ad5e-2633599d2f28,2026-09-01T15:55-16:00Z
d7c3c683-6287-4fd6-8a98-76ebfcc4afaa,CY-1300,9136f5b1-735c-47de-9fd8-00c325acfdbd,CY-1250,eb5a58bf-306e-4501-ad5e-2633599d2f28,2026-09-01T15:55-16:00Z
d834a69e-fe39-4396-b7e4-027d1bb07d6a,CY-1300,9136f5b1-735c-47de-9fd8-00c325acfdbd,CY-1250,eb5a58bf-306e-4501-ad5e-2633599d2f28,2026-09-01T15:55-16:00Z
d8880946-1094-41e4-8d47-b0bf02348862,CY-1300,9136f5b1-735c-47de-9fd8-00c325acfdbd,CY-1250,eb5a58bf-306e-4501-ad5e-2633599d2f28,2026-09-01T15:55-16:00Z
d893e4a6-75d8-4d25-8f23-4fbbb8810819,CY-1300,9136f5b1-735c-47de-9fd8-00c325acfdbd,CY-1250,eb5a58bf-306e-4501-ad5e-2633599d2f28,2026-09-01T15:55-16:00Z
d8bbd7a8-a698-4e45-8796-9d7cc0b188c0,CY-1300,9136f5b1-735c-47de-9fd8-00c325acfdbd,CY-1250,eb5a58bf-306e-4501-ad5e-2633599d2f28,2026-09-01T15:55-16:00Z
d8d5578e-fe2e-46f2-b60f-a422084a3bd2,CY-1300,9136f5b1-735c-47de-9fd8-00c325acfdbd,CY-1250,eb5a58bf-306e-4501-ad5e-2633599d2f28,2026-09-01T15:55-16:00Z
d93407f2-7214-4cf7-aaae-a105330e5bab,CY-1300,9136f5b1-735c-47de-9fd8-00c325acfdbd,CY-1250,eb5a58bf-306e-4501-ad5e-2633599d2f28,2026-09-01T15:55-16:00Z
d946554c-287f-4fec-b708-f4c977f60e69,CY-1300,9136f5b1-735c-47de-9fd8-00c325acfdbd,CY-1250,eb5a58bf-306e-4501-ad5e-2633599d2f28,2026-09-01T15:55-16:00Z
d9b8653b-596c-4086-9db3-00484a0114ef,CY-1300,9136f5b1-735c-47de-9fd8-00c325acfdbd,CY-1250,eb5a58bf-306e-4501-ad5e-2633599d2f28,2026-09-01T15:55-16:00Z
da0bdd6a-fc88-4665-855f-721a45ef6cc0,CY-1300,9136f5b1-735c-47de-9fd8-00c325acfdbd,CY-1250,eb5a58bf-306e-4501-ad5e-2633599d2f28,2026-09-01T15:55-16:00Z
da16f8e5-aae6-4988-a333-faf43fe0f19d,CY-1300,9136f5b1-735c-47de-9fd8-00c325acfdbd,CY-1250,eb5a58bf-306e-4501-ad5e-2633599d2f28,2026-09-01T15:55-16:00Z
da1a29bb-4eb0-4c03-b37c-5ba4138f71be,CY-1300,9136f5b1-735c-47de-9fd8-00c325acfdbd,CY-1250,eb5a58bf-306e-4501-ad5e-2633599d2f28,2026-09-01T15:55-16:00Z
da5ac602-77b6-4f63-a283-e3e1ae31def0,CY-1300,9136f5b1-735c-47de-9fd8-00c325acfdbd,CY-1250,eb5a58bf-306e-4501-ad5e-2633599d2f28,2026-09-01T15:55-16:00Z
da6e95e3-b2d8-4a03-aad8-0c2bc5d552fe,CY-1300,9136f5b1-735c-47de-9fd8-00c325acfdbd,CY-1250,eb5a58bf-306e-4501-ad5e-2633599d2f28,2026-09-01T15:55-16:00Z
da74c638-120a-427b-abbb-7e3e4b7f9bd3,CY-1300,9136f5b1-735c-47de-9fd8-00c325acfdbd,CY-1250,eb5a58bf-306e-4501-ad5e-2633599d2f28,2026-09-01T15:55-16:00Z
da986be1-0b47-424f-a6c8-a5a2d1ceccb8,CY-1300,9136f5b1-735c-47de-9fd8-00c325acfdbd,CY-1250,eb5a58bf-306e-4501-ad5e-2633599d2f28,2026-09-01T15:55-16:00Z
dab8f6ec-a76d-479f-91a1-34d9130a3389,CY-1300,9136f5b1-735c-47de-9fd8-00c325acfdbd,CY-1250,eb5a58bf-306e-4501-ad5e-2633599d2f28,2026-09-01T15:55-16:00Z
dac62b9b-7e5c-4b9d-aa3d-88f996ae051b,CY-1300,9136f5b1-735c-47de-9fd8-00c325acfdbd,CY-1250,eb5a58bf-306e-4501-ad5e-2633599d2f28,2026-09-01T15:55-16:00Z
dac8421d-7302-4ce6-beb2-60f208dbf9ad,CY-1300,9136f5b1-735c-47de-9fd8-00c325acfdbd,CY-1250,eb5a58bf-306e-4501-ad5e-2633599d2f28,2026-09-01T15:55-16:00Z
dacd57e5-b963-4751-97a0-b8d9b85e3c05,CY-1300,9136f5b1-735c-47de-9fd8-00c325acfdbd,CY-1250,eb5a58bf-306e-4501-ad5e-2633599d2f28,2026-09-01T15:55-16:00Z
daf62fcd-9ea0-4112-91ce-5626353d30b1,CY-1300,9136f5b1-735c-47de-9fd8-00c325acfdbd,CY-1250,eb5a58bf-306e-4501-ad5e-2633599d2f28,2026-09-01T15:55-16:00Z
dafc52be-d357-4ede-99c0-cb6590bbed2d,CY-1300,9136f5b1-735c-47de-9fd8-00c325acfdbd,CY-1250,eb5a58bf-306e-4501-ad5e-2633599d2f28,2026-09-01T15:55-16:00Z
db071f05-3852-448b-9356-5a0812f0831d,CY-1300,9136f5b1-735c-47de-9fd8-00c325acfdbd,CY-1250,eb5a58bf-306e-4501-ad5e-2633599d2f28,2026-09-01T15:55-16:00Z
db16b528-c5a2-4295-b26c-75522c9af3a6,CY-1300,9136f5b1-735c-47de-9fd8-00c325acfdbd,CY-1250,eb5a58bf-306e-4501-ad5e-2633599d2f28,2026-09-01T15:55-16:00Z
db4771d4-22c3-4c6d-9390-a269f984ad12,CY-1300,9136f5b1-735c-47de-9fd8-00c325acfdbd,CY-1250,eb5a58bf-306e-4501-ad5e-2633599d2f28,2026-09-01T15:55-16:00Z
db4e62d5-0500-4f1d-b971-081e9e655559,CY-1300,9136f5b1-735c-47de-9fd8-00c325acfdbd,CY-1250,eb5a58bf-306e-4501-ad5e-2633599d2f28,2026-09-01T15:55-16:00Z
db56daf2-563d-4076-95c3-d512db84daf9,CY-1300,9136f5b1-735c-47de-9fd8-00c325acfdbd,CY-1250,eb5a58bf-306e-4501-ad5e-2633599d2f28,2026-09-01T15:55-16:00Z
dbfdadd3-fffb-4d3c-8509-5d1600cdf873,CY-1300,9136f5b1-735c-47de-9fd8-00c325acfdbd,CY-1250,eb5a58bf-306e-4501-ad5e-2633599d2f28,2026-09-01T15:55-16:00Z
dc286c05-86eb-4ec1-899c-eab69ae8932b,CY-1300,9136f5b1-735c-47de-9fd8-00c325acfdbd,CY-1250,eb5a58bf-306e-4501-ad5e-2633599d2f28,2026-09-01T15:55-16:00Z
dc3b2dc3-34f3-473e-baee-0f9d91c1b1ea,CY-1300,9136f5b1-735c-47de-9fd8-00c325acfdbd,CY-1250,eb5a58bf-306e-4501-ad5e-2633599d2f28,2026-09-01T15:55-16:00Z
dc7a4793-1e1a-4648-939b-45c1edbfa646,CY-1300,9136f5b1-735c-47de-9fd8-00c325acfdbd,CY-1250,eb5a58bf-306e-4501-ad5e-2633599d2f28,2026-09-01T15:55-16:00Z
dca754a3-4e4d-42e6-a3e9-5c8fa6488a8a,CY-1300,9136f5b1-735c-47de-9fd8-00c325acfdbd,CY-1250,eb5a58bf-306e-4501-ad5e-2633599d2f28,2026-09-01T15:55-16:00Z
dcb11164-4c6a-4ecf-aa80-657987047a2f,CY-1300,9136f5b1-735c-47de-9fd8-00c325acfdbd,CY-1250,eb5a58bf-306e-4501-ad5e-2633599d2f28,2026-09-01T15:55-16:00Z
dcd4dd5c-72b7-4ab0-94d8-37afaceaa057,CY-1300,9136f5b1-735c-47de-9fd8-00c325acfdbd,CY-1250,eb5a58bf-306e-4501-ad5e-2633599d2f28,2026-09-01T15:55-16:00Z
dce71678-d80c-4f44-ad20-60d7c75602a4,CY-1300,9136f5b1-735c-47de-9fd8-00c325acfdbd,CY-1250,eb5a58bf-306e-4501-ad5e-2633599d2f28,2026-09-01T15:55-16:00Z
dda39386-0c92-45f3-8d1b-8f39f70633d4,CY-1300,9136f5b1-735c-47de-9fd8-00c325acfdbd,CY-1250,eb5a58bf-306e-4501-ad5e-2633599d2f28,2026-09-01T15:55-16:00Z
dde81d95-d4f3-4512-8e19-9edb83676560,CY-1300,9136f5b1-735c-47de-9fd8-00c325acfdbd,CY-1250,eb5a58bf-306e-4501-ad5e-2633599d2f28,2026-09-01T15:55-16:00Z
de1b2190-b3a1-4ef1-a410-d35a8793f0e9,CY-1300,9136f5b1-735c-47de-9fd8-00c325acfdbd,CY-1250,eb5a58bf-306e-4501-ad5e-2633599d2f28,2026-09-01T15:55-16:00Z
de2e875a-2c44-40ab-9cab-b8fa9ed51447,CY-1300,9136f5b1-735c-47de-9fd8-00c325acfdbd,CY-1250,eb5a58bf-306e-4501-ad5e-2633599d2f28,2026-09-01T15:55-16:00Z
de51447c-88d6-49ec-af6e-fcdaa7fde2a0,CY-1300,9136f5b1-735c-47de-9fd8-00c325acfdbd,CY-1250,eb5a58bf-306e-4501-ad5e-2633599d2f28,2026-09-01T15:55-16:00Z
de549050-4594-411a-a91e-90c9316adb59,CY-1300,9136f5b1-735c-47de-9fd8-00c325acfdbd,CY-1250,eb5a58bf-306e-4501-ad5e-2633599d2f28,2026-09-01T15:55-16:00Z
de775078-2b41-43bb-9820-30a51c228cad,CY-1300,9136f5b1-735c-47de-9fd8-00c325acfdbd,CY-1250,eb5a58bf-306e-4501-ad5e-2633599d2f28,2026-09-01T15:55-16:00Z
deafacc5-05c0-4499-844d-67844f210987,CY-1300,9136f5b1-735c-47de-9fd8-00c325acfdbd,CY-1250,eb5a58bf-306e-4501-ad5e-2633599d2f28,2026-09-01T15:55-16:00Z
decc5ff0-7836-4670-b07f-a1797a48f365,CY-1300,9136f5b1-735c-47de-9fd8-00c325acfdbd,CY-1250,eb5a58bf-306e-4501-ad5e-2633599d2f28,2026-09-01T15:55-16:00Z
df43d16f-d940-4a17-95f1-444c28dbc192,CY-1300,9136f5b1-735c-47de-9fd8-00c325acfdbd,CY-1250,eb5a58bf-306e-4501-ad5e-2633599d2f28,2026-09-01T15:55-16:00Z
df65f203-5056-49b5-a16a-52dd19ca526a,CY-1300,9136f5b1-735c-47de-9fd8-00c325acfdbd,CY-1250,eb5a58bf-306e-4501-ad5e-2633599d2f28,2026-09-01T15:55-16:00Z
df8ee799-d8ed-4c23-a725-faaaf3dfb5ae,CY-1300,9136f5b1-735c-47de-9fd8-00c325acfdbd,CY-1250,eb5a58bf-306e-4501-ad5e-2633599d2f28,2026-09-01T15:55-16:00Z
e07c7ea5-4563-4f37-a547-88b07831d4ee,CY-1300,9136f5b1-735c-47de-9fd8-00c325acfdbd,CY-1250,eb5a58bf-306e-4501-ad5e-2633599d2f28,2026-09-01T15:55-16:00Z
e0ab09af-2cef-43cf-a66e-0c259e4a7455,CY-1300,9136f5b1-735c-47de-9fd8-00c325acfdbd,CY-1250,eb5a58bf-306e-4501-ad5e-2633599d2f28,2026-09-01T15:55-16:00Z
e0ea9fc9-62d6-49fa-b015-7135163eb727,CY-1300,9136f5b1-735c-47de-9fd8-00c325acfdbd,CY-1250,eb5a58bf-306e-4501-ad5e-2633599d2f28,2026-09-01T15:55-16:00Z
e1023b46-45a4-4ab8-bb01-d253321a3e05,CY-1300,9136f5b1-735c-47de-9fd8-00c325acfdbd,CY-1250,eb5a58bf-306e-4501-ad5e-2633599d2f28,2026-09-01T15:55-16:00Z
e106a323-c935-4011-98ad-997316531c52,CY-1300,9136f5b1-735c-47de-9fd8-00c325acfdbd,CY-1250,eb5a58bf-306e-4501-ad5e-2633599d2f28,2026-09-01T15:55-16:00Z
e1099bc3-ba8b-497d-ba16-d755b3cda4f9,CY-1300,9136f5b1-735c-47de-9fd8-00c325acfdbd,CY-1250,eb5a58bf-306e-4501-ad5e-2633599d2f28,2026-09-01T15:55-16:00Z
e13e4888-1ebf-4aa7-b277-dad8461418f8,CY-1300,9136f5b1-735c-47de-9fd8-00c325acfdbd,CY-1250,eb5a58bf-306e-4501-ad5e-2633599d2f28,2026-09-01T15:55-16:00Z
e148ba87-c7fe-4b6a-9ec8-d71e6e7bf4e6,CY-1300,9136f5b1-735c-47de-9fd8-00c325acfdbd,CY-1250,eb5a58bf-306e-4501-ad5e-2633599d2f28,2026-09-01T15:55-16:00Z
e164c2f5-5b45-4574-88c9-f76c8a4fa641,CY-1300,9136f5b1-735c-47de-9fd8-00c325acfdbd,CY-1250,eb5a58bf-306e-4501-ad5e-2633599d2f28,2026-09-01T15:55-16:00Z
e168871e-f59c-4d6e-9560-67d7d96c3c89,CY-1300,9136f5b1-735c-47de-9fd8-00c325acfdbd,CY-1250,eb5a58bf-306e-4501-ad5e-2633599d2f28,2026-09-01T15:55-16:00Z
e193efaf-385e-4f69-b4b4-ce5113b9a6e0,CY-1300,9136f5b1-735c-47de-9fd8-00c325acfdbd,CY-1250,eb5a58bf-306e-4501-ad5e-2633599d2f28,2026-09-01T15:55-16:00Z
e1b82abb-eac9-4565-9c9b-12707783d658,CY-1300,9136f5b1-735c-47de-9fd8-00c325acfdbd,CY-1250,eb5a58bf-306e-4501-ad5e-2633599d2f28,2026-09-01T15:55-16:00Z
e1d8de42-8c7d-40fd-9abe-e4c7d066864f,CY-1300,9136f5b1-735c-47de-9fd8-00c325acfdbd,CY-1250,eb5a58bf-306e-4501-ad5e-2633599d2f28,2026-09-01T15:55-16:00Z
e1ed6191-bf2f-4307-b277-6354567d30f5,CY-1300,9136f5b1-735c-47de-9fd8-00c325acfdbd,CY-1250,eb5a58bf-306e-4501-ad5e-2633599d2f28,2026-09-01T15:55-16:00Z
e27cdd5a-b9bf-4c5a-a406-78cad1b90acc,CY-1300,9136f5b1-735c-47de-9fd8-00c325acfdbd,CY-1250,eb5a58bf-306e-4501-ad5e-2633599d2f28,2026-09-01T15:55-16:00Z
e2969395-62af-4e24-bfde-468f7b40dcb4,CY-1300,9136f5b1-735c-47de-9fd8-00c325acfdbd,CY-1250,eb5a58bf-306e-4501-ad5e-2633599d2f28,2026-09-01T15:55-16:00Z
e299e46c-1c0b-4811-8b48-bd5fa3c0adcc,CY-1300,9136f5b1-735c-47de-9fd8-00c325acfdbd,CY-1250,eb5a58bf-306e-4501-ad5e-2633599d2f28,2026-09-01T15:55-16:00Z
e2e8d353-70c2-4f3d-a7fe-64e3a71c304b,CY-1300,9136f5b1-735c-47de-9fd8-00c325acfdbd,CY-1250,eb5a58bf-306e-4501-ad5e-2633599d2f28,2026-09-01T15:55-16:00Z
e2ed005f-47dd-4ced-ad34-610911158d39,CY-1300,9136f5b1-735c-47de-9fd8-00c325acfdbd,CY-1250,eb5a58bf-306e-4501-ad5e-2633599d2f28,2026-09-01T15:55-16:00Z
e36a398f-f116-46e8-a640-c08e733c0b61,CY-1300,9136f5b1-735c-47de-9fd8-00c325acfdbd,CY-1250,eb5a58bf-306e-4501-ad5e-2633599d2f28,2026-09-01T15:55-16:00Z
e3926905-324e-4a8a-abca-08d4b9c53249,CY-1300,9136f5b1-735c-47de-9fd8-00c325acfdbd,CY-1250,eb5a58bf-306e-4501-ad5e-2633599d2f28,2026-09-01T15:55-16:00Z
e3a608ed-5247-4cb0-9192-1247b1c3b369,CY-1300,9136f5b1-735c-47de-9fd8-00c325acfdbd,CY-1250,eb5a58bf-306e-4501-ad5e-2633599d2f28,2026-09-01T15:55-16:00Z
e3db8f09-a037-4260-a323-2313a4916fe2,CY-1300,9136f5b1-735c-47de-9fd8-00c325acfdbd,CY-1250,eb5a58bf-306e-4501-ad5e-2633599d2f28,2026-09-01T15:55-16:00Z
e3de11c3-297d-41d5-b8ae-5cc2100f81ca,CY-1300,9136f5b1-735c-47de-9fd8-00c325acfdbd,CY-1250,eb5a58bf-306e-4501-ad5e-2633599d2f28,2026-09-01T15:55-16:00Z
e3e78d6e-f62d-4ca9-bd95-ec35cddadaf4,CY-1300,9136f5b1-735c-47de-9fd8-00c325acfdbd,CY-1250,eb5a58bf-306e-4501-ad5e-2633599d2f28,2026-09-01T15:55-16:00Z
e4232f1e-47bd-4fe1-8d81-cd961662efe7,CY-1300,9136f5b1-735c-47de-9fd8-00c325acfdbd,CY-1250,eb5a58bf-306e-4501-ad5e-2633599d2f28,2026-09-01T15:55-16:00Z
e45ec904-42f6-4fcd-ad96-27193e089248,CY-1300,9136f5b1-735c-47de-9fd8-00c325acfdbd,CY-1250,eb5a58bf-306e-4501-ad5e-2633599d2f28,2026-09-01T15:55-16:00Z
e494b583-461d-4f76-b1fe-428ed641fc4e,CY-1300,9136f5b1-735c-47de-9fd8-00c325acfdbd,CY-1250,eb5a58bf-306e-4501-ad5e-2633599d2f28,2026-09-01T15:55-16:00Z
e4b5a68d-8d11-410e-ab6d-c40651a61bd1,CY-1300,9136f5b1-735c-47de-9fd8-00c325acfdbd,CY-1250,eb5a58bf-306e-4501-ad5e-2633599d2f28,2026-09-01T15:55-16:00Z
e4f661fa-4c97-4f8a-8810-4b50a35702b2,CY-1300,9136f5b1-735c-47de-9fd8-00c325acfdbd,CY-1250,eb5a58bf-306e-4501-ad5e-2633599d2f28,2026-09-01T15:55-16:00Z
e4fbf8bf-cbf7-48bf-b0a1-41bb67d6d42c,CY-1300,9136f5b1-735c-47de-9fd8-00c325acfdbd,CY-1250,eb5a58bf-306e-4501-ad5e-2633599d2f28,2026-09-01T15:55-16:00Z
e5008a94-a5d2-4eb4-8c64-aaf04b1ad499,CY-1300,9136f5b1-735c-47de-9fd8-00c325acfdbd,CY-1250,eb5a58bf-306e-4501-ad5e-2633599d2f28,2026-09-01T15:55-16:00Z
e53b21c9-22e0-4f97-8e4f-9bcbf46e310b,CY-1300,9136f5b1-735c-47de-9fd8-00c325acfdbd,CY-1250,eb5a58bf-306e-4501-ad5e-2633599d2f28,2026-09-01T15:55-16:00Z
e55e6d6d-aa8d-4ecc-93fa-e790c1a3a526,CY-1300,9136f5b1-735c-47de-9fd8-00c325acfdbd,CY-1250,eb5a58bf-306e-4501-ad5e-2633599d2f28,2026-09-01T15:55-16:00Z
e57bb6d3-6a94-40d7-81ea-08bea35be7f7,CY-1300,9136f5b1-735c-47de-9fd8-00c325acfdbd,CY-1250,eb5a58bf-306e-4501-ad5e-2633599d2f28,2026-09-01T15:55-16:00Z
e5ab9f92-9b2f-4c53-98fd-6ee1778bc3b5,CY-1300,9136f5b1-735c-47de-9fd8-00c325acfdbd,CY-1250,eb5a58bf-306e-4501-ad5e-2633599d2f28,2026-09-01T15:55-16:00Z
e5c853b3-742f-4fdc-95ad-19f456e980e2,CY-1300,9136f5b1-735c-47de-9fd8-00c325acfdbd,CY-1250,eb5a58bf-306e-4501-ad5e-2633599d2f28,2026-09-01T15:55-16:00Z
e633861b-5b6f-4f85-8f97-310c10338788,CY-1300,9136f5b1-735c-47de-9fd8-00c325acfdbd,CY-1250,eb5a58bf-306e-4501-ad5e-2633599d2f28,2026-09-01T15:55-16:00Z
e67413ce-4f95-4320-9ce6-b9d9a1c3683d,CY-1300,9136f5b1-735c-47de-9fd8-00c325acfdbd,CY-1250,eb5a58bf-306e-4501-ad5e-2633599d2f28,2026-09-01T15:55-16:00Z
e68ba8e1-9ee0-43e6-89ab-39f3b03ae872,CY-1300,9136f5b1-735c-47de-9fd8-00c325acfdbd,CY-1250,eb5a58bf-306e-4501-ad5e-2633599d2f28,2026-09-01T15:55-16:00Z
e6c5f078-40b9-4b07-94ec-f6f3e6d23e08,CY-1300,9136f5b1-735c-47de-9fd8-00c325acfdbd,CY-1250,eb5a58bf-306e-4501-ad5e-2633599d2f28,2026-09-01T15:55-16:00Z
e6c653f0-1e90-476b-b8d8-2cd24ac818c3,CY-1300,9136f5b1-735c-47de-9fd8-00c325acfdbd,CY-1250,eb5a58bf-306e-4501-ad5e-2633599d2f28,2026-09-01T15:55-16:00Z
e73a75a3-9eec-457e-aec4-77e458c27230,CY-1300,9136f5b1-735c-47de-9fd8-00c325acfdbd,CY-1250,eb5a58bf-306e-4501-ad5e-2633599d2f28,2026-09-01T15:55-16:00Z
e7614480-c8f6-4f47-a5ce-67e1b5f4c3e2,CY-1300,9136f5b1-735c-47de-9fd8-00c325acfdbd,CY-1250,eb5a58bf-306e-4501-ad5e-2633599d2f28,2026-09-01T15:55-16:00Z
e78cd1c2-ad22-4092-afc7-d46201fad09e,CY-1300,9136f5b1-735c-47de-9fd8-00c325acfdbd,CY-1250,eb5a58bf-306e-4501-ad5e-2633599d2f28,2026-09-01T15:55-16:00Z
e7b4d5a8-1333-435f-b0e2-d902ce8eee20,CY-1300,9136f5b1-735c-47de-9fd8-00c325acfdbd,CY-1250,eb5a58bf-306e-4501-ad5e-2633599d2f28,2026-09-01T15:55-16:00Z
e80ab1d4-9c20-4857-b2b7-105a62756f06,CY-1300,9136f5b1-735c-47de-9fd8-00c325acfdbd,CY-1250,eb5a58bf-306e-4501-ad5e-2633599d2f28,2026-09-01T15:55-16:00Z
e848efe6-6b67-4ac2-b32a-3543c06fcbc4,CY-1300,9136f5b1-735c-47de-9fd8-00c325acfdbd,CY-1250,eb5a58bf-306e-4501-ad5e-2633599d2f28,2026-09-01T15:55-16:00Z
e8610ebc-ac7e-4b09-8f28-f5e06216b203,CY-1300,9136f5b1-735c-47de-9fd8-00c325acfdbd,CY-1250,eb5a58bf-306e-4501-ad5e-2633599d2f28,2026-09-01T15:55-16:00Z
e88ef0ff-07c6-4156-9c5f-8828f5a6dc2d,CY-1300,9136f5b1-735c-47de-9fd8-00c325acfdbd,CY-1250,eb5a58bf-306e-4501-ad5e-2633599d2f28,2026-09-01T15:55-16:00Z
e8b85eb6-c150-43ad-9756-056b3fcf9f37,CY-1300,9136f5b1-735c-47de-9fd8-00c325acfdbd,CY-1250,eb5a58bf-306e-4501-ad5e-2633599d2f28,2026-09-01T15:55-16:00Z
e921c720-77ef-4d6f-80ea-8d5e79643aa6,CY-1300,9136f5b1-735c-47de-9fd8-00c325acfdbd,CY-1250,eb5a58bf-306e-4501-ad5e-2633599d2f28,2026-09-01T15:55-16:00Z
e933451c-d70b-43ac-85b1-af2875a36f52,CY-1300,9136f5b1-735c-47de-9fd8-00c325acfdbd,CY-1250,eb5a58bf-306e-4501-ad5e-2633599d2f28,2026-09-01T15:55-16:00Z
e95b1f0b-6db0-4516-a6be-06cf2b975bce,CY-1300,9136f5b1-735c-47de-9fd8-00c325acfdbd,CY-1250,eb5a58bf-306e-4501-ad5e-2633599d2f28,2026-09-01T15:55-16:00Z
e98b1205-54ff-48e7-8241-141cae8930c6,CY-1300,9136f5b1-735c-47de-9fd8-00c325acfdbd,CY-1250,eb5a58bf-306e-4501-ad5e-2633599d2f28,2026-09-01T15:55-16:00Z
ea00b195-be9a-4f92-9b09-5b8eb89e9e1a,CY-1300,9136f5b1-735c-47de-9fd8-00c325acfdbd,CY-1250,eb5a58bf-306e-4501-ad5e-2633599d2f28,2026-09-01T15:55-16:00Z
ea026374-c128-4fdc-9d3d-d2dcc62ceafd,CY-1300,9136f5b1-735c-47de-9fd8-00c325acfdbd,CY-1250,eb5a58bf-306e-4501-ad5e-2633599d2f28,2026-09-01T15:55-16:00Z
ea584de4-caac-4786-9354-8ecdda624a7f,CY-1300,9136f5b1-735c-47de-9fd8-00c325acfdbd,CY-1250,eb5a58bf-306e-4501-ad5e-2633599d2f28,2026-09-01T15:55-16:00Z
eb03eadb-1cca-4ae3-834e-235b1db3023f,CY-1300,9136f5b1-735c-47de-9fd8-00c325acfdbd,CY-1250,eb5a58bf-306e-4501-ad5e-2633599d2f28,2026-09-01T15:55-16:00Z
eb086f4e-a364-4206-9a34-13cd96664d05,CY-1300,9136f5b1-735c-47de-9fd8-00c325acfdbd,CY-1250,eb5a58bf-306e-4501-ad5e-2633599d2f28,2026-09-01T15:55-16:00Z
ec0f6ed2-261d-47e6-98e4-d821d2b943f5,CY-1300,9136f5b1-735c-47de-9fd8-00c325acfdbd,CY-1250,eb5a58bf-306e-4501-ad5e-2633599d2f28,2026-09-01T15:55-16:00Z
ec13c330-590d-45c3-9cb5-e1cabe720eec,CY-1300,9136f5b1-735c-47de-9fd8-00c325acfdbd,CY-1250,eb5a58bf-306e-4501-ad5e-2633599d2f28,2026-09-01T15:55-16:00Z
ec15ccb7-e47f-4fc1-9d7c-1af1d58baf76,CY-1300,9136f5b1-735c-47de-9fd8-00c325acfdbd,CY-1250,eb5a58bf-306e-4501-ad5e-2633599d2f28,2026-09-01T15:55-16:00Z
ec4ca98c-db92-4272-abf1-ef88a9c8bc42,CY-1300,9136f5b1-735c-47de-9fd8-00c325acfdbd,CY-1250,eb5a58bf-306e-4501-ad5e-2633599d2f28,2026-09-01T15:55-16:00Z
ec590370-f53b-4fce-9cbe-c978ec60c7ca,CY-1300,9136f5b1-735c-47de-9fd8-00c325acfdbd,CY-1250,eb5a58bf-306e-4501-ad5e-2633599d2f28,2026-09-01T15:55-16:00Z
ecd53176-1bca-4535-a27e-446874ffe7a0,CY-1300,9136f5b1-735c-47de-9fd8-00c325acfdbd,CY-1250,eb5a58bf-306e-4501-ad5e-2633599d2f28,2026-09-01T15:55-16:00Z
ecde08a5-7d6d-489c-b6b2-376e5a9020c7,CY-1300,9136f5b1-735c-47de-9fd8-00c325acfdbd,CY-1250,eb5a58bf-306e-4501-ad5e-2633599d2f28,2026-09-01T15:55-16:00Z
ed540bdd-738d-44bf-aca5-ac382c90465c,CY-1300,9136f5b1-735c-47de-9fd8-00c325acfdbd,CY-1250,eb5a58bf-306e-4501-ad5e-2633599d2f28,2026-09-01T15:55-16:00Z
ed565595-bf63-46c3-8d69-9f9d8bc12b20,CY-1300,9136f5b1-735c-47de-9fd8-00c325acfdbd,CY-1250,eb5a58bf-306e-4501-ad5e-2633599d2f28,2026-09-01T15:55-16:00Z
eddde288-a493-4438-b5cd-b4b8936930a3,CY-1300,9136f5b1-735c-47de-9fd8-00c325acfdbd,CY-1250,eb5a58bf-306e-4501-ad5e-2633599d2f28,2026-09-01T15:55-16:00Z
ee0f7d1d-e03f-4ce3-bf2c-13452f36940b,CY-1300,9136f5b1-735c-47de-9fd8-00c325acfdbd,CY-1250,eb5a58bf-306e-4501-ad5e-2633599d2f28,2026-09-01T15:55-16:00Z
ee439274-f726-44b3-80d8-675691a48572,CY-1300,9136f5b1-735c-47de-9fd8-00c325acfdbd,CY-1250,eb5a58bf-306e-4501-ad5e-2633599d2f28,2026-09-01T15:55-16:00Z
ee54b40e-4ed8-469e-bb72-1273b4e81a09,CY-1300,9136f5b1-735c-47de-9fd8-00c325acfdbd,CY-1250,eb5a58bf-306e-4501-ad5e-2633599d2f28,2026-09-01T15:55-16:00Z
ee80a763-d986-436d-8f97-232b7dc115f8,CY-1300,9136f5b1-735c-47de-9fd8-00c325acfdbd,CY-1250,eb5a58bf-306e-4501-ad5e-2633599d2f28,2026-09-01T15:55-16:00Z
ee86f064-7a6b-43ed-a768-850fd38c87b1,CY-1300,9136f5b1-735c-47de-9fd8-00c325acfdbd,CY-1250,eb5a58bf-306e-4501-ad5e-2633599d2f28,2026-09-01T15:55-16:00Z
eed26d60-9532-4d4b-90cf-488710aed304,CY-1300,9136f5b1-735c-47de-9fd8-00c325acfdbd,CY-1250,eb5a58bf-306e-4501-ad5e-2633599d2f28,2026-09-01T15:55-16:00Z
ef3f8543-adae-411b-805e-477a547144b7,CY-1300,9136f5b1-735c-47de-9fd8-00c325acfdbd,CY-1250,eb5a58bf-306e-4501-ad5e-2633599d2f28,2026-09-01T15:55-16:00Z
ef679479-f848-45de-867b-303f4059bbf9,CY-1300,9136f5b1-735c-47de-9fd8-00c325acfdbd,CY-1250,eb5a58bf-306e-4501-ad5e-2633599d2f28,2026-09-01T15:55-16:00Z
ef72c108-0d87-4d22-a953-d59bb55d6d8d,CY-1300,9136f5b1-735c-47de-9fd8-00c325acfdbd,CY-1250,eb5a58bf-306e-4501-ad5e-2633599d2f28,2026-09-01T15:55-16:00Z
efc2201f-d0b2-408f-a00a-01c1e78af890,CY-1300,9136f5b1-735c-47de-9fd8-00c325acfdbd,CY-1250,eb5a58bf-306e-4501-ad5e-2633599d2f28,2026-09-01T15:55-16:00Z
f000b513-3b9b-48e2-a6b0-2e3b63b0f3a2,CY-1300,9136f5b1-735c-47de-9fd8-00c325acfdbd,CY-1250,eb5a58bf-306e-4501-ad5e-2633599d2f28,2026-09-01T15:55-16:00Z
f00accc8-5179-4c73-b511-23a9bcf26843,CY-1300,9136f5b1-735c-47de-9fd8-00c325acfdbd,CY-1250,eb5a58bf-306e-4501-ad5e-2633599d2f28,2026-09-01T15:55-16:00Z
f014eab3-4196-48b9-938d-68e4ea8e27e3,CY-1300,9136f5b1-735c-47de-9fd8-00c325acfdbd,CY-1250,eb5a58bf-306e-4501-ad5e-2633599d2f28,2026-09-01T15:55-16:00Z
f024e876-a6bc-4e2e-9233-cf43028bc6f6,CY-1300,9136f5b1-735c-47de-9fd8-00c325acfdbd,CY-1250,eb5a58bf-306e-4501-ad5e-2633599d2f28,2026-09-01T15:55-16:00Z
f029c0bd-3ee7-40bf-a937-29aa4fdd8149,CY-1300,9136f5b1-735c-47de-9fd8-00c325acfdbd,CY-1250,eb5a58bf-306e-4501-ad5e-2633599d2f28,2026-09-01T15:55-16:00Z
f04f2885-2535-48c9-8a5b-2fb685f474a7,CY-1300,9136f5b1-735c-47de-9fd8-00c325acfdbd,CY-1250,eb5a58bf-306e-4501-ad5e-2633599d2f28,2026-09-01T15:55-16:00Z
f0521008-fc6a-4e8f-a0f0-46cb1d02f26f,CY-1300,9136f5b1-735c-47de-9fd8-00c325acfdbd,CY-1250,eb5a58bf-306e-4501-ad5e-2633599d2f28,2026-09-01T15:55-16:00Z
f17535ff-40fa-41a2-94eb-c262dc2fbda8,CY-1300,9136f5b1-735c-47de-9fd8-00c325acfdbd,CY-1250,eb5a58bf-306e-4501-ad5e-2633599d2f28,2026-09-01T15:55-16:00Z
f1f6ffd1-2a5c-4610-b817-5e64bb969518,CY-1300,9136f5b1-735c-47de-9fd8-00c325acfdbd,CY-1250,eb5a58bf-306e-4501-ad5e-2633599d2f28,2026-09-01T15:55-16:00Z
f24075c3-2679-45a1-a4a7-0e7aead98b67,CY-1300,9136f5b1-735c-47de-9fd8-00c325acfdbd,CY-1250,eb5a58bf-306e-4501-ad5e-2633599d2f28,2026-09-01T15:55-16:00Z
f2a02832-f023-4195-a4dc-fdc2b452d556,CY-1300,9136f5b1-735c-47de-9fd8-00c325acfdbd,CY-1250,eb5a58bf-306e-4501-ad5e-2633599d2f28,2026-09-01T15:55-16:00Z
f2b2c252-ae2e-4a21-b523-dc7e0b0dadd4,CY-1300,9136f5b1-735c-47de-9fd8-00c325acfdbd,CY-1250,eb5a58bf-306e-4501-ad5e-2633599d2f28,2026-09-01T15:55-16:00Z
f2c3af63-c197-4326-8230-78e6dbe628a8,CY-1300,9136f5b1-735c-47de-9fd8-00c325acfdbd,CY-1250,eb5a58bf-306e-4501-ad5e-2633599d2f28,2026-09-01T15:55-16:00Z
f2d39d14-d50e-4f6e-9684-cf57a1910f29,CY-1300,9136f5b1-735c-47de-9fd8-00c325acfdbd,CY-1250,eb5a58bf-306e-4501-ad5e-2633599d2f28,2026-09-01T15:55-16:00Z
f2e8ad2e-af09-41b4-9648-3e87b32473af,CY-1300,9136f5b1-735c-47de-9fd8-00c325acfdbd,CY-1250,eb5a58bf-306e-4501-ad5e-2633599d2f28,2026-09-01T15:55-16:00Z
f2f92fe5-c6b8-43b6-82fe-463c4de95fcc,CY-1300,9136f5b1-735c-47de-9fd8-00c325acfdbd,CY-1250,eb5a58bf-306e-4501-ad5e-2633599d2f28,2026-09-01T15:55-16:00Z
f31149c5-2914-4147-a5fb-b0553b0b3d4a,CY-1300,9136f5b1-735c-47de-9fd8-00c325acfdbd,CY-1250,eb5a58bf-306e-4501-ad5e-2633599d2f28,2026-09-01T15:55-16:00Z
f317231b-2c47-459c-919a-910cfd7e3e2c,CY-1300,9136f5b1-735c-47de-9fd8-00c325acfdbd,CY-1250,eb5a58bf-306e-4501-ad5e-2633599d2f28,2026-09-01T15:55-16:00Z
f33c8a58-0370-4241-90da-4de4c41ec8ca,CY-1300,9136f5b1-735c-47de-9fd8-00c325acfdbd,CY-1250,eb5a58bf-306e-4501-ad5e-2633599d2f28,2026-09-01T15:55-16:00Z
f39a1755-5ef3-4ff4-8dc1-22277745af08,CY-1300,9136f5b1-735c-47de-9fd8-00c325acfdbd,CY-1250,eb5a58bf-306e-4501-ad5e-2633599d2f28,2026-09-01T15:55-16:00Z
f3a7cc29-98af-41c3-889b-1acc4149e474,CY-1300,9136f5b1-735c-47de-9fd8-00c325acfdbd,CY-1250,eb5a58bf-306e-4501-ad5e-2633599d2f28,2026-09-01T15:55-16:00Z
f4110e8e-cb69-4c4c-b383-17370f2b85d6,CY-1300,9136f5b1-735c-47de-9fd8-00c325acfdbd,CY-1250,eb5a58bf-306e-4501-ad5e-2633599d2f28,2026-09-01T15:55-16:00Z
f42ddc41-9d1b-490a-9f92-8fd46a7627e9,CY-1300,9136f5b1-735c-47de-9fd8-00c325acfdbd,CY-1250,eb5a58bf-306e-4501-ad5e-2633599d2f28,2026-09-01T15:55-16:00Z
f4532d6f-347d-47de-9f6f-8c413c203167,CY-1300,9136f5b1-735c-47de-9fd8-00c325acfdbd,CY-1250,eb5a58bf-306e-4501-ad5e-2633599d2f28,2026-09-01T15:55-16:00Z
f55a6754-0e9c-4ee3-8760-b0863988ebd1,CY-1300,9136f5b1-735c-47de-9fd8-00c325acfdbd,CY-1250,eb5a58bf-306e-4501-ad5e-2633599d2f28,2026-09-01T15:55-16:00Z
f593da81-6774-453e-8887-9b452be3fa7a,CY-1300,9136f5b1-735c-47de-9fd8-00c325acfdbd,CY-1250,eb5a58bf-306e-4501-ad5e-2633599d2f28,2026-09-01T15:55-16:00Z
f5cd1ba9-c20e-4907-ae3f-0bb83e6ed602,CY-1300,9136f5b1-735c-47de-9fd8-00c325acfdbd,CY-1250,eb5a58bf-306e-4501-ad5e-2633599d2f28,2026-09-01T15:55-16:00Z
f636a401-c78d-4a1e-9e7b-4fdfc6a85ed0,CY-1300,9136f5b1-735c-47de-9fd8-00c325acfdbd,CY-1250,eb5a58bf-306e-4501-ad5e-2633599d2f28,2026-09-01T15:55-16:00Z
f64204a9-b656-4a28-a4a9-860210c31725,CY-1300,9136f5b1-735c-47de-9fd8-00c325acfdbd,CY-1250,eb5a58bf-306e-4501-ad5e-2633599d2f28,2026-09-01T15:55-16:00Z
f647ab7c-451d-4886-a8ba-cfb8163a78ee,CY-1300,9136f5b1-735c-47de-9fd8-00c325acfdbd,CY-1250,eb5a58bf-306e-4501-ad5e-2633599d2f28,2026-09-01T15:55-16:00Z
f6df048c-33df-4db0-af7d-25c0a08c98d4,CY-1300,9136f5b1-735c-47de-9fd8-00c325acfdbd,CY-1250,eb5a58bf-306e-4501-ad5e-2633599d2f28,2026-09-01T15:55-16:00Z
f703021b-8488-4767-966c-4f2a8509f6fe,CY-1300,9136f5b1-735c-47de-9fd8-00c325acfdbd,CY-1250,eb5a58bf-306e-4501-ad5e-2633599d2f28,2026-09-01T15:55-16:00Z
f75044de-86ed-4e0d-9055-5f49fab86f11,CY-1300,9136f5b1-735c-47de-9fd8-00c325acfdbd,CY-1250,eb5a58bf-306e-4501-ad5e-2633599d2f28,2026-09-01T15:55-16:00Z
f7a15716-3037-4495-b4db-7c00760fe655,CY-1300,9136f5b1-735c-47de-9fd8-00c325acfdbd,CY-1250,eb5a58bf-306e-4501-ad5e-2633599d2f28,2026-09-01T15:55-16:00Z
f7b0b571-b713-41a0-ae91-613d36a29fc4,CY-1300,9136f5b1-735c-47de-9fd8-00c325acfdbd,CY-1250,eb5a58bf-306e-4501-ad5e-2633599d2f28,2026-09-01T15:55-16:00Z
f7b43a47-bf51-4999-bf26-9b932b200b30,CY-1300,9136f5b1-735c-47de-9fd8-00c325acfdbd,CY-1250,eb5a58bf-306e-4501-ad5e-2633599d2f28,2026-09-01T15:55-16:00Z
f7c457ba-e346-4648-9dd3-25410d47ba18,CY-1300,9136f5b1-735c-47de-9fd8-00c325acfdbd,CY-1250,eb5a58bf-306e-4501-ad5e-2633599d2f28,2026-09-01T15:55-16:00Z
f7db0663-278a-49e1-b70e-d7eee45ec878,CY-1300,9136f5b1-735c-47de-9fd8-00c325acfdbd,CY-1250,eb5a58bf-306e-4501-ad5e-2633599d2f28,2026-09-01T15:55-16:00Z
f8498096-9f13-4a89-9c2d-cba7e42f1f74,CY-1300,9136f5b1-735c-47de-9fd8-00c325acfdbd,CY-1250,eb5a58bf-306e-4501-ad5e-2633599d2f28,2026-09-01T15:55-16:00Z
f8a3022d-e627-478b-ae51-7ffcc17cb072,CY-1300,9136f5b1-735c-47de-9fd8-00c325acfdbd,CY-1250,eb5a58bf-306e-4501-ad5e-2633599d2f28,2026-09-01T15:55-16:00Z
f8b4c30a-49c8-4912-9d0e-0e860bff213a,CY-1300,9136f5b1-735c-47de-9fd8-00c325acfdbd,CY-1250,eb5a58bf-306e-4501-ad5e-2633599d2f28,2026-09-01T15:55-16:00Z
f8ceb211-37dc-4253-9365-32db7797a92a,CY-1300,9136f5b1-735c-47de-9fd8-00c325acfdbd,CY-1250,eb5a58bf-306e-4501-ad5e-2633599d2f28,2026-09-01T15:55-16:00Z
f8d8aae5-7ef0-4463-9168-b42be598549e,CY-1300,9136f5b1-735c-47de-9fd8-00c325acfdbd,CY-1250,eb5a58bf-306e-4501-ad5e-2633599d2f28,2026-09-01T15:55-16:00Z
f93bf4c1-9250-453a-8b5d-2f7d6125b3af,CY-1300,9136f5b1-735c-47de-9fd8-00c325acfdbd,CY-1250,eb5a58bf-306e-4501-ad5e-2633599d2f28,2026-09-01T15:55-16:00Z
f985bd43-dbea-437b-bd13-8192eb0754cd,CY-1300,9136f5b1-735c-47de-9fd8-00c325acfdbd,CY-1250,eb5a58bf-306e-4501-ad5e-2633599d2f28,2026-09-01T15:55-16:00Z
f993e822-67c8-4acb-ae78-18ea9b0a52a5,CY-1300,9136f5b1-735c-47de-9fd8-00c325acfdbd,CY-1250,eb5a58bf-306e-4501-ad5e-2633599d2f28,2026-09-01T15:55-16:00Z
f996c743-3a4c-49f8-b893-4bcc4b0c096d,CY-1300,9136f5b1-735c-47de-9fd8-00c325acfdbd,CY-1250,eb5a58bf-306e-4501-ad5e-2633599d2f28,2026-09-01T15:55-16:00Z
f9ec11d6-1b30-49ee-b664-978b558c5c97,CY-1300,9136f5b1-735c-47de-9fd8-00c325acfdbd,CY-1250,eb5a58bf-306e-4501-ad5e-2633599d2f28,2026-09-01T15:55-16:00Z
fa169436-98d2-4162-a8b5-d9a08602cf47,CY-1300,9136f5b1-735c-47de-9fd8-00c325acfdbd,CY-1250,eb5a58bf-306e-4501-ad5e-2633599d2f28,2026-09-01T15:55-16:00Z
fa580187-36f5-4cca-bf50-91da4a53545a,CY-1300,9136f5b1-735c-47de-9fd8-00c325acfdbd,CY-1250,eb5a58bf-306e-4501-ad5e-2633599d2f28,2026-09-01T15:55-16:00Z
fa6be6b1-9137-426b-93bb-ae6a5d77347e,CY-1300,9136f5b1-735c-47de-9fd8-00c325acfdbd,CY-1250,eb5a58bf-306e-4501-ad5e-2633599d2f28,2026-09-01T15:55-16:00Z
fad99dc7-095b-419d-bcf6-842d28eaf05d,CY-1300,9136f5b1-735c-47de-9fd8-00c325acfdbd,CY-1250,eb5a58bf-306e-4501-ad5e-2633599d2f28,2026-09-01T15:55-16:00Z
faedf918-39b2-4184-a7b2-742a53f50dce,CY-1300,9136f5b1-735c-47de-9fd8-00c325acfdbd,CY-1250,eb5a58bf-306e-4501-ad5e-2633599d2f28,2026-09-01T15:55-16:00Z
fafae21e-b9a4-4a4c-87af-2b997efb9124,CY-1300,9136f5b1-735c-47de-9fd8-00c325acfdbd,CY-1250,eb5a58bf-306e-4501-ad5e-2633599d2f28,2026-09-01T15:55-16:00Z
fb168f9c-b96b-46ee-b117-4e72fc36e893,CY-1300,9136f5b1-735c-47de-9fd8-00c325acfdbd,CY-1250,eb5a58bf-306e-4501-ad5e-2633599d2f28,2026-09-01T15:55-16:00Z
fb5eb438-5064-4ac3-a419-9505d91f3182,CY-1300,9136f5b1-735c-47de-9fd8-00c325acfdbd,CY-1250,eb5a58bf-306e-4501-ad5e-2633599d2f28,2026-09-01T15:55-16:00Z
fba5d6b7-3402-42d2-b770-ea57380cc350,CY-1300,9136f5b1-735c-47de-9fd8-00c325acfdbd,CY-1250,eb5a58bf-306e-4501-ad5e-2633599d2f28,2026-09-01T15:55-16:00Z
fbc01292-aff6-4f6a-8539-e47889f80d42,CY-1300,9136f5b1-735c-47de-9fd8-00c325acfdbd,CY-1250,eb5a58bf-306e-4501-ad5e-2633599d2f28,2026-09-01T15:55-16:00Z
fbc67052-5b18-4a0a-9eb0-b766804a7a34,CY-1300,9136f5b1-735c-47de-9fd8-00c325acfdbd,CY-1250,eb5a58bf-306e-4501-ad5e-2633599d2f28,2026-09-01T15:55-16:00Z
fc20b046-903f-4dcb-8471-cab9d2e08d0c,CY-1300,9136f5b1-735c-47de-9fd8-00c325acfdbd,CY-1250,eb5a58bf-306e-4501-ad5e-2633599d2f28,2026-09-01T15:55-16:00Z
fc88bea1-795c-45d4-be19-4f8a548e541b,CY-1300,9136f5b1-735c-47de-9fd8-00c325acfdbd,CY-1250,eb5a58bf-306e-4501-ad5e-2633599d2f28,2026-09-01T15:55-16:00Z
fcb1a7c9-a424-4288-bd33-1cf2df8c4981,CY-1300,9136f5b1-735c-47de-9fd8-00c325acfdbd,CY-1250,eb5a58bf-306e-4501-ad5e-2633599d2f28,2026-09-01T15:55-16:00Z
fccc6e43-3259-4123-a4c0-7d704b3ee763,CY-1300,9136f5b1-735c-47de-9fd8-00c325acfdbd,CY-1250,eb5a58bf-306e-4501-ad5e-2633599d2f28,2026-09-01T15:55-16:00Z
fd64a154-0a02-4515-a5e4-a7819745dfb0,CY-1300,9136f5b1-735c-47de-9fd8-00c325acfdbd,CY-1250,eb5a58bf-306e-4501-ad5e-2633599d2f28,2026-09-01T15:55-16:00Z
fd9baec7-fabe-48e4-8cad-e86538abc010,CY-1300,9136f5b1-735c-47de-9fd8-00c325acfdbd,CY-1250,eb5a58bf-306e-4501-ad5e-2633599d2f28,2026-09-01T15:55-16:00Z
fdda26f4-3595-435c-92b9-fea0492ef393,CY-1300,9136f5b1-735c-47de-9fd8-00c325acfdbd,CY-1250,eb5a58bf-306e-4501-ad5e-2633599d2f28,2026-09-01T15:55-16:00Z
fdfb90f6-9f2c-42b9-8971-f644485d268f,CY-1300,9136f5b1-735c-47de-9fd8-00c325acfdbd,CY-1250,eb5a58bf-306e-4501-ad5e-2633599d2f28,2026-09-01T15:55-16:00Z
fe34412e-81a5-47d1-861d-681999909cd3,CY-1300,9136f5b1-735c-47de-9fd8-00c325acfdbd,CY-1250,eb5a58bf-306e-4501-ad5e-2633599d2f28,2026-09-01T15:55-16:00Z
feb23d66-8798-4233-9f92-3360f0e42bc0,CY-1300,9136f5b1-735c-47de-9fd8-00c325acfdbd,CY-1250,eb5a58bf-306e-4501-ad5e-2633599d2f28,2026-09-01T15:55-16:00Z
fec985d3-7467-4e1c-947e-89b3b447509f,CY-1300,9136f5b1-735c-47de-9fd8-00c325acfdbd,CY-1250,eb5a58bf-306e-4501-ad5e-2633599d2f28,2026-09-01T15:55-16:00Z
ff1d8219-c784-4027-be02-a9c4f8427dcf,CY-1300,9136f5b1-735c-47de-9fd8-00c325acfdbd,CY-1250,eb5a58bf-306e-4501-ad5e-2633599d2f28,2026-09-01T15:55-16:00Z
ff5bf0fc-551c-4fbd-8037-ac1377de8521,CY-1300,9136f5b1-735c-47de-9fd8-00c325acfdbd,CY-1250,eb5a58bf-306e-4501-ad5e-2633599d2f28,2026-09-01T15:55-16:00Z
